{"type":"FeatureCollection","attribution":"geoBoundaries (THA ADM2) · Royal Thai Survey Department / OCHA ROAP, CC BY 3.0 IGO","features":[{"type":"Feature","id":0,"properties":{"id":0,"en":"Akat Amnuai","th":"อากาศอำนวย","prov":"สกลนคร","code":"47"},"geometry":{"type":"MultiPolygon","coordinates":[[[[104.012,17.811],[104.001,17.807],[104,17.789],[103.987,17.789],[103.979,17.771],[103.97,17.78],[103.973,17.785],[103.959,17.775],[103.942,17.785],[103.935,17.807],[103.918,17.822],[103.902,17.813],[103.895,17.738],[103.902,17.73],[103.896,17.719],[103.884,17.715],[103.878,17.692],[103.879,17.677],[103.892,17.66],[103.889,17.604],[103.894,17.581],[103.904,17.57],[103.924,17.56],[103.931,17.562],[103.936,17.549],[103.945,17.546],[103.931,17.534],[103.92,17.534],[103.907,17.518],[103.909,17.504],[103.893,17.473],[103.876,17.465],[103.969,17.467],[103.987,17.473],[103.999,17.464],[104.016,17.464],[104.009,17.486],[104.02,17.487],[104.041,17.527],[104.035,17.564],[104.051,17.574],[104.055,17.593],[104.032,17.618],[104.037,17.635],[104.028,17.639],[104.043,17.646],[104.049,17.638],[104.067,17.644],[104.071,17.667],[104.083,17.671],[104.078,17.674],[104.084,17.684],[104.076,17.679],[104.069,17.684],[104.069,17.694],[104.078,17.697],[104.069,17.7],[104.077,17.707],[104.059,17.726],[104.068,17.724],[104.065,17.747],[104.05,17.738],[104.05,17.748],[104.059,17.755],[104.04,17.769],[104.029,17.768],[104.029,17.758],[104.024,17.758],[104.01,17.792],[104.021,17.798],[104.012,17.811]]]]}},{"type":"Feature","id":1,"properties":{"id":1,"en":"Amphawa","th":"","prov":"","code":"75"},"geometry":{"type":"MultiPolygon","coordinates":[[[[100.014,13.478],[100.003,13.475],[99.999,13.484],[99.988,13.482],[99.985,13.472],[99.978,13.472],[99.979,13.458],[99.957,13.444],[99.947,13.449],[99.94,13.44],[99.919,13.442],[99.91,13.456],[99.899,13.447],[99.891,13.449],[99.891,13.432],[99.869,13.382],[99.852,13.308],[99.86,13.245],[99.877,13.251],[99.89,13.242],[99.887,13.252],[99.881,13.258],[99.887,13.264],[99.91,13.266],[99.91,13.282],[99.931,13.284],[99.918,13.3],[99.947,13.404],[99.966,13.409],[99.976,13.43],[99.97,13.444],[99.984,13.451],[99.984,13.459],[100.001,13.456],[100.006,13.468],[100.016,13.465],[100.014,13.478]]]]}},{"type":"Feature","id":2,"properties":{"id":2,"en":"Ao Luek","th":"อ่าวลึก","prov":"กระบี่","code":"81"},"geometry":{"type":"MultiPolygon","coordinates":[[[[98.638,8.245],[98.642,8.231],[98.643,8.241],[98.638,8.245]]],[[[98.621,8.289],[98.624,8.262],[98.641,8.25],[98.634,8.259],[98.635,8.27],[98.628,8.266],[98.621,8.289]]],[[[98.926,8.448],[98.894,8.446],[98.885,8.438],[98.885,8.421],[98.878,8.417],[98.819,8.427],[98.786,8.45],[98.774,8.434],[98.755,8.456],[98.772,8.486],[98.754,8.492],[98.752,8.503],[98.767,8.539],[98.752,8.544],[98.755,8.55],[98.703,8.563],[98.682,8.551],[98.678,8.521],[98.662,8.49],[98.649,8.483],[98.665,8.459],[98.671,8.459],[98.665,8.455],[98.665,8.427],[98.649,8.421],[98.644,8.411],[98.662,8.385],[98.635,8.375],[98.64,8.35],[98.633,8.345],[98.637,8.329],[98.627,8.316],[98.628,8.283],[98.635,8.276],[98.639,8.285],[98.648,8.273],[98.668,8.292],[98.71,8.317],[98.706,8.288],[98.712,8.286],[98.713,8.266],[98.72,8.259],[98.708,8.225],[98.716,8.221],[98.728,8.255],[98.738,8.259],[98.744,8.255],[98.787,8.264],[98.83,8.282],[98.834,8.288],[98.851,8.287],[98.865,8.27],[98.881,8.273],[98.908,8.294],[98.909,8.317],[98.918,8.327],[98.917,8.341],[98.926,8.355],[98.921,8.371],[98.928,8.378],[98.926,8.448]]]]}},{"type":"Feature","id":3,"properties":{"id":3,"en":"Aranyaprathet","th":"อรัญประเทศ","prov":"สระแก้ว","code":"27"},"geometry":{"type":"MultiPolygon","coordinates":[[[[102.536,13.853],[102.514,13.856],[102.472,13.875],[102.463,13.863],[102.442,13.867],[102.406,13.827],[102.395,13.802],[102.405,13.795],[102.427,13.749],[102.448,13.743],[102.461,13.728],[102.448,13.72],[102.438,13.722],[102.431,13.71],[102.402,13.7],[102.387,13.686],[102.391,13.679],[102.378,13.666],[102.345,13.661],[102.335,13.642],[102.337,13.622],[102.329,13.592],[102.319,13.582],[102.327,13.569],[102.322,13.532],[102.309,13.517],[102.315,13.48],[102.307,13.473],[102.323,13.468],[102.325,13.485],[102.361,13.484],[102.363,13.507],[102.351,13.524],[102.337,13.543],[102.338,13.556],[102.359,13.565],[102.365,13.578],[102.395,13.566],[102.425,13.57],[102.439,13.56],[102.49,13.573],[102.527,13.564],[102.563,13.579],[102.57,13.585],[102.573,13.602],[102.58,13.605],[102.625,13.608],[102.586,13.63],[102.575,13.63],[102.57,13.643],[102.548,13.659],[102.563,13.683],[102.582,13.701],[102.656,13.736],[102.536,13.853]]]]}},{"type":"Feature","id":4,"properties":{"id":4,"en":"At Samat","th":"อาจสามารถ","prov":"ร้อยเอ็ด","code":"45"},"geometry":{"type":"MultiPolygon","coordinates":[[[[103.9,15.939],[103.875,15.951],[103.865,15.942],[103.825,15.933],[103.793,15.912],[103.747,15.921],[103.719,15.915],[103.697,15.864],[103.734,15.845],[103.761,15.84],[103.777,15.831],[103.779,15.822],[103.79,15.809],[103.811,15.815],[103.836,15.809],[103.82,15.786],[103.847,15.788],[103.868,15.765],[103.923,15.741],[103.943,15.705],[103.975,15.726],[103.995,15.751],[103.995,15.762],[103.966,15.782],[103.991,15.8],[103.992,15.81],[103.988,15.802],[103.981,15.802],[103.987,15.812],[103.98,15.81],[103.971,15.824],[103.978,15.829],[103.96,15.843],[103.958,15.856],[103.967,15.864],[103.961,15.867],[103.946,15.86],[103.948,15.869],[103.957,15.871],[103.943,15.874],[103.934,15.889],[103.908,15.9],[103.91,15.911],[103.9,15.939]]]]}},{"type":"Feature","id":5,"properties":{"id":5,"en":"Bacho","th":"บาเจาะ","prov":"นราธิวาส","code":"96"},"geometry":{"type":"MultiPolygon","coordinates":[[[[101.709,6.569],[101.669,6.574],[101.647,6.618],[101.634,6.622],[101.631,6.635],[101.627,6.625],[101.626,6.633],[101.613,6.633],[101.576,6.618],[101.578,6.594],[101.597,6.581],[101.592,6.566],[101.609,6.544],[101.591,6.523],[101.591,6.512],[101.605,6.502],[101.608,6.491],[101.636,6.472],[101.663,6.472],[101.689,6.481],[101.727,6.513],[101.719,6.54],[101.723,6.545],[101.709,6.569]]]]}},{"type":"Feature","id":6,"properties":{"id":6,"en":"Bamnet Narong","th":"บำเหน็จณรงค์","prov":"ชัยภูมิ","code":"36"},"geometry":{"type":"MultiPolygon","coordinates":[[[[101.731,15.537],[101.726,15.543],[101.681,15.544],[101.665,15.537],[101.636,15.555],[101.623,15.55],[101.616,15.559],[101.609,15.554],[101.595,15.566],[101.587,15.563],[101.569,15.57],[101.553,15.562],[101.542,15.567],[101.517,15.562],[101.523,15.539],[101.504,15.517],[101.532,15.5],[101.536,15.491],[101.531,15.475],[101.537,15.475],[101.543,15.457],[101.552,15.459],[101.556,15.448],[101.589,15.42],[101.583,15.408],[101.557,15.409],[101.543,15.402],[101.566,15.372],[101.606,15.381],[101.619,15.37],[101.657,15.402],[101.686,15.392],[101.702,15.394],[101.72,15.385],[101.779,15.384],[101.802,15.403],[101.806,15.413],[101.799,15.424],[101.808,15.438],[101.779,15.465],[101.775,15.484],[101.765,15.485],[101.736,15.513],[101.731,15.537]]]]}},{"type":"Feature","id":7,"properties":{"id":7,"en":"Ban Bueng","th":"บ้านบึง","prov":"ชลบุรี","code":"20"},"geometry":{"type":"MultiPolygon","coordinates":[[[[101.136,13.376],[101.129,13.376],[101.129,13.36],[101.124,13.36],[101.115,13.362],[101.116,13.377],[101.096,13.373],[101.098,13.38],[101.064,13.39],[101.056,13.378],[101.066,13.371],[101.07,13.355],[101.045,13.363],[101.039,13.359],[101.058,13.347],[101.052,13.342],[101.067,13.327],[101.073,13.309],[101.073,13.294],[101.052,13.269],[101.062,13.253],[101.063,13.222],[101.075,13.218],[101.071,13.203],[101.092,13.183],[101.128,13.18],[101.143,13.163],[101.15,13.137],[101.166,13.129],[101.168,13.122],[101.18,13.12],[101.211,13.09],[101.256,13.094],[101.249,13.108],[101.251,13.127],[101.244,13.132],[101.251,13.147],[101.248,13.179],[101.258,13.184],[101.274,13.172],[101.3,13.186],[101.311,13.2],[101.299,13.212],[101.311,13.239],[101.321,13.245],[101.308,13.269],[101.318,13.282],[101.292,13.307],[101.225,13.333],[101.223,13.341],[101.209,13.342],[101.199,13.351],[101.193,13.371],[101.183,13.378],[101.177,13.365],[101.159,13.378],[101.138,13.377],[101.141,13.366],[101.136,13.376]]]]}},{"type":"Feature","id":8,"properties":{"id":8,"en":"Ban Chang","th":"บ้านฉาง","prov":"ระยอง","code":"21"},"geometry":{"type":"MultiPolygon","coordinates":[[[[101.094,12.804],[101.065,12.82],[101.036,12.812],[101.017,12.797],[101.012,12.772],[101.015,12.759],[101.001,12.731],[100.991,12.727],[100.995,12.714],[100.984,12.694],[100.99,12.685],[100.992,12.656],[101.097,12.678],[101.096,12.696],[101.106,12.71],[101.1,12.747],[101.086,12.763],[101.095,12.773],[101.089,12.791],[101.095,12.795],[101.094,12.804]]]]}},{"type":"Feature","id":9,"properties":{"id":9,"en":"Ban Dan","th":"บ้านด่าน","prov":"บุรีรัมย์","code":"31"},"geometry":{"type":"MultiPolygon","coordinates":[[[[103.255,15.111],[103.256,15.121],[103.241,15.125],[103.25,15.147],[103.175,15.174],[103.17,15.197],[103.156,15.218],[103.156,15.237],[103.134,15.24],[103.13,15.221],[103.129,15.203],[103.147,15.18],[103.148,15.165],[103.151,15.152],[103.129,15.138],[103.132,15.078],[103.187,15.071],[103.2,15.044],[103.245,15.038],[103.245,15.064],[103.259,15.088],[103.255,15.111]]]]}},{"type":"Feature","id":10,"properties":{"id":10,"en":"Ban Dan Lan Hoi","th":"บ้านด่านลานหอย","prov":"สุโขทัย","code":"64"},"geometry":{"type":"MultiPolygon","coordinates":[[[[99.455,17.255],[99.441,17.252],[99.445,17.242],[99.44,17.229],[99.429,17.232],[99.419,17.226],[99.42,17.218],[99.401,17.22],[99.39,17.206],[99.374,17.21],[99.372,17.229],[99.34,17.267],[99.315,17.27],[99.322,17.248],[99.312,17.188],[99.319,17.165],[99.314,17.146],[99.33,17.138],[99.32,17.119],[99.331,17.1],[99.339,17.093],[99.36,17.091],[99.371,17.097],[99.385,17.082],[99.394,17.082],[99.387,17.062],[99.395,17.021],[99.417,17.019],[99.436,16.978],[99.458,16.977],[99.467,16.983],[99.452,16.962],[99.437,16.954],[99.445,16.943],[99.442,16.933],[99.454,16.927],[99.457,16.916],[99.438,16.902],[99.433,16.876],[99.448,16.87],[99.45,16.875],[99.46,16.881],[99.474,16.905],[99.489,16.911],[99.497,16.893],[99.514,16.882],[99.517,16.858],[99.531,16.825],[99.542,16.84],[99.545,16.862],[99.56,16.853],[99.571,16.86],[99.572,16.835],[99.581,16.819],[99.578,16.807],[99.605,16.785],[99.611,16.823],[99.633,16.861],[99.624,16.906],[99.608,16.91],[99.619,16.918],[99.622,16.957],[99.617,16.959],[99.614,16.981],[99.624,16.99],[99.618,17.013],[99.636,17.05],[99.647,17.057],[99.638,17.077],[99.631,17.125],[99.597,17.125],[99.581,17.155],[99.54,17.169],[99.529,17.177],[99.529,17.187],[99.518,17.199],[99.482,17.202],[99.464,17.223],[99.455,17.255]]]]}},{"type":"Feature","id":11,"properties":{"id":11,"en":"Ban Dung","th":"บ้านดุง","prov":"อุดรธานี","code":"41"},"geometry":{"type":"MultiPolygon","coordinates":[[[[103.4,17.905],[103.394,17.901],[103.398,17.885],[103.39,17.87],[103.373,17.875],[103.376,17.867],[103.367,17.858],[103.342,17.851],[103.329,17.824],[103.291,17.831],[103.269,17.849],[103.266,17.865],[103.24,17.886],[103.239,17.88],[103.221,17.87],[103.208,17.873],[103.2,17.866],[103.191,17.872],[103.175,17.854],[103.167,17.816],[103.16,17.806],[103.148,17.806],[103.132,17.816],[103.136,17.825],[103.127,17.826],[103.126,17.819],[103.12,17.817],[103.125,17.812],[103.124,17.802],[103.118,17.802],[103.121,17.795],[103.107,17.78],[103.111,17.771],[103.122,17.776],[103.133,17.751],[103.122,17.745],[103.117,17.73],[103.124,17.728],[103.114,17.719],[103.12,17.694],[103.097,17.663],[103.105,17.65],[103.095,17.644],[103.102,17.637],[103.112,17.637],[103.105,17.63],[103.117,17.619],[103.125,17.625],[103.14,17.623],[103.168,17.58],[103.227,17.582],[103.231,17.542],[103.224,17.53],[103.234,17.521],[103.26,17.512],[103.271,17.531],[103.258,17.551],[103.298,17.552],[103.312,17.558],[103.32,17.549],[103.323,17.555],[103.331,17.551],[103.34,17.57],[103.337,17.577],[103.355,17.59],[103.367,17.588],[103.374,17.579],[103.376,17.593],[103.411,17.595],[103.397,17.618],[103.402,17.621],[103.399,17.652],[103.407,17.668],[103.401,17.685],[103.406,17.711],[103.401,17.719],[103.411,17.729],[103.404,17.734],[103.409,17.734],[103.402,17.757],[103.384,17.753],[103.367,17.79],[103.377,17.793],[103.374,17.802],[103.382,17.809],[103.375,17.814],[103.39,17.829],[103.38,17.84],[103.398,17.843],[103.395,17.833],[103.4,17.831],[103.402,17.843],[103.413,17.834],[103.423,17.842],[103.405,17.85],[103.398,17.846],[103.394,17.856],[103.407,17.859],[103.406,17.877],[103.418,17.882],[103.413,17.901],[103.4,17.905]]]]}},{"type":"Feature","id":12,"properties":{"id":12,"en":"Ban Fang","th":"","prov":"","code":"40"},"geometry":{"type":"MultiPolygon","coordinates":[[[[102.697,16.633],[102.687,16.653],[102.67,16.659],[102.622,16.661],[102.579,16.641],[102.576,16.623],[102.583,16.577],[102.573,16.504],[102.553,16.44],[102.549,16.385],[102.522,16.352],[102.527,16.343],[102.545,16.356],[102.567,16.347],[102.606,16.349],[102.623,16.363],[102.666,16.374],[102.68,16.383],[102.683,16.393],[102.692,16.395],[102.684,16.4],[102.682,16.418],[102.668,16.428],[102.673,16.43],[102.664,16.439],[102.665,16.449],[102.645,16.459],[102.638,16.49],[102.65,16.512],[102.643,16.513],[102.642,16.524],[102.63,16.537],[102.657,16.571],[102.664,16.6],[102.679,16.599],[102.68,16.614],[102.697,16.633]]]]}},{"type":"Feature","id":13,"properties":{"id":13,"en":"Ban Haet","th":"","prov":"","code":"40"},"geometry":{"type":"MultiPolygon","coordinates":[[[[102.846,16.218],[102.834,16.227],[102.827,16.262],[102.798,16.278],[102.796,16.284],[102.776,16.285],[102.773,16.299],[102.769,16.29],[102.767,16.296],[102.761,16.289],[102.761,16.27],[102.744,16.249],[102.745,16.243],[102.712,16.248],[102.696,16.239],[102.693,16.246],[102.687,16.241],[102.694,16.228],[102.686,16.223],[102.676,16.236],[102.673,16.229],[102.666,16.229],[102.672,16.219],[102.663,16.212],[102.681,16.2],[102.673,16.201],[102.671,16.195],[102.691,16.17],[102.688,16.151],[102.743,16.136],[102.751,16.145],[102.769,16.142],[102.785,16.152],[102.813,16.153],[102.831,16.162],[102.831,16.153],[102.854,16.154],[102.857,16.163],[102.845,16.173],[102.846,16.218]]]]}},{"type":"Feature","id":14,"properties":{"id":14,"en":"Ban Hong","th":"บ้านโฮ่ง","prov":"ลำพูน","code":"51"},"geometry":{"type":"MultiPolygon","coordinates":[[[[98.824,18.388],[98.792,18.41],[98.794,18.404],[98.785,18.397],[98.752,18.398],[98.749,18.406],[98.723,18.387],[98.688,18.381],[98.681,18.368],[98.704,18.332],[98.688,18.335],[98.671,18.324],[98.672,18.31],[98.684,18.31],[98.702,18.291],[98.72,18.286],[98.736,18.267],[98.771,18.256],[98.777,18.245],[98.772,18.23],[98.785,18.221],[98.783,18.179],[98.793,18.16],[98.805,18.156],[98.804,18.139],[98.831,18.133],[98.901,18.149],[98.924,18.141],[98.952,18.154],[98.959,18.173],[98.975,18.163],[98.988,18.171],[98.975,18.187],[98.963,18.188],[98.944,18.212],[98.943,18.231],[98.937,18.241],[98.929,18.243],[98.928,18.255],[98.915,18.27],[98.903,18.27],[98.907,18.292],[98.9,18.302],[98.872,18.307],[98.87,18.345],[98.842,18.357],[98.824,18.388]]]]}},{"type":"Feature","id":15,"properties":{"id":15,"en":"Ban Kha","th":"บ้านคา","prov":"ราชบุรี","code":"70"},"geometry":{"type":"MultiPolygon","coordinates":[[[[99.542,13.418],[99.522,13.438],[99.505,13.444],[99.505,13.459],[99.47,13.485],[99.475,13.515],[99.455,13.501],[99.432,13.505],[99.408,13.485],[99.395,13.485],[99.393,13.493],[99.384,13.482],[99.358,13.51],[99.347,13.513],[99.346,13.494],[99.358,13.489],[99.335,13.477],[99.345,13.465],[99.333,13.443],[99.355,13.409],[99.349,13.399],[99.33,13.389],[99.328,13.37],[99.319,13.368],[99.318,13.356],[99.303,13.342],[99.296,13.318],[99.282,13.318],[99.275,13.307],[99.26,13.303],[99.244,13.306],[99.235,13.319],[99.23,13.303],[99.223,13.301],[99.203,13.316],[99.199,13.329],[99.192,13.323],[99.194,13.305],[99.187,13.291],[99.211,13.262],[99.196,13.255],[99.208,13.232],[99.204,13.219],[99.216,13.201],[99.228,13.203],[99.246,13.186],[99.27,13.149],[99.324,13.178],[99.319,13.203],[99.323,13.223],[99.335,13.221],[99.35,13.244],[99.358,13.233],[99.368,13.234],[99.372,13.221],[99.394,13.213],[99.399,13.218],[99.415,13.199],[99.428,13.198],[99.442,13.183],[99.464,13.184],[99.479,13.201],[99.507,13.18],[99.519,13.207],[99.529,13.207],[99.511,13.246],[99.517,13.284],[99.499,13.302],[99.509,13.316],[99.517,13.317],[99.52,13.342],[99.528,13.352],[99.522,13.357],[99.522,13.37],[99.528,13.373],[99.522,13.377],[99.527,13.385],[99.52,13.392],[99.52,13.405],[99.529,13.418],[99.542,13.418]]]]}},{"type":"Feature","id":16,"properties":{"id":16,"en":"Ban Khai","th":"บ้านค่าย","prov":"ระยอง","code":"21"},"geometry":{"type":"MultiPolygon","coordinates":[[[[101.482,12.868],[101.489,12.885],[101.464,12.885],[101.449,12.895],[101.448,12.903],[101.484,12.924],[101.492,12.936],[101.438,12.951],[101.416,12.969],[101.421,12.957],[101.412,12.942],[101.408,12.937],[101.4,12.943],[101.388,12.929],[101.371,12.941],[101.374,12.953],[101.359,12.964],[101.354,12.954],[101.33,12.943],[101.329,12.933],[101.321,12.933],[101.32,12.912],[101.301,12.921],[101.293,12.918],[101.297,12.897],[101.277,12.876],[101.272,12.879],[101.264,12.867],[101.232,12.879],[101.208,12.813],[101.223,12.811],[101.223,12.78],[101.236,12.772],[101.238,12.751],[101.263,12.728],[101.276,12.735],[101.281,12.73],[101.278,12.721],[101.296,12.716],[101.304,12.698],[101.313,12.697],[101.327,12.728],[101.337,12.73],[101.365,12.763],[101.414,12.775],[101.416,12.801],[101.451,12.83],[101.461,12.862],[101.467,12.865],[101.466,12.859],[101.477,12.854],[101.482,12.868]]]]}},{"type":"Feature","id":17,"properties":{"id":17,"en":"Ban Khok","th":"บ้านโคก","prov":"อุตรดิตถ์","code":"53"},"geometry":{"type":"MultiPolygon","coordinates":[[[[101.019,17.891],[101.047,17.913],[101.07,17.913],[101.072,17.92],[101.096,17.931],[101.104,17.947],[101.118,17.951],[101.115,17.971],[101.122,18],[101.152,18.037],[101.161,18.03],[101.185,18.066],[101.174,18.076],[101.175,18.088],[101.161,18.123],[101.193,18.213],[101.18,18.225],[101.165,18.218],[101.159,18.246],[101.144,18.259],[101.163,18.279],[101.149,18.296],[101.179,18.327],[101.182,18.341],[101.148,18.348],[101.131,18.367],[101.085,18.381],[101.074,18.357],[101.056,18.356],[101.043,18.34],[100.999,18.309],[100.98,18.306],[100.959,18.274],[100.919,18.243],[100.912,18.227],[100.925,18.211],[100.908,18.194],[100.909,18.165],[100.917,18.161],[100.92,18.172],[100.931,18.174],[100.945,18.155],[100.972,18.146],[100.977,18.138],[101.001,18.133],[101.02,18.112],[101.015,18.1],[101.036,18.076],[101.028,18.068],[101.026,18.055],[101.003,18.031],[100.974,18.023],[100.978,18.007],[100.967,17.996],[100.967,17.97],[100.951,17.958],[100.925,17.906],[100.907,17.891],[100.915,17.882],[100.935,17.871],[100.935,17.876],[100.94,17.872],[100.942,17.876],[100.953,17.866],[100.959,17.872],[100.954,17.879],[100.974,17.875],[100.972,17.885],[100.965,17.886],[100.973,17.89],[100.968,17.895],[101.019,17.891]]]]}},{"type":"Feature","id":18,"properties":{"id":18,"en":"Ban Khwao","th":"จัตุรัส","prov":"ชัยภูมิ","code":"36"},"geometry":{"type":"MultiPolygon","coordinates":[[[[101.753,15.975],[101.712,15.973],[101.698,15.967],[101.692,15.953],[101.703,15.942],[101.699,15.928],[101.71,15.909],[101.7,15.901],[101.719,15.897],[101.703,15.897],[101.698,15.891],[101.709,15.884],[101.713,15.867],[101.72,15.866],[101.717,15.857],[101.722,15.85],[101.728,15.859],[101.736,15.858],[101.731,15.846],[101.736,15.842],[101.742,15.849],[101.746,15.84],[101.735,15.834],[101.745,15.833],[101.739,15.826],[101.741,15.817],[101.759,15.804],[101.761,15.794],[101.769,15.803],[101.784,15.8],[101.796,15.769],[101.807,15.776],[101.818,15.77],[101.815,15.749],[101.822,15.744],[101.816,15.74],[101.83,15.733],[101.838,15.741],[101.843,15.73],[101.847,15.738],[101.844,15.726],[101.857,15.726],[101.853,15.72],[101.862,15.719],[101.853,15.717],[101.859,15.711],[101.878,15.705],[101.883,15.695],[101.895,15.691],[101.894,15.687],[101.899,15.689],[101.9,15.679],[101.907,15.678],[101.905,15.668],[101.919,15.667],[101.922,15.659],[101.93,15.657],[101.951,15.672],[101.947,15.678],[101.959,15.676],[101.965,15.687],[101.969,15.683],[101.974,15.688],[101.972,15.682],[101.993,15.7],[101.989,15.706],[101.98,15.703],[101.978,15.723],[101.974,15.722],[101.967,15.735],[101.942,15.741],[101.938,15.749],[101.945,15.807],[101.934,15.816],[101.926,15.849],[101.915,15.865],[101.889,15.865],[101.865,15.908],[101.842,15.919],[101.839,15.936],[101.814,15.944],[101.801,15.933],[101.785,15.936],[101.782,15.949],[101.753,15.975]]]]}},{"type":"Feature","id":19,"properties":{"id":19,"en":"Ban Kruat","th":"บ้านกรวด","prov":"บุรีรัมย์","code":"31"},"geometry":{"type":"MultiPolygon","coordinates":[[[[103.211,14.54],[103.223,14.547],[103.222,14.565],[103.211,14.581],[103.191,14.57],[103.191,14.563],[103.179,14.557],[103.178,14.543],[103.169,14.539],[103.172,14.531],[103.154,14.511],[103.126,14.494],[103.12,14.479],[103.099,14.474],[103.085,14.451],[103.039,14.435],[103.031,14.415],[103.005,14.413],[102.98,14.43],[102.966,14.422],[102.983,14.391],[102.97,14.379],[102.957,14.341],[102.976,14.296],[103.033,14.251],[103.057,14.274],[103.057,14.285],[103.074,14.286],[103.082,14.297],[103.127,14.303],[103.128,14.319],[103.139,14.324],[103.153,14.314],[103.165,14.334],[103.173,14.336],[103.214,14.329],[103.218,14.323],[103.226,14.327],[103.221,14.379],[103.234,14.393],[103.22,14.403],[103.236,14.411],[103.247,14.442],[103.234,14.468],[103.235,14.483],[103.215,14.501],[103.221,14.518],[103.211,14.54]]]]}},{"type":"Feature","id":20,"properties":{"id":20,"en":"Ban Laem","th":"บ้านแหลม","prov":"เพชรบุรี","code":"76"},"geometry":{"type":"MultiPolygon","coordinates":[[[[99.884,13.246],[99.875,13.235],[99.877,13.229],[99.885,13.231],[99.894,13.221],[99.905,13.226],[99.91,13.216],[99.902,13.181],[99.948,13.188],[99.951,13.133],[99.984,13.149],[99.992,13.146],[99.996,13.135],[100.031,13.145],[100.046,13.131],[100.038,13.122],[100.022,13.122],[100.022,13.116],[100.036,13.09],[100.054,13.09],[100.057,13.055],[100.051,13.031],[100.063,13.007],[100.079,13.02],[100.103,13.058],[100.083,13.061],[100.065,13.084],[100.066,13.158],[100.019,13.185],[99.985,13.235],[99.942,13.265],[99.953,13.297],[99.936,13.293],[99.929,13.282],[99.91,13.282],[99.91,13.266],[99.887,13.264],[99.881,13.258],[99.893,13.244],[99.884,13.246]]]]}},{"type":"Feature","id":21,"properties":{"id":21,"en":"Ban Lat","th":"บ้านลาด","prov":"เพชรบุรี","code":"76"},"geometry":{"type":"MultiPolygon","coordinates":[[[[99.846,13.13],[99.796,13.118],[99.795,13.1],[99.777,13.091],[99.773,13.079],[99.749,13.061],[99.75,13.045],[99.735,13.037],[99.734,13.029],[99.772,12.997],[99.783,12.976],[99.844,12.99],[99.851,13.004],[99.863,13.011],[99.876,13.011],[99.875,13.004],[99.895,13.009],[99.895,13.016],[99.917,12.997],[99.935,12.995],[99.943,12.994],[99.946,12.977],[99.964,12.98],[99.959,13.049],[99.966,13.068],[99.946,13.072],[99.934,13.066],[99.921,13.096],[99.911,13.098],[99.916,13.086],[99.899,13.085],[99.905,13.117],[99.889,13.115],[99.891,13.103],[99.886,13.1],[99.847,13.097],[99.839,13.122],[99.846,13.123],[99.846,13.13]]]]}},{"type":"Feature","id":22,"properties":{"id":22,"en":"Ban Luang","th":"บ้านหลวง","prov":"น่าน","code":"55"},"geometry":{"type":"MultiPolygon","coordinates":[[[[100.493,18.736],[100.509,18.794],[100.507,18.82],[100.532,18.841],[100.527,18.9],[100.532,18.911],[100.518,18.931],[100.53,18.932],[100.539,18.946],[100.534,18.957],[100.501,18.986],[100.481,18.966],[100.482,18.952],[100.459,18.942],[100.454,18.935],[100.424,18.949],[100.405,18.945],[100.407,18.936],[100.391,18.926],[100.388,18.894],[100.366,18.87],[100.364,18.849],[100.336,18.819],[100.345,18.814],[100.337,18.787],[100.356,18.785],[100.362,18.778],[100.358,18.751],[100.374,18.741],[100.405,18.739],[100.418,18.747],[100.438,18.74],[100.451,18.746],[100.464,18.728],[100.493,18.736]]]]}},{"type":"Feature","id":23,"properties":{"id":23,"en":"Ban Lueam","th":"บ้านเหลื่อม","prov":"นครราชสีมา","code":"30"},"geometry":{"type":"MultiPolygon","coordinates":[[[[102.121,15.646],[102.115,15.647],[102.113,15.639],[102.108,15.644],[102.1,15.63],[102.095,15.634],[102.092,15.627],[102.089,15.634],[102.085,15.622],[102.075,15.624],[102.062,15.582],[102.038,15.549],[102.043,15.529],[102.033,15.502],[102.047,15.503],[102.065,15.516],[102.103,15.527],[102.109,15.534],[102.103,15.54],[102.11,15.542],[102.149,15.535],[102.155,15.541],[102.165,15.526],[102.179,15.53],[102.191,15.519],[102.221,15.52],[102.245,15.539],[102.248,15.575],[102.231,15.598],[102.23,15.614],[102.202,15.618],[102.186,15.614],[102.144,15.641],[102.121,15.646]]]]}},{"type":"Feature","id":24,"properties":{"id":24,"en":"Ban Mai Chaiyaphot","th":"","prov":"","code":"31"},"geometry":{"type":"MultiPolygon","coordinates":[[[[102.838,15.637],[102.806,15.633],[102.787,15.637],[102.767,15.626],[102.784,15.585],[102.781,15.564],[102.792,15.557],[102.789,15.547],[102.796,15.546],[102.797,15.531],[102.805,15.529],[102.815,15.513],[102.825,15.514],[102.83,15.505],[102.831,15.516],[102.836,15.517],[102.864,15.508],[102.873,15.512],[102.872,15.52],[102.883,15.523],[102.89,15.514],[102.931,15.561],[102.935,15.587],[102.917,15.597],[102.914,15.589],[102.893,15.584],[102.891,15.611],[102.861,15.625],[102.84,15.626],[102.838,15.637]]]]}},{"type":"Feature","id":25,"properties":{"id":25,"en":"Ban Mi","th":"บ้านหมี่","prov":"ลพบุรี","code":"16"},"geometry":{"type":"MultiPolygon","coordinates":[[[[100.62,15.243],[100.591,15.247],[100.584,15.243],[100.59,15.23],[100.549,15.189],[100.532,15.184],[100.507,15.13],[100.475,15.107],[100.459,15.116],[100.458,15.104],[100.427,15.061],[100.447,15.055],[100.469,15.024],[100.461,15.003],[100.447,15.003],[100.444,14.996],[100.452,14.974],[100.449,14.943],[100.421,14.93],[100.422,14.922],[100.433,14.929],[100.476,14.911],[100.492,14.917],[100.493,14.924],[100.515,14.928],[100.54,14.93],[100.563,14.942],[100.587,14.926],[100.595,14.926],[100.622,14.949],[100.618,14.954],[100.624,14.975],[100.606,14.981],[100.622,14.996],[100.615,15.014],[100.62,15.025],[100.611,15.03],[100.611,15.037],[100.624,15.037],[100.658,15.066],[100.647,15.076],[100.643,15.131],[100.636,15.141],[100.626,15.138],[100.622,15.143],[100.632,15.174],[100.628,15.184],[100.647,15.187],[100.649,15.204],[100.641,15.228],[100.62,15.243]]]]}},{"type":"Feature","id":26,"properties":{"id":26,"en":"Ban Mo","th":"บ้านหมอ","prov":"สระบุรี","code":"19"},"geometry":{"type":"MultiPolygon","coordinates":[[[[100.748,14.657],[100.717,14.656],[100.701,14.672],[100.682,14.676],[100.674,14.657],[100.68,14.642],[100.662,14.634],[100.643,14.638],[100.66,14.622],[100.643,14.604],[100.635,14.568],[100.622,14.562],[100.633,14.552],[100.659,14.55],[100.676,14.558],[100.675,14.574],[100.655,14.606],[100.677,14.596],[100.685,14.582],[100.723,14.577],[100.731,14.569],[100.783,14.567],[100.78,14.581],[100.796,14.586],[100.804,14.6],[100.805,14.606],[100.792,14.616],[100.804,14.638],[100.777,14.654],[100.748,14.657]]]]}},{"type":"Feature","id":27,"properties":{"id":27,"en":"Ban Muang","th":"","prov":"","code":"47"},"geometry":{"type":"MultiPolygon","coordinates":[[[[103.403,17.752],[103.426,17.753],[103.442,17.77],[103.461,17.761],[103.485,17.764],[103.512,17.755],[103.515,17.762],[103.536,17.77],[103.542,17.785],[103.569,17.791],[103.584,17.806],[103.583,17.814],[103.623,17.82],[103.651,17.838],[103.668,17.837],[103.677,17.847],[103.674,17.884],[103.681,17.888],[103.672,17.91],[103.702,17.924],[103.698,17.933],[103.703,17.945],[103.685,17.955],[103.661,17.95],[103.667,17.967],[103.662,17.974],[103.652,17.963],[103.639,17.964],[103.638,17.977],[103.625,17.968],[103.621,18.003],[103.632,18.004],[103.641,18.013],[103.611,18.013],[103.606,18.035],[103.595,18.044],[103.595,18.05],[103.581,18.038],[103.559,18.062],[103.542,18.065],[103.538,18.072],[103.547,18.078],[103.539,18.089],[103.537,18.068],[103.527,18.066],[103.514,18.074],[103.505,18.068],[103.504,18.058],[103.497,18.065],[103.493,18.06],[103.498,18.042],[103.491,18.038],[103.498,18.027],[103.495,18.017],[103.504,18.002],[103.503,17.996],[103.498,17.998],[103.498,17.99],[103.491,17.988],[103.475,18.006],[103.464,17.989],[103.449,17.994],[103.438,17.981],[103.452,17.978],[103.446,17.967],[103.439,17.969],[103.439,17.975],[103.426,17.976],[103.43,17.983],[103.41,17.987],[103.408,17.993],[103.399,17.981],[103.391,17.987],[103.387,17.981],[103.392,17.979],[103.389,17.958],[103.408,17.95],[103.404,17.943],[103.413,17.934],[103.398,17.928],[103.395,17.933],[103.394,17.924],[103.4,17.921],[103.397,17.908],[103.413,17.901],[103.418,17.882],[103.406,17.877],[103.407,17.859],[103.394,17.856],[103.398,17.846],[103.405,17.85],[103.423,17.842],[103.413,17.834],[103.402,17.843],[103.4,17.831],[103.395,17.833],[103.398,17.843],[103.38,17.84],[103.39,17.829],[103.375,17.814],[103.382,17.809],[103.374,17.802],[103.377,17.793],[103.367,17.79],[103.384,17.753],[103.4,17.759],[103.403,17.752]]]]}},{"type":"Feature","id":28,"properties":{"id":28,"en":"Ban Na","th":"บ้านนา","prov":"นครนายก","code":"26"},"geometry":{"type":"MultiPolygon","coordinates":[[[[101.166,14.342],[101.157,14.348],[101.157,14.359],[101.147,14.374],[101.125,14.384],[101.086,14.383],[101.076,14.389],[101.072,14.405],[101.062,14.415],[101.053,14.412],[101.054,14.392],[101.063,14.376],[101.051,14.359],[101.048,14.34],[101.019,14.315],[101.015,14.302],[100.989,14.298],[100.989,14.288],[100.979,14.291],[100.951,14.272],[100.946,14.237],[100.959,14.243],[100.966,14.223],[100.974,14.219],[100.984,14.218],[100.998,14.192],[101.002,14.196],[101.013,14.185],[101.02,14.19],[101.033,14.175],[101.051,14.132],[101.073,14.153],[101.095,14.157],[101.1,14.178],[101.096,14.186],[101.111,14.188],[101.115,14.209],[101.134,14.209],[101.133,14.223],[101.124,14.233],[101.125,14.247],[101.14,14.269],[101.128,14.29],[101.151,14.303],[101.143,14.326],[101.151,14.338],[101.166,14.342]]]]}},{"type":"Feature","id":29,"properties":{"id":29,"en":"Ban Na Doem","th":"บ้านนาเดิม","prov":"สุราษฎร์ธานี","code":"84"},"geometry":{"type":"MultiPolygon","coordinates":[[[[99.321,8.96],[99.31,8.959],[99.294,8.972],[99.284,8.969],[99.279,8.973],[99.266,8.967],[99.257,8.971],[99.245,8.956],[99.242,8.97],[99.238,8.962],[99.219,8.961],[99.215,8.953],[99.22,8.943],[99.209,8.946],[99.199,8.94],[99.209,8.93],[99.19,8.917],[99.198,8.903],[99.186,8.895],[99.194,8.893],[99.188,8.89],[99.195,8.888],[99.189,8.878],[99.211,8.881],[99.22,8.862],[99.245,8.852],[99.227,8.825],[99.229,8.821],[99.291,8.83],[99.305,8.819],[99.322,8.823],[99.332,8.842],[99.329,8.861],[99.341,8.904],[99.351,8.915],[99.343,8.937],[99.351,8.935],[99.354,8.954],[99.36,8.956],[99.346,8.97],[99.339,8.956],[99.321,8.96]]]]}},{"type":"Feature","id":30,"properties":{"id":30,"en":"Ban Na San","th":"บ้านนาสาร","prov":"สุราษฎร์ธานี","code":"84"},"geometry":{"type":"MultiPolygon","coordinates":[[[[99.229,8.821],[99.223,8.8],[99.236,8.797],[99.246,8.774],[99.24,8.766],[99.243,8.757],[99.23,8.754],[99.238,8.755],[99.241,8.74],[99.246,8.743],[99.244,8.73],[99.252,8.736],[99.259,8.721],[99.262,8.728],[99.271,8.722],[99.276,8.708],[99.263,8.697],[99.275,8.701],[99.282,8.694],[99.276,8.691],[99.286,8.683],[99.309,8.684],[99.329,8.68],[99.333,8.672],[99.358,8.673],[99.366,8.679],[99.362,8.688],[99.366,8.693],[99.371,8.684],[99.392,8.688],[99.39,8.674],[99.4,8.68],[99.425,8.669],[99.441,8.674],[99.443,8.705],[99.477,8.705],[99.492,8.697],[99.522,8.719],[99.527,8.744],[99.531,8.759],[99.521,8.767],[99.528,8.814],[99.518,8.836],[99.532,8.85],[99.559,8.851],[99.556,8.878],[99.551,8.885],[99.534,8.889],[99.536,8.901],[99.514,8.911],[99.48,8.911],[99.475,8.925],[99.465,8.933],[99.467,8.941],[99.442,8.964],[99.444,8.976],[99.438,8.982],[99.433,8.976],[99.401,8.998],[99.389,8.997],[99.395,8.978],[99.357,8.969],[99.36,8.956],[99.354,8.954],[99.351,8.935],[99.343,8.937],[99.351,8.915],[99.341,8.904],[99.325,8.826],[99.305,8.819],[99.291,8.83],[99.261,8.829],[99.229,8.821]]]]}},{"type":"Feature","id":31,"properties":{"id":31,"en":"Ban Phaeng","th":"บ้านแพง","prov":"นครพนม","code":"48"},"geometry":{"type":"MultiPolygon","coordinates":[[[[104.301,17.845],[104.273,17.867],[104.224,17.983],[104.19,18.024],[104.18,18.019],[104.182,18.013],[104.174,18.016],[104.173,18.003],[104.112,18.005],[104.117,17.967],[104.175,17.93],[104.186,17.914],[104.185,17.894],[104.191,17.885],[104.185,17.878],[104.188,17.873],[104.179,17.87],[104.188,17.847],[104.179,17.835],[104.198,17.802],[104.178,17.783],[104.17,17.786],[104.17,17.78],[104.181,17.777],[104.186,17.781],[104.189,17.775],[104.181,17.767],[104.185,17.765],[104.186,17.754],[104.195,17.757],[104.199,17.748],[104.215,17.753],[104.225,17.728],[104.245,17.725],[104.261,17.746],[104.279,17.733],[104.29,17.732],[104.3,17.742],[104.293,17.748],[104.29,17.775],[104.298,17.808],[104.293,17.816],[104.28,17.82],[104.278,17.831],[104.285,17.842],[104.291,17.837],[104.301,17.845]]]]}},{"type":"Feature","id":32,"properties":{"id":32,"en":"Ban Phaeo","th":"บ้านแพ้ว","prov":"สมุทรสาคร","code":"74"},"geometry":{"type":"MultiPolygon","coordinates":[[[[100.171,13.681],[100.164,13.677],[100.156,13.684],[100.121,13.679],[100.122,13.654],[100.105,13.649],[100.06,13.66],[100.054,13.619],[100.031,13.613],[100.043,13.595],[100.037,13.582],[100.046,13.559],[100.042,13.537],[100.029,13.529],[100.03,13.508],[100.043,13.504],[100.053,13.486],[100.106,13.503],[100.113,13.5],[100.123,13.52],[100.129,13.517],[100.163,13.543],[100.152,13.565],[100.163,13.565],[100.162,13.576],[100.186,13.576],[100.174,13.583],[100.198,13.584],[100.202,13.593],[100.21,13.583],[100.228,13.604],[100.227,13.621],[100.215,13.621],[100.213,13.626],[100.23,13.627],[100.232,13.644],[100.219,13.638],[100.207,13.643],[100.207,13.651],[100.18,13.664],[100.17,13.675],[100.171,13.681]]]]}},{"type":"Feature","id":33,"properties":{"id":33,"en":"Ban Phai","th":"บ้านไผ่","prov":"ขอนแก่น","code":"40"},"geometry":{"type":"MultiPolygon","coordinates":[[[[102.682,16.187],[102.669,16.187],[102.673,16.179],[102.666,16.174],[102.659,16.177],[102.656,16.171],[102.662,16.166],[102.645,16.158],[102.647,16.146],[102.64,16.14],[102.64,16.117],[102.647,16.116],[102.648,16.108],[102.654,16.11],[102.655,16.087],[102.649,16.081],[102.653,16.075],[102.645,16.061],[102.656,16.054],[102.655,16.043],[102.68,16.041],[102.68,16.03],[102.713,16.016],[102.717,16],[102.728,16],[102.735,15.98],[102.748,15.972],[102.756,15.958],[102.768,15.955],[102.758,15.934],[102.755,15.904],[102.757,15.895],[102.766,15.893],[102.764,15.882],[102.771,15.875],[102.781,15.877],[102.805,15.913],[102.833,15.925],[102.846,15.955],[102.853,15.95],[102.866,15.971],[102.889,15.978],[102.901,15.97],[102.909,15.985],[102.885,16.011],[102.884,16.017],[102.895,16.021],[102.891,16.029],[102.859,16.039],[102.861,16.059],[102.848,16.072],[102.861,16.095],[102.868,16.125],[102.854,16.126],[102.844,16.151],[102.831,16.153],[102.831,16.162],[102.813,16.153],[102.785,16.152],[102.769,16.142],[102.751,16.145],[102.743,16.136],[102.688,16.151],[102.691,16.17],[102.682,16.187]]]]}},{"type":"Feature","id":34,"properties":{"id":34,"en":"Ban Pho","th":"บ้านโพธิ์","prov":"ฉะเชิงเทรา","code":"24"},"geometry":{"type":"MultiPolygon","coordinates":[[[[101.143,13.652],[101.13,13.653],[101.11,13.635],[101.106,13.639],[101.097,13.633],[101.085,13.646],[101.062,13.631],[101.055,13.64],[101.032,13.649],[101.015,13.646],[100.98,13.662],[100.984,13.676],[100.971,13.672],[100.968,13.701],[100.956,13.705],[100.949,13.681],[100.938,13.669],[100.956,13.662],[100.953,13.649],[100.964,13.645],[100.961,13.636],[100.969,13.633],[100.967,13.627],[100.981,13.622],[100.988,13.633],[100.995,13.63],[101.008,13.611],[101.009,13.602],[100.997,13.602],[100.999,13.594],[100.994,13.579],[101.022,13.563],[101.024,13.551],[101.033,13.547],[101.045,13.56],[101.055,13.552],[101.068,13.557],[101.092,13.553],[101.11,13.569],[101.118,13.565],[101.13,13.57],[101.129,13.578],[101.144,13.589],[101.153,13.584],[101.201,13.585],[101.246,13.57],[101.233,13.605],[101.222,13.605],[101.213,13.616],[101.172,13.624],[101.151,13.639],[101.143,13.652]]]]}},{"type":"Feature","id":35,"properties":{"id":35,"en":"Ban Phraek","th":"","prov":"","code":"14"},"geometry":{"type":"MultiPolygon","coordinates":[[[[100.602,14.655],[100.581,14.664],[100.552,14.661],[100.549,14.672],[100.531,14.669],[100.513,14.656],[100.507,14.663],[100.51,14.67],[100.503,14.67],[100.508,14.652],[100.5,14.651],[100.499,14.635],[100.533,14.62],[100.582,14.624],[100.602,14.655]]]]}},{"type":"Feature","id":36,"properties":{"id":36,"en":"Ban Phue","th":"บ้านผือ","prov":"อุดรธานี","code":"41"},"geometry":{"type":"MultiPolygon","coordinates":[[[[102.356,17.923],[102.323,17.935],[102.309,17.947],[102.291,17.971],[102.296,17.983],[102.281,17.993],[102.254,17.941],[102.254,17.893],[102.263,17.872],[102.291,17.838],[102.318,17.817],[102.325,17.801],[102.318,17.795],[102.318,17.677],[102.326,17.598],[102.333,17.579],[102.332,17.551],[102.367,17.506],[102.385,17.452],[102.415,17.461],[102.416,17.484],[102.426,17.492],[102.441,17.481],[102.457,17.497],[102.464,17.494],[102.476,17.502],[102.487,17.501],[102.495,17.512],[102.529,17.531],[102.541,17.533],[102.554,17.521],[102.569,17.525],[102.593,17.514],[102.612,17.536],[102.636,17.534],[102.657,17.524],[102.672,17.531],[102.688,17.553],[102.688,17.566],[102.732,17.604],[102.713,17.606],[102.695,17.621],[102.668,17.596],[102.651,17.594],[102.647,17.599],[102.647,17.614],[102.614,17.625],[102.596,17.623],[102.603,17.643],[102.597,17.671],[102.6,17.681],[102.612,17.683],[102.54,17.743],[102.53,17.761],[102.469,17.753],[102.452,17.761],[102.449,17.771],[102.44,17.768],[102.437,17.778],[102.443,17.784],[102.429,17.796],[102.441,17.82],[102.425,17.821],[102.41,17.833],[102.41,17.841],[102.4,17.844],[102.403,17.855],[102.396,17.864],[102.4,17.877],[102.387,17.898],[102.368,17.904],[102.366,17.915],[102.357,17.916],[102.356,17.923]]]]}},{"type":"Feature","id":37,"properties":{"id":37,"en":"Ban Pong","th":"บ้านโป่ง","prov":"ราชบุรี","code":"70"},"geometry":{"type":"MultiPolygon","coordinates":[[[[99.927,13.934],[99.882,13.95],[99.876,13.961],[99.879,13.951],[99.854,13.916],[99.837,13.866],[99.828,13.869],[99.82,13.865],[99.814,13.833],[99.819,13.826],[99.801,13.825],[99.812,13.817],[99.805,13.808],[99.796,13.818],[99.779,13.823],[99.747,13.82],[99.73,13.828],[99.709,13.825],[99.666,13.846],[99.631,13.806],[99.606,13.796],[99.669,13.78],[99.693,13.785],[99.755,13.755],[99.792,13.75],[99.797,13.753],[99.795,13.758],[99.784,13.763],[99.791,13.767],[99.818,13.754],[99.832,13.76],[99.827,13.752],[99.838,13.747],[99.842,13.757],[99.856,13.76],[99.872,13.749],[99.883,13.749],[99.888,13.762],[99.92,13.764],[99.952,13.774],[99.955,13.795],[99.967,13.797],[99.971,13.804],[99.963,13.813],[99.963,13.832],[99.959,13.836],[99.942,13.83],[99.936,13.834],[99.938,13.84],[99.921,13.846],[99.901,13.842],[99.913,13.871],[99.907,13.888],[99.915,13.898],[99.923,13.897],[99.928,13.91],[99.917,13.914],[99.927,13.934]]]]}},{"type":"Feature","id":38,"properties":{"id":38,"en":"Ban Rai","th":"บ้านไร่","prov":"อุทัยธานี","code":"61"},"geometry":{"type":"MultiPolygon","coordinates":[[[[99.191,15.779],[99.187,15.784],[99.166,15.778],[99.159,15.793],[99.134,15.798],[99.136,15.789],[99.127,15.768],[99.139,15.731],[99.128,15.723],[99.127,15.695],[99.111,15.668],[99.116,15.632],[99.106,15.615],[99.097,15.611],[99.091,15.59],[99.094,15.582],[99.052,15.564],[99.048,15.555],[99.055,15.526],[99.079,15.499],[99.064,15.472],[99.059,15.439],[99.068,15.421],[99.07,15.396],[99.044,15.376],[99.043,15.346],[99.031,15.336],[99.031,15.303],[99.038,15.288],[99.024,15.279],[99.017,15.265],[99.019,15.246],[99.006,15.239],[99.009,15.208],[99.002,15.185],[98.989,15.187],[98.984,15.18],[99.002,15.162],[99.008,15.144],[98.999,15.136],[98.997,15.105],[99.012,15.087],[99,15.071],[99.009,15.07],[99.028,15.05],[99.068,15.047],[99.078,15.039],[99.114,15.044],[99.119,15.055],[99.13,15.049],[99.143,15.052],[99.147,15.047],[99.135,15.037],[99.162,15.015],[99.178,15.017],[99.19,15.028],[99.204,15.014],[99.233,15.012],[99.256,14.988],[99.283,14.998],[99.276,15.013],[99.32,15.081],[99.339,15.08],[99.371,15.051],[99.416,15.047],[99.426,15.015],[99.445,14.991],[99.478,14.992],[99.526,14.981],[99.548,14.961],[99.565,14.962],[99.588,14.945],[99.618,14.942],[99.631,14.943],[99.627,14.979],[99.632,14.984],[99.627,14.987],[99.639,14.99],[99.664,14.988],[99.695,14.968],[99.724,14.962],[99.72,14.982],[99.729,14.995],[99.769,15.023],[99.777,15.054],[99.772,15.058],[99.791,15.084],[99.791,15.1],[99.768,15.13],[99.772,15.141],[99.749,15.165],[99.761,15.175],[99.73,15.213],[99.734,15.242],[99.727,15.25],[99.733,15.269],[99.738,15.266],[99.754,15.295],[99.764,15.299],[99.764,15.308],[99.757,15.312],[99.784,15.318],[99.769,15.322],[99.749,15.318],[99.731,15.296],[99.707,15.287],[99.689,15.295],[99.681,15.269],[99.665,15.269],[99.667,15.25],[99.64,15.228],[99.631,15.229],[99.62,15.222],[99.611,15.208],[99.595,15.202],[99.579,15.214],[99.577,15.231],[99.558,15.233],[99.547,15.243],[99.488,15.261],[99.482,15.302],[99.452,15.301],[99.431,15.314],[99.406,15.282],[99.397,15.28],[99.394,15.271],[99.381,15.271],[99.363,15.294],[99.37,15.306],[99.371,15.337],[99.351,15.351],[99.35,15.364],[99.333,15.376],[99.297,15.382],[99.279,15.402],[99.261,15.399],[99.25,15.402],[99.25,15.409],[99.237,15.407],[99.257,15.439],[99.253,15.455],[99.235,15.469],[99.232,15.493],[99.202,15.543],[99.194,15.538],[99.192,15.543],[99.179,15.542],[99.173,15.554],[99.187,15.557],[99.188,15.57],[99.199,15.578],[99.184,15.593],[99.194,15.6],[99.186,15.619],[99.189,15.624],[99.197,15.619],[99.2,15.645],[99.187,15.655],[99.187,15.681],[99.176,15.692],[99.183,15.697],[99.178,15.71],[99.186,15.718],[99.177,15.726],[99.19,15.739],[99.186,15.769],[99.191,15.779]]]]}},{"type":"Feature","id":39,"properties":{"id":39,"en":"Ban Sang","th":"บ้านสร้าง","prov":"ปราจีนบุรี","code":"25"},"geometry":{"type":"MultiPolygon","coordinates":[[[[101.278,14.055],[101.259,14.062],[101.227,14.052],[101.214,14.056],[101.202,14.046],[101.2,14.024],[101.193,14.024],[101.197,14.014],[101.178,14.012],[101.177,14.007],[101.173,14.012],[101.17,14.004],[101.165,14.008],[101.165,14.002],[101.156,14.004],[101.146,13.996],[101.139,14.001],[101.143,13.974],[101.137,13.967],[101.148,13.961],[101.152,13.931],[101.161,13.933],[101.152,13.913],[101.156,13.897],[101.146,13.893],[101.15,13.889],[101.16,13.896],[101.162,13.889],[101.152,13.879],[101.144,13.888],[101.139,13.883],[101.145,13.871],[101.161,13.863],[101.148,13.853],[101.181,13.861],[101.195,13.874],[101.222,13.877],[101.221,13.886],[101.241,13.88],[101.25,13.866],[101.279,13.879],[101.318,13.868],[101.336,13.87],[101.336,13.861],[101.343,13.859],[101.352,13.87],[101.381,13.849],[101.385,13.881],[101.355,13.901],[101.35,13.911],[101.346,13.928],[101.352,13.96],[101.346,13.975],[101.343,13.98],[101.316,13.979],[101.304,14.008],[101.285,14.012],[101.28,14.024],[101.286,14.032],[101.284,14.051],[101.278,14.055]]]]}},{"type":"Feature","id":40,"properties":{"id":40,"en":"Ban Ta Khun","th":"บ้านตาขุน","prov":"สุราษฎร์ธานี","code":"84"},"geometry":{"type":"MultiPolygon","coordinates":[[[[98.656,9.348],[98.636,9.357],[98.61,9.342],[98.591,9.356],[98.587,9.368],[98.566,9.359],[98.548,9.361],[98.512,9.327],[98.506,9.309],[98.528,9.297],[98.525,9.283],[98.531,9.254],[98.525,9.235],[98.5,9.213],[98.493,9.187],[98.503,9.154],[98.484,9.14],[98.481,9.124],[98.495,9.081],[98.473,9.064],[98.475,9.044],[98.485,9.034],[98.489,9.016],[98.511,8.998],[98.506,8.983],[98.512,8.971],[98.531,8.968],[98.538,8.972],[98.549,8.958],[98.563,8.951],[98.575,8.965],[98.588,8.946],[98.611,8.932],[98.613,8.942],[98.632,8.936],[98.646,8.952],[98.67,8.958],[98.673,8.945],[98.697,8.938],[98.699,8.924],[98.718,8.931],[98.721,8.922],[98.727,8.925],[98.739,8.914],[98.751,8.917],[98.769,8.899],[98.803,8.898],[98.82,8.889],[98.838,8.916],[98.851,8.899],[98.863,8.902],[98.879,8.891],[98.904,8.894],[98.909,8.873],[98.936,8.868],[98.941,8.897],[98.95,8.909],[98.945,8.953],[98.893,8.975],[98.901,8.983],[98.875,8.996],[98.821,8.999],[98.813,9.034],[98.823,9.063],[98.816,9.08],[98.807,9.085],[98.811,9.106],[98.801,9.126],[98.806,9.147],[98.8,9.154],[98.8,9.169],[98.784,9.17],[98.777,9.182],[98.779,9.193],[98.764,9.214],[98.742,9.219],[98.734,9.237],[98.717,9.235],[98.728,9.263],[98.724,9.273],[98.685,9.286],[98.669,9.303],[98.661,9.302],[98.647,9.327],[98.656,9.348]]]]}},{"type":"Feature","id":41,"properties":{"id":41,"en":"Ban Tak","th":"บ้านตาก","prov":"ตาก","code":"63"},"geometry":{"type":"MultiPolygon","coordinates":[[[[99.315,17.27],[99.303,17.274],[99.297,17.304],[99.286,17.312],[99.277,17.331],[99.27,17.4],[99.26,17.406],[99.227,17.405],[99.208,17.383],[99.218,17.361],[99.212,17.332],[99.225,17.244],[99.196,17.226],[99.186,17.199],[99.17,17.2],[99.169,17.19],[99.159,17.193],[99.147,17.175],[99.113,17.174],[99.109,17.166],[99.09,17.163],[99.095,17.137],[99.083,17.131],[99.066,17.137],[99.048,17.133],[99.025,17.148],[99.02,17.159],[98.983,17.163],[98.981,17.168],[98.97,17.166],[98.966,17.15],[98.955,17.147],[98.946,17.16],[98.928,17.15],[98.91,17.167],[98.912,17.158],[98.899,17.163],[98.887,17.157],[98.872,17.168],[98.846,17.157],[98.851,17.122],[98.846,17.103],[98.827,17.09],[98.825,17.071],[98.839,17.051],[98.894,17],[98.894,16.995],[98.906,16.993],[98.912,16.975],[98.929,16.969],[98.935,16.935],[98.981,16.913],[99.022,16.94],[99.025,16.95],[99.076,16.978],[99.097,16.971],[99.138,16.971],[99.153,16.99],[99.17,16.985],[99.208,17.023],[99.216,17.068],[99.202,17.09],[99.184,17.098],[99.181,17.114],[99.197,17.127],[99.201,17.152],[99.214,17.154],[99.234,17.181],[99.246,17.174],[99.26,17.151],[99.261,17.171],[99.273,17.18],[99.275,17.192],[99.299,17.195],[99.319,17.214],[99.314,17.219],[99.322,17.248],[99.315,17.27]]]]}},{"type":"Feature","id":42,"properties":{"id":42,"en":"Ban Thaen","th":"","prov":"","code":"36"},"geometry":{"type":"MultiPolygon","coordinates":[[[[102.459,16.395],[102.416,16.422],[102.405,16.439],[102.41,16.447],[102.401,16.468],[102.394,16.459],[102.399,16.447],[102.383,16.445],[102.376,16.435],[102.365,16.438],[102.365,16.453],[102.323,16.445],[102.318,16.456],[102.301,16.445],[102.277,16.461],[102.269,16.456],[102.264,16.462],[102.255,16.461],[102.241,16.45],[102.24,16.437],[102.22,16.411],[102.224,16.384],[102.24,16.374],[102.265,16.378],[102.296,16.368],[102.308,16.372],[102.318,16.32],[102.323,16.31],[102.337,16.303],[102.338,16.29],[102.372,16.283],[102.388,16.264],[102.418,16.254],[102.411,16.271],[102.423,16.308],[102.444,16.347],[102.447,16.379],[102.459,16.395]]]]}},{"type":"Feature","id":43,"properties":{"id":43,"en":"Ban Thi","th":"บ้านธิ","prov":"ลำพูน","code":"51"},"geometry":{"type":"MultiPolygon","coordinates":[[[[99.231,18.654],[99.206,18.66],[99.206,18.668],[99.189,18.679],[99.19,18.705],[99.153,18.708],[99.136,18.701],[99.127,18.683],[99.076,18.682],[99.06,18.639],[99.055,18.634],[99.06,18.63],[99.063,18.637],[99.09,18.641],[99.115,18.626],[99.132,18.63],[99.14,18.606],[99.158,18.608],[99.17,18.59],[99.184,18.586],[99.201,18.594],[99.218,18.592],[99.223,18.607],[99.235,18.617],[99.231,18.654]]]]}},{"type":"Feature","id":44,"properties":{"id":44,"en":"Bang Ban","th":"บางบาล","prov":"พระนครศรีอยุธยา","code":"14"},"geometry":{"type":"MultiPolygon","coordinates":[[[[100.505,14.406],[100.513,14.438],[100.497,14.46],[100.462,14.439],[100.436,14.449],[100.42,14.447],[100.41,14.43],[100.419,14.367],[100.437,14.364],[100.419,14.336],[100.429,14.327],[100.432,14.307],[100.449,14.323],[100.481,14.317],[100.498,14.329],[100.512,14.327],[100.516,14.334],[100.509,14.336],[100.521,14.373],[100.501,14.385],[100.499,14.401],[100.505,14.406]]]]}},{"type":"Feature","id":45,"properties":{"id":45,"en":"Bang Bo","th":"","prov":"","code":"11"},"geometry":{"type":"MultiPolygon","coordinates":[[[[100.938,13.669],[100.861,13.697],[100.859,13.67],[100.847,13.653],[100.852,13.641],[100.837,13.622],[100.843,13.615],[100.842,13.602],[100.832,13.579],[100.822,13.574],[100.829,13.566],[100.81,13.57],[100.804,13.562],[100.796,13.567],[100.79,13.549],[100.772,13.554],[100.764,13.528],[100.766,13.522],[100.777,13.521],[100.787,13.513],[100.78,13.492],[100.848,13.478],[100.863,13.49],[100.87,13.488],[100.879,13.548],[100.89,13.564],[100.904,13.554],[100.915,13.571],[100.907,13.581],[100.907,13.592],[100.923,13.594],[100.961,13.636],[100.964,13.645],[100.953,13.649],[100.956,13.662],[100.938,13.669]]]]}},{"type":"Feature","id":47,"properties":{"id":47,"en":"Bang Bua Thong","th":"","prov":"","code":"12"},"geometry":{"type":"MultiPolygon","coordinates":[[[[100.45,13.889],[100.448,13.898],[100.439,13.899],[100.446,13.92],[100.441,13.921],[100.442,13.932],[100.451,13.948],[100.417,13.983],[100.365,13.992],[100.356,14],[100.35,13.997],[100.356,13.975],[100.35,13.954],[100.356,13.95],[100.331,13.922],[100.342,13.883],[100.362,13.879],[100.369,13.911],[100.377,13.898],[100.42,13.877],[100.419,13.869],[100.429,13.863],[100.439,13.872],[100.45,13.868],[100.45,13.889]]]]}},{"type":"Feature","id":48,"properties":{"id":48,"en":"Bang Kaeo","th":"บางแก้ว","prov":"พัทลุง","code":"93"},"geometry":{"type":"MultiPolygon","coordinates":[[[[100.276,7.478],[100.189,7.479],[100.181,7.467],[100.173,7.468],[100.172,7.475],[100.155,7.461],[100.146,7.463],[100.135,7.433],[100.125,7.425],[100.128,7.411],[100.109,7.398],[100.11,7.393],[100.101,7.386],[100.103,7.38],[100.099,7.383],[100.099,7.374],[100.111,7.356],[100.132,7.36],[100.156,7.353],[100.181,7.377],[100.196,7.382],[100.191,7.394],[100.221,7.403],[100.23,7.414],[100.259,7.417],[100.282,7.437],[100.276,7.478]]]]}},{"type":"Feature","id":51,"properties":{"id":51,"en":"Bang Khan","th":"บางขัน","prov":"นครศรีธรรมราช","code":"80"},"geometry":{"type":"MultiPolygon","coordinates":[[[[99.603,7.983],[99.582,7.992],[99.569,8.034],[99.551,8.039],[99.538,8.08],[99.523,8.079],[99.521,8.144],[99.504,8.143],[99.501,8.124],[99.476,8.143],[99.46,8.134],[99.463,8.121],[99.416,8.126],[99.402,8.124],[99.392,8.11],[99.394,8.086],[99.385,8.083],[99.383,8.072],[99.415,8],[99.396,7.982],[99.393,7.966],[99.399,7.957],[99.385,7.944],[99.365,7.945],[99.398,7.925],[99.425,7.928],[99.414,7.898],[99.427,7.875],[99.436,7.875],[99.443,7.886],[99.456,7.889],[99.472,7.905],[99.48,7.882],[99.503,7.887],[99.524,7.875],[99.539,7.882],[99.535,7.883],[99.535,7.898],[99.542,7.902],[99.541,7.912],[99.563,7.925],[99.562,7.936],[99.568,7.936],[99.572,7.947],[99.583,7.946],[99.586,7.957],[99.596,7.957],[99.592,7.963],[99.607,7.979],[99.603,7.983]]]]}},{"type":"Feature","id":53,"properties":{"id":53,"en":"Bang Khla","th":"","prov":"","code":"24"},"geometry":{"type":"MultiPolygon","coordinates":[[[[101.213,13.616],[101.218,13.616],[101.223,13.632],[101.223,13.66],[101.237,13.666],[101.248,13.655],[101.269,13.675],[101.256,13.686],[101.256,13.71],[101.243,13.72],[101.251,13.736],[101.244,13.745],[101.247,13.76],[101.256,13.767],[101.237,13.775],[101.236,13.787],[101.26,13.789],[101.261,13.8],[101.25,13.806],[101.243,13.822],[101.257,13.84],[101.246,13.876],[101.225,13.886],[101.221,13.886],[101.222,13.877],[101.201,13.878],[101.184,13.863],[101.175,13.862],[101.162,13.853],[101.157,13.826],[101.169,13.825],[101.188,13.809],[101.181,13.798],[101.197,13.795],[101.191,13.785],[101.202,13.78],[101.204,13.767],[101.194,13.76],[101.192,13.748],[101.182,13.751],[101.179,13.761],[101.173,13.76],[101.173,13.743],[101.18,13.735],[101.208,13.741],[101.21,13.734],[101.2,13.723],[101.186,13.726],[101.18,13.714],[101.168,13.712],[101.163,13.696],[101.154,13.697],[101.15,13.71],[101.144,13.709],[101.137,13.68],[101.151,13.639],[101.172,13.624],[101.213,13.616]]]]}},{"type":"Feature","id":55,"properties":{"id":55,"en":"Bang Khonthi","th":"บางคนที","prov":"สมุทรสงคราม","code":"75"},"geometry":{"type":"MultiPolygon","coordinates":[[[[100.014,13.478],[100.029,13.495],[100.025,13.507],[100.009,13.516],[99.995,13.494],[99.989,13.501],[99.967,13.485],[99.961,13.497],[99.934,13.498],[99.925,13.514],[99.913,13.51],[99.919,13.501],[99.9,13.489],[99.889,13.47],[99.891,13.449],[99.899,13.447],[99.91,13.456],[99.919,13.442],[99.94,13.44],[99.947,13.449],[99.957,13.444],[99.979,13.458],[99.978,13.472],[99.985,13.472],[99.988,13.482],[99.999,13.484],[100.003,13.475],[100.014,13.478]]]]}},{"type":"Feature","id":57,"properties":{"id":57,"en":"Bang Klam","th":"บางกล่ำ","prov":"สงขลา","code":"90"},"geometry":{"type":"MultiPolygon","coordinates":[[[[100.303,7.039],[100.326,7.036],[100.336,7.025],[100.353,7.026],[100.353,7.033],[100.364,7.029],[100.377,7.012],[100.401,7.01],[100.395,6.993],[100.407,6.992],[100.452,7.021],[100.453,7.028],[100.439,7.035],[100.444,7.051],[100.436,7.061],[100.457,7.06],[100.467,7.072],[100.48,7.075],[100.473,7.098],[100.459,7.111],[100.454,7.131],[100.452,7.157],[100.462,7.187],[100.446,7.149],[100.437,7.144],[100.438,7.133],[100.429,7.134],[100.43,7.127],[100.411,7.11],[100.405,7.089],[100.352,7.074],[100.332,7.088],[100.321,7.081],[100.318,7.06],[100.304,7.053],[100.303,7.039]]]]}},{"type":"Feature","id":58,"properties":{"id":58,"en":"Bang Krathum","th":"บางกระทุ่ม","prov":"พิษณุโลก","code":"65"},"geometry":{"type":"MultiPolygon","coordinates":[[[[100.484,16.552],[100.469,16.608],[100.44,16.619],[100.429,16.641],[100.413,16.655],[100.388,16.642],[100.383,16.647],[100.378,16.643],[100.38,16.659],[100.366,16.661],[100.336,16.701],[100.322,16.709],[100.302,16.705],[100.304,16.676],[100.297,16.66],[100.296,16.633],[100.292,16.638],[100.291,16.633],[100.286,16.634],[100.283,16.643],[100.258,16.639],[100.246,16.634],[100.217,16.648],[100.217,16.63],[100.233,16.613],[100.235,16.551],[100.23,16.538],[100.236,16.529],[100.255,16.53],[100.265,16.538],[100.333,16.526],[100.376,16.546],[100.369,16.549],[100.372,16.552],[100.388,16.554],[100.425,16.536],[100.429,16.521],[100.459,16.519],[100.472,16.521],[100.473,16.533],[100.484,16.54],[100.484,16.552]]]]}},{"type":"Feature","id":59,"properties":{"id":59,"en":"Bang Kruai","th":"ตลิ่งชัน","prov":"กรุงเทพมหานคร","code":"10"},"geometry":{"type":"MultiPolygon","coordinates":[[[[100.428,13.834],[100.403,13.824],[100.399,13.831],[100.368,13.816],[100.35,13.817],[100.348,13.825],[100.328,13.826],[100.319,13.823],[100.328,13.804],[100.464,13.797],[100.47,13.795],[100.466,13.789],[100.501,13.8],[100.515,13.813],[100.502,13.819],[100.491,13.81],[100.477,13.832],[100.466,13.825],[100.428,13.834]]]]}},{"type":"Feature","id":60,"properties":{"id":60,"en":"Bang Lamung","th":"บางละมุง","prov":"ชลบุรี","code":"20"},"geometry":{"type":"MultiPolygon","coordinates":[[[[100.79,12.93],[100.789,12.938],[100.779,12.927],[100.769,12.928],[100.77,12.909],[100.773,12.897],[100.782,12.902],[100.79,12.93]]],[[[100.68,12.949],[100.677,12.952],[100.662,12.945],[100.676,12.919],[100.686,12.928],[100.677,12.94],[100.68,12.949]]],[[[100.653,12.963],[100.648,12.963],[100.648,12.951],[100.653,12.963]]],[[[101.05,12.815],[101.064,12.835],[101.062,12.858],[101.08,12.895],[101.076,12.904],[101.089,12.915],[101.091,12.96],[101.104,12.973],[101.096,12.975],[101.091,12.998],[101.064,13.009],[101.057,13.019],[101.026,13.029],[101.019,13.023],[101.005,13.041],[100.992,13.041],[100.98,13.052],[100.963,13.053],[100.954,13.047],[100.952,13.085],[100.921,13.068],[100.913,13.066],[100.928,13.013],[100.921,12.99],[100.902,12.971],[100.893,12.975],[100.883,12.971],[100.882,12.936],[100.869,12.925],[100.862,12.93],[100.856,12.91],[100.893,12.865],[100.911,12.866],[100.918,12.855],[100.919,12.824],[100.927,12.818],[100.927,12.802],[100.949,12.795],[100.955,12.777],[100.975,12.772],[100.982,12.758],[100.994,12.767],[101.012,12.768],[101.017,12.797],[101.036,12.812],[101.05,12.815]]]]}},{"type":"Feature","id":61,"properties":{"id":61,"en":"Bang Len","th":"บางเลน","prov":"นครปฐม","code":"73"},"geometry":{"type":"MultiPolygon","coordinates":[[[[100.282,14.127],[100.284,14.17],[100.213,14.179],[100.174,14.16],[100.161,14.147],[100.14,14.145],[100.132,14.139],[100.131,14.146],[100.063,14.145],[100.067,14.118],[100.062,14.106],[100.068,14.099],[100.06,14.091],[100.065,14.073],[100.059,14.071],[100.061,14.054],[100.052,14.052],[100.056,14.035],[100.088,14.04],[100.094,14.052],[100.114,14.043],[100.108,14.011],[100.096,14.002],[100.104,13.964],[100.12,13.964],[100.16,13.931],[100.177,13.92],[100.198,13.916],[100.211,13.905],[100.233,13.9],[100.274,13.905],[100.28,13.89],[100.286,13.892],[100.275,13.914],[100.265,13.921],[100.298,13.963],[100.262,13.998],[100.27,14.023],[100.277,14.024],[100.264,14.06],[100.276,14.08],[100.277,14.101],[100.284,14.101],[100.282,14.127]]]]}},{"type":"Feature","id":62,"properties":{"id":62,"en":"Bang Mun Nak","th":"บางมูลนาก","prov":"พิจิตร","code":"66"},"geometry":{"type":"MultiPolygon","coordinates":[[[[100.523,16.096],[100.517,16.089],[100.475,16.095],[100.471,16.116],[100.453,16.12],[100.435,16.116],[100.433,16.123],[100.449,16.126],[100.432,16.14],[100.437,16.153],[100.424,16.159],[100.398,16.157],[100.377,16.136],[100.375,16.126],[100.358,16.12],[100.372,16.107],[100.365,16.098],[100.369,16.091],[100.339,16.049],[100.342,16.035],[100.333,16.014],[100.326,16.005],[100.329,16.001],[100.318,16.001],[100.3,15.983],[100.306,15.973],[100.323,15.974],[100.322,15.988],[100.346,15.974],[100.331,15.941],[100.352,15.935],[100.378,15.941],[100.413,15.93],[100.427,15.939],[100.445,15.93],[100.461,15.938],[100.515,15.938],[100.519,15.94],[100.5,15.958],[100.493,15.998],[100.534,16.01],[100.533,16.016],[100.522,16.015],[100.521,16.02],[100.538,16.05],[100.542,16.08],[100.523,16.096]]]]}},{"type":"Feature","id":64,"properties":{"id":64,"en":"Bang Nam Priao","th":"บางน้ำเปรี้ยว","prov":"ฉะเชิงเทรา","code":"24"},"geometry":{"type":"MultiPolygon","coordinates":[[[[101.138,13.97],[101.045,13.977],[100.914,13.961],[100.904,13.848],[100.913,13.847],[100.908,13.838],[100.939,13.814],[100.931,13.804],[100.976,13.771],[100.983,13.78],[100.981,13.793],[100.995,13.8],[101.014,13.784],[101.022,13.789],[101.034,13.779],[101.038,13.79],[101.052,13.789],[101.064,13.797],[101.081,13.763],[101.083,13.775],[101.115,13.779],[101.118,13.794],[101.103,13.835],[101.116,13.835],[101.123,13.831],[101.129,13.845],[101.146,13.848],[101.161,13.861],[101.145,13.871],[101.139,13.883],[101.144,13.888],[101.152,13.879],[101.162,13.893],[101.15,13.889],[101.146,13.893],[101.156,13.897],[101.152,13.913],[101.161,13.933],[101.152,13.931],[101.148,13.961],[101.138,13.97]]]]}},{"type":"Feature","id":65,"properties":{"id":65,"en":"Bang Pa-In","th":"บางปะอิน","prov":"พระนครศรีอยุธยา","code":"14"},"geometry":{"type":"MultiPolygon","coordinates":[[[[100.63,14.323],[100.585,14.321],[100.587,14.304],[100.548,14.301],[100.523,14.276],[100.527,14.275],[100.531,14.251],[100.528,14.24],[100.518,14.239],[100.53,14.228],[100.534,14.164],[100.565,14.147],[100.579,14.139],[100.58,14.128],[100.607,14.136],[100.62,14.129],[100.619,14.19],[100.614,14.193],[100.628,14.207],[100.644,14.212],[100.647,14.223],[100.635,14.231],[100.677,14.268],[100.674,14.275],[100.684,14.297],[100.676,14.311],[100.669,14.31],[100.659,14.323],[100.63,14.323]]]]}},{"type":"Feature","id":66,"properties":{"id":66,"en":"Bang Pahan","th":"บางปะหัน","prov":"พระนครศรีอยุธยา","code":"14"},"geometry":{"type":"MultiPolygon","coordinates":[[[[100.505,14.406],[100.577,14.405],[100.58,14.43],[100.598,14.438],[100.576,14.455],[100.576,14.465],[100.565,14.468],[100.586,14.487],[100.583,14.494],[100.601,14.515],[100.6,14.53],[100.593,14.536],[100.603,14.544],[100.602,14.554],[100.572,14.547],[100.544,14.524],[100.521,14.52],[100.514,14.525],[100.516,14.532],[100.508,14.532],[100.491,14.488],[100.497,14.46],[100.513,14.438],[100.505,14.406]]]]}},{"type":"Feature","id":67,"properties":{"id":67,"en":"Bang Pakong","th":"บางปะกง","prov":"ฉะเชิงเทรา","code":"24"},"geometry":{"type":"MultiPolygon","coordinates":[[[[100.961,13.636],[100.923,13.594],[100.907,13.592],[100.907,13.581],[100.915,13.571],[100.904,13.554],[100.89,13.564],[100.872,13.524],[100.872,13.49],[100.848,13.478],[100.928,13.463],[100.955,13.467],[100.963,13.461],[100.974,13.473],[100.986,13.463],[101.009,13.46],[101.016,13.475],[101.039,13.48],[101.036,13.486],[101.051,13.504],[101.049,13.509],[101.066,13.51],[101.071,13.503],[101.071,13.535],[101.057,13.539],[101.056,13.548],[101.024,13.551],[101.022,13.563],[100.992,13.584],[100.999,13.594],[100.997,13.602],[101.009,13.602],[100.995,13.63],[100.988,13.633],[100.981,13.622],[100.961,13.636]]]]}},{"type":"Feature","id":68,"properties":{"id":68,"en":"Bang Phae","th":"","prov":"","code":"70"},"geometry":{"type":"MultiPolygon","coordinates":[[[[100.06,13.66],[100.068,13.679],[100.066,13.696],[100.035,13.692],[100.025,13.698],[100.023,13.735],[100.031,13.744],[100.029,13.754],[99.96,13.722],[99.948,13.738],[99.908,13.727],[99.896,13.717],[99.893,13.703],[99.907,13.683],[99.904,13.673],[99.913,13.668],[99.905,13.659],[99.905,13.637],[99.939,13.627],[99.948,13.618],[99.962,13.62],[99.963,13.639],[99.985,13.644],[99.996,13.644],[100.005,13.629],[100.021,13.636],[100.025,13.617],[100.03,13.619],[100.031,13.613],[100.046,13.616],[100.054,13.619],[100.06,13.66]]]]}},{"type":"Feature","id":70,"properties":{"id":70,"en":"Bang Phli","th":"บางพลี","prov":"สมุทรปราการ","code":"11"},"geometry":{"type":"MultiPolygon","coordinates":[[[[100.772,13.554],[100.762,13.559],[100.77,13.589],[100.779,13.595],[100.786,13.615],[100.782,13.647],[100.794,13.665],[100.791,13.677],[100.763,13.675],[100.786,13.707],[100.783,13.717],[100.71,13.717],[100.712,13.701],[100.698,13.656],[100.667,13.668],[100.655,13.672],[100.65,13.653],[100.645,13.654],[100.629,13.629],[100.671,13.614],[100.668,13.605],[100.678,13.586],[100.699,13.585],[100.708,13.545],[100.696,13.523],[100.764,13.511],[100.772,13.554]]]]}},{"type":"Feature","id":71,"properties":{"id":71,"en":"Bang Pla Ma","th":"บางปลาม้า","prov":"สุพรรณบุรี","code":"72"},"geometry":{"type":"MultiPolygon","coordinates":[[[[100.246,14.454],[100.222,14.452],[100.218,14.436],[100.207,14.441],[100.173,14.436],[100.17,14.43],[100.108,14.43],[100.099,14.418],[100.088,14.418],[100.082,14.41],[100.077,14.424],[100.064,14.41],[100.044,14.408],[100.044,14.404],[100.026,14.401],[100.002,14.408],[100.004,14.382],[99.994,14.373],[99.997,14.366],[99.984,14.337],[99.995,14.333],[99.992,14.311],[99.998,14.299],[100.007,14.293],[100.035,14.3],[100.062,14.297],[100.062,14.281],[100.08,14.29],[100.084,14.28],[100.09,14.285],[100.122,14.282],[100.134,14.289],[100.196,14.255],[100.196,14.248],[100.212,14.251],[100.211,14.243],[100.224,14.237],[100.243,14.241],[100.251,14.263],[100.251,14.292],[100.282,14.329],[100.276,14.331],[100.273,14.359],[100.262,14.367],[100.272,14.374],[100.28,14.4],[100.262,14.422],[100.263,14.428],[100.245,14.437],[100.252,14.44],[100.246,14.454]]]]}},{"type":"Feature","id":72,"properties":{"id":72,"en":"Bang Rachan","th":"บางระจัน","prov":"สิงห์บุรี","code":"17"},"geometry":{"type":"MultiPolygon","coordinates":[[[[100.342,14.937],[100.32,14.956],[100.301,14.951],[100.288,14.956],[100.259,14.944],[100.237,14.952],[100.203,14.953],[100.198,14.939],[100.182,14.935],[100.182,14.924],[100.192,14.905],[100.216,14.91],[100.224,14.903],[100.206,14.895],[100.21,14.884],[100.224,14.884],[100.216,14.872],[100.221,14.865],[100.218,14.839],[100.239,14.844],[100.24,14.839],[100.251,14.84],[100.254,14.847],[100.248,14.857],[100.253,14.867],[100.263,14.869],[100.275,14.847],[100.271,14.827],[100.306,14.828],[100.321,14.849],[100.356,14.85],[100.37,14.867],[100.365,14.878],[100.35,14.882],[100.349,14.893],[100.341,14.898],[100.342,14.909],[100.336,14.914],[100.348,14.925],[100.342,14.937]]]]}},{"type":"Feature","id":74,"properties":{"id":74,"en":"Bang Rakam","th":"บางระกำ","prov":"พิษณุโลก","code":"65"},"geometry":{"type":"MultiPolygon","coordinates":[[[[100.111,16.915],[100.101,16.915],[100.1,16.9],[100.085,16.889],[100.077,16.893],[100.065,16.884],[100.044,16.895],[100.011,16.889],[100.001,16.863],[99.993,16.868],[99.971,16.86],[99.941,16.864],[99.942,16.826],[99.93,16.811],[99.888,16.796],[99.88,16.787],[99.877,16.765],[99.866,16.758],[99.864,16.741],[99.853,16.735],[99.872,16.725],[99.873,16.715],[99.884,16.711],[99.889,16.715],[99.897,16.706],[99.885,16.701],[99.891,16.698],[99.885,16.694],[99.892,16.686],[99.889,16.671],[99.925,16.579],[99.943,16.574],[99.971,16.58],[99.984,16.575],[100.004,16.579],[100.008,16.586],[100.015,16.583],[100.014,16.574],[100.032,16.584],[100.044,16.571],[100.082,16.582],[100.089,16.588],[100.087,16.598],[100.119,16.614],[100.14,16.599],[100.15,16.606],[100.165,16.592],[100.186,16.589],[100.179,16.602],[100.196,16.608],[100.195,16.62],[100.201,16.618],[100.203,16.624],[100.192,16.627],[100.192,16.648],[100.203,16.642],[100.212,16.645],[100.226,16.666],[100.217,16.663],[100.209,16.673],[100.201,16.685],[100.207,16.688],[100.2,16.695],[100.203,16.701],[100.164,16.748],[100.165,16.79],[100.15,16.808],[100.16,16.805],[100.166,16.82],[100.155,16.846],[100.131,16.861],[100.135,16.874],[100.129,16.879],[100.137,16.88],[100.128,16.894],[100.114,16.897],[100.121,16.907],[100.111,16.915]]]]}},{"type":"Feature","id":75,"properties":{"id":75,"en":"Bang Sai","th":"","prov":"","code":"14"},"geometry":{"type":"MultiPolygon","coordinates":[[[[100.432,14.307],[100.438,14.26],[100.425,14.25],[100.427,14.227],[100.418,14.224],[100.414,14.179],[100.426,14.174],[100.425,14.161],[100.437,14.16],[100.443,14.167],[100.448,14.153],[100.461,14.151],[100.461,14.126],[100.456,14.129],[100.455,14.116],[100.492,14.114],[100.518,14.13],[100.551,14.111],[100.552,14.118],[100.56,14.118],[100.58,14.128],[100.579,14.139],[100.534,14.164],[100.53,14.228],[100.518,14.239],[100.528,14.24],[100.531,14.251],[100.527,14.275],[100.523,14.276],[100.527,14.28],[100.508,14.325],[100.498,14.329],[100.481,14.317],[100.449,14.323],[100.432,14.307]]]]}},{"type":"Feature","id":76,"properties":{"id":76,"en":"Bang Sai","th":"","prov":"","code":"14"},"geometry":{"type":"MultiPolygon","coordinates":[[[[100.234,14.242],[100.231,14.213],[100.236,14.204],[100.244,14.21],[100.261,14.202],[100.264,14.218],[100.274,14.219],[100.279,14.235],[100.29,14.241],[100.297,14.256],[100.305,14.253],[100.311,14.26],[100.355,14.32],[100.354,14.33],[100.337,14.334],[100.333,14.347],[100.348,14.38],[100.362,14.384],[100.371,14.402],[100.273,14.407],[100.28,14.4],[100.276,14.383],[100.263,14.364],[100.273,14.359],[100.276,14.331],[100.282,14.329],[100.251,14.292],[100.248,14.252],[100.243,14.241],[100.234,14.242]]]]}},{"type":"Feature","id":77,"properties":{"id":77,"en":"Bang Sao Thong","th":"บางเสาธง","prov":"สมุทรปราการ","code":"11"},"geometry":{"type":"MultiPolygon","coordinates":[[[[100.859,13.69],[100.783,13.717],[100.786,13.707],[100.763,13.675],[100.791,13.677],[100.794,13.665],[100.782,13.647],[100.786,13.615],[100.779,13.595],[100.77,13.589],[100.762,13.559],[100.79,13.549],[100.796,13.567],[100.804,13.562],[100.81,13.57],[100.829,13.566],[100.822,13.574],[100.832,13.579],[100.842,13.602],[100.843,13.615],[100.837,13.622],[100.852,13.641],[100.847,13.653],[100.859,13.67],[100.859,13.69]]]]}},{"type":"Feature","id":78,"properties":{"id":78,"en":"Bang Saphan","th":"บางสะพาน","prov":"ประจวบคีรีขันธ์","code":"77"},"geometry":{"type":"MultiPolygon","coordinates":[[[[99.599,11.405],[99.58,11.414],[99.533,11.419],[99.521,11.43],[99.484,11.426],[99.473,11.436],[99.437,11.446],[99.42,11.476],[99.411,11.473],[99.41,11.465],[99.394,11.462],[99.391,11.456],[99.4,11.444],[99.394,11.441],[99.403,11.424],[99.404,11.406],[99.398,11.4],[99.402,11.389],[99.365,11.372],[99.345,11.349],[99.343,11.333],[99.327,11.337],[99.326,11.329],[99.312,11.317],[99.325,11.285],[99.307,11.256],[99.283,11.244],[99.267,11.219],[99.283,11.22],[99.284,11.206],[99.298,11.196],[99.312,11.175],[99.32,11.172],[99.329,11.188],[99.341,11.192],[99.361,11.169],[99.381,11.161],[99.381,11.148],[99.398,11.133],[99.411,11.141],[99.431,11.138],[99.44,11.146],[99.481,11.13],[99.485,11.136],[99.485,11.127],[99.497,11.164],[99.522,11.197],[99.541,11.207],[99.554,11.206],[99.563,11.202],[99.559,11.19],[99.567,11.183],[99.579,11.195],[99.582,11.212],[99.56,11.234],[99.55,11.294],[99.561,11.338],[99.571,11.356],[99.581,11.357],[99.599,11.405]]]]}},{"type":"Feature","id":79,"properties":{"id":79,"en":"Bang Saphan Noi","th":"บางสะพานน้อย","prov":"ประจวบคีรีขันธ์","code":"77"},"geometry":{"type":"MultiPolygon","coordinates":[[[[99.563,11.085],[99.544,11.068],[99.561,11.071],[99.563,11.085]]],[[[99.267,11.219],[99.253,11.169],[99.225,11.142],[99.228,11.112],[99.212,11.098],[99.203,11.101],[99.2,11.091],[99.19,11.084],[99.179,11.083],[99.18,11.06],[99.172,11.056],[99.172,11.044],[99.152,11.031],[99.148,11.016],[99.166,11.011],[99.169,11.001],[99.2,10.997],[99.202,10.985],[99.206,10.99],[99.258,10.965],[99.265,10.97],[99.281,10.958],[99.29,10.969],[99.306,10.965],[99.321,10.971],[99.332,10.965],[99.345,10.976],[99.362,10.969],[99.376,10.973],[99.382,10.962],[99.407,10.955],[99.469,10.994],[99.49,10.988],[99.503,10.992],[99.501,11.043],[99.485,11.136],[99.481,11.13],[99.44,11.146],[99.431,11.138],[99.411,11.141],[99.398,11.133],[99.381,11.148],[99.381,11.161],[99.361,11.169],[99.341,11.192],[99.329,11.188],[99.323,11.172],[99.312,11.175],[99.295,11.203],[99.284,11.206],[99.283,11.22],[99.267,11.219]]]]}},{"type":"Feature","id":81,"properties":{"id":81,"en":"Bang Yai","th":"","prov":"","code":"12"},"geometry":{"type":"MultiPolygon","coordinates":[[[[100.342,13.883],[100.302,13.879],[100.297,13.87],[100.319,13.823],[100.348,13.825],[100.35,13.817],[100.368,13.816],[100.399,13.831],[100.403,13.824],[100.423,13.836],[100.431,13.835],[100.443,13.849],[100.445,13.871],[100.427,13.863],[100.419,13.869],[100.42,13.877],[100.377,13.898],[100.373,13.911],[100.362,13.879],[100.342,13.883]]]]}},{"type":"Feature","id":84,"properties":{"id":84,"en":"Bannang Sata","th":"บันนังสตา","prov":"ยะลา","code":"95"},"geometry":{"type":"MultiPolygon","coordinates":[[[[101.326,6.392],[101.284,6.38],[101.267,6.363],[101.293,6.355],[101.286,6.348],[101.286,6.342],[101.292,6.347],[101.292,6.336],[101.282,6.316],[101.299,6.296],[101.267,6.307],[101.261,6.324],[101.247,6.322],[101.226,6.341],[101.182,6.284],[101.151,6.289],[101.132,6.276],[101.13,6.266],[101.113,6.272],[101.102,6.255],[101.112,6.251],[101.105,6.239],[101.119,6.213],[101.115,6.204],[101.126,6.194],[101.118,6.186],[101.127,6.182],[101.155,6.191],[101.194,6.205],[101.244,6.204],[101.246,6.213],[101.266,6.216],[101.261,6.19],[101.269,6.163],[101.276,6.161],[101.262,6.13],[101.295,6.131],[101.328,6.158],[101.345,6.161],[101.373,6.149],[101.394,6.16],[101.371,6.208],[101.395,6.223],[101.403,6.24],[101.395,6.246],[101.403,6.273],[101.394,6.301],[101.4,6.316],[101.374,6.35],[101.355,6.358],[101.357,6.374],[101.326,6.392]]]]}},{"type":"Feature","id":85,"properties":{"id":85,"en":"Banphot Phisai","th":"บรรพตพิสัย","prov":"นครสวรรค์","code":"60"},"geometry":{"type":"MultiPolygon","coordinates":[[[[100.113,16.08],[100.096,16.094],[100.095,16.111],[100.077,16.124],[100.086,16.141],[100.077,16.147],[100.076,16.162],[100.063,16.159],[100.044,16.168],[100.037,16.183],[100.025,16.191],[100.017,16.149],[99.997,16.133],[99.996,16.123],[99.973,16.11],[99.958,16.086],[99.941,16.072],[99.935,16.056],[99.91,16.052],[99.895,16.039],[99.874,16.037],[99.845,16.023],[99.847,15.982],[99.828,15.963],[99.825,15.951],[99.807,15.944],[99.805,15.921],[99.827,15.912],[99.839,15.915],[99.86,15.902],[99.866,15.904],[99.864,15.909],[99.879,15.914],[99.888,15.91],[99.93,15.838],[99.957,15.848],[99.968,15.842],[99.976,15.849],[100,15.847],[100.012,15.862],[100.044,15.869],[100.053,15.879],[100.034,15.895],[100.057,15.929],[100.065,15.925],[100.076,15.93],[100.087,15.945],[100.088,15.958],[100.112,15.945],[100.121,15.931],[100.135,15.938],[100.13,15.954],[100.136,15.959],[100.15,15.953],[100.161,15.959],[100.162,15.978],[100.148,15.989],[100.131,16.018],[100.13,16.035],[100.115,16.047],[100.118,16.059],[100.109,16.076],[100.113,16.08]]]]}},{"type":"Feature","id":86,"properties":{"id":86,"en":"Benchalak","th":"","prov":"","code":"33"},"geometry":{"type":"MultiPolygon","coordinates":[[[[104.798,14.81],[104.76,14.817],[104.717,14.859],[104.696,14.855],[104.63,14.857],[104.613,14.868],[104.604,14.84],[104.608,14.803],[104.601,14.789],[104.585,14.788],[104.577,14.777],[104.613,14.767],[104.61,14.778],[104.646,14.789],[104.651,14.781],[104.674,14.771],[104.679,14.736],[104.706,14.733],[104.74,14.706],[104.775,14.729],[104.81,14.722],[104.819,14.742],[104.835,14.733],[104.838,14.74],[104.82,14.753],[104.814,14.791],[104.798,14.81]]]]}},{"type":"Feature","id":87,"properties":{"id":87,"en":"Betong","th":"เบตง","prov":"ยะลา","code":"95"},"geometry":{"type":"MultiPolygon","coordinates":[[[[101.478,6.044],[101.406,6.058],[101.4,6.052],[101.389,6.053],[101.388,6.047],[101.369,6.051],[101.364,6.039],[101.352,6.033],[101.351,6.023],[101.328,6.012],[101.324,5.979],[101.331,5.954],[101.326,5.935],[101.306,5.906],[101.286,5.894],[101.266,5.917],[101.251,5.979],[101.252,5.999],[101.24,5.998],[101.236,6.006],[101.226,6.007],[101.215,5.996],[101.189,5.997],[101.158,6.014],[101.127,5.999],[101.106,5.999],[101.107,5.99],[101.124,5.977],[101.111,5.957],[101.095,5.95],[101.1,5.943],[101.088,5.926],[101.086,5.911],[101.063,5.92],[101.052,5.91],[101.038,5.918],[101.027,5.915],[101.029,5.901],[101.009,5.874],[101.006,5.851],[101.012,5.838],[100.999,5.819],[100.983,5.808],[100.989,5.785],[101.017,5.767],[101.034,5.738],[101.062,5.742],[101.062,5.727],[101.083,5.72],[101.08,5.711],[101.096,5.703],[101.097,5.692],[101.119,5.67],[101.135,5.613],[101.164,5.631],[101.172,5.648],[101.196,5.65],[101.205,5.66],[101.214,5.662],[101.222,5.675],[101.218,5.688],[101.242,5.692],[101.259,5.711],[101.26,5.733],[101.25,5.762],[101.264,5.801],[101.277,5.812],[101.305,5.814],[101.311,5.802],[101.324,5.814],[101.346,5.809],[101.349,5.826],[101.359,5.834],[101.374,5.832],[101.38,5.851],[101.389,5.858],[101.391,5.876],[101.428,5.875],[101.454,5.868],[101.465,5.877],[101.485,5.87],[101.487,5.884],[101.494,5.882],[101.502,5.89],[101.499,5.901],[101.49,5.9],[101.49,5.937],[101.497,5.95],[101.486,5.956],[101.484,5.978],[101.479,5.976],[101.473,5.989],[101.482,6.013],[101.474,6.039],[101.478,6.044]]]]}},{"type":"Feature","id":88,"properties":{"id":88,"en":"Bo Kluea","th":"บ่อเกลือ","prov":"น่าน","code":"55"},"geometry":{"type":"MultiPolygon","coordinates":[[[[101.204,19.354],[101.161,19.353],[101.158,19.364],[101.121,19.356],[101.112,19.343],[101.112,19.31],[101.129,19.289],[101.13,19.209],[101.106,19.193],[101.109,19.178],[101.086,19.14],[101.071,19.128],[101.07,19.091],[101.076,19.085],[101.06,19.052],[101.07,19.047],[101.069,19.032],[101.078,19.025],[101.077,19.001],[101.063,18.985],[101.097,18.954],[101.112,18.961],[101.137,18.955],[101.121,18.937],[101.119,18.914],[101.126,18.912],[101.145,18.926],[101.16,18.928],[101.174,18.901],[101.19,18.888],[101.218,18.894],[101.221,18.901],[101.249,18.896],[101.254,18.906],[101.274,18.916],[101.274,18.93],[101.295,18.939],[101.293,18.981],[101.305,18.988],[101.31,19.002],[101.336,19.004],[101.358,19.051],[101.35,19.052],[101.339,19.07],[101.327,19.073],[101.325,19.081],[101.316,19.08],[101.297,19.094],[101.294,19.104],[101.257,19.125],[101.258,19.149],[101.246,19.18],[101.26,19.231],[101.249,19.246],[101.241,19.282],[101.227,19.306],[101.231,19.318],[101.242,19.326],[101.228,19.348],[101.219,19.344],[101.204,19.354]]]]}},{"type":"Feature","id":89,"properties":{"id":89,"en":"Bo Phloi","th":"บ่อพลอย","prov":"กาญจนบุรี","code":"71"},"geometry":{"type":"MultiPolygon","coordinates":[[[[99.58,14.591],[99.568,14.592],[99.544,14.577],[99.548,14.558],[99.536,14.557],[99.524,14.545],[99.506,14.547],[99.493,14.536],[99.451,14.534],[99.424,14.553],[99.426,14.578],[99.398,14.592],[99.406,14.606],[99.401,14.617],[99.381,14.62],[99.347,14.604],[99.339,14.611],[99.339,14.622],[99.327,14.624],[99.316,14.636],[99.279,14.619],[99.279,14.567],[99.295,14.54],[99.304,14.537],[99.309,14.517],[99.305,14.484],[99.31,14.46],[99.321,14.45],[99.322,14.397],[99.327,14.387],[99.34,14.384],[99.34,14.37],[99.361,14.348],[99.352,14.34],[99.366,14.315],[99.357,14.304],[99.363,14.282],[99.352,14.281],[99.35,14.271],[99.338,14.268],[99.339,14.244],[99.383,14.227],[99.384,14.217],[99.396,14.204],[99.437,14.194],[99.445,14.163],[99.465,14.144],[99.511,14.139],[99.526,14.147],[99.538,14.135],[99.566,14.129],[99.574,14.174],[99.562,14.202],[99.563,14.22],[99.572,14.222],[99.57,14.235],[99.587,14.252],[99.58,14.284],[99.59,14.309],[99.586,14.336],[99.562,14.346],[99.564,14.367],[99.544,14.379],[99.559,14.419],[99.558,14.439],[99.578,14.479],[99.585,14.526],[99.589,14.526],[99.596,14.546],[99.599,14.577],[99.58,14.591]]]]}},{"type":"Feature","id":90,"properties":{"id":90,"en":"Bo Rai","th":"บ่อไร่","prov":"ตราด","code":"23"},"geometry":{"type":"MultiPolygon","coordinates":[[[[102.508,12.752],[102.491,12.757],[102.474,12.736],[102.441,12.737],[102.431,12.723],[102.425,12.723],[102.424,12.711],[102.401,12.699],[102.403,12.693],[102.393,12.687],[102.394,12.679],[102.385,12.68],[102.388,12.649],[102.404,12.642],[102.415,12.619],[102.443,12.603],[102.442,12.587],[102.467,12.562],[102.481,12.533],[102.483,12.493],[102.498,12.513],[102.542,12.512],[102.551,12.506],[102.562,12.478],[102.552,12.467],[102.561,12.464],[102.572,12.47],[102.581,12.446],[102.602,12.443],[102.608,12.436],[102.611,12.405],[102.628,12.393],[102.637,12.396],[102.669,12.395],[102.678,12.406],[102.694,12.405],[102.71,12.396],[102.714,12.405],[102.754,12.423],[102.754,12.429],[102.778,12.426],[102.778,12.436],[102.772,12.438],[102.766,12.456],[102.751,12.462],[102.746,12.458],[102.737,12.466],[102.74,12.482],[102.734,12.489],[102.721,12.486],[102.729,12.512],[102.711,12.508],[102.705,12.52],[102.695,12.521],[102.692,12.533],[102.678,12.539],[102.685,12.549],[102.669,12.563],[102.662,12.583],[102.645,12.586],[102.646,12.611],[102.617,12.616],[102.58,12.653],[102.568,12.658],[102.534,12.653],[102.51,12.67],[102.505,12.683],[102.51,12.692],[102.497,12.704],[102.504,12.714],[102.5,12.74],[102.508,12.752]]]]}},{"type":"Feature","id":91,"properties":{"id":91,"en":"Bo Thong","th":"บ่อทอง","prov":"ชลบุรี","code":"20"},"geometry":{"type":"MultiPolygon","coordinates":[[[[101.318,13.282],[101.334,13.264],[101.351,13.26],[101.43,13.15],[101.437,13.149],[101.439,13.157],[101.46,13.14],[101.496,13.153],[101.518,13.137],[101.519,13.122],[101.537,13.104],[101.537,13.088],[101.547,13.073],[101.574,13.087],[101.582,13.129],[101.622,13.141],[101.635,13.16],[101.657,13.162],[101.661,13.154],[101.696,13.147],[101.703,13.161],[101.715,13.163],[101.72,13.178],[101.713,13.206],[101.694,13.222],[101.685,13.25],[101.674,13.257],[101.668,13.273],[101.618,13.302],[101.6,13.303],[101.58,13.333],[101.564,13.331],[101.547,13.386],[101.516,13.38],[101.473,13.349],[101.463,13.361],[101.442,13.359],[101.419,13.373],[101.388,13.35],[101.345,13.34],[101.344,13.332],[101.328,13.344],[101.281,13.348],[101.271,13.336],[101.267,13.314],[101.292,13.307],[101.318,13.282]]]]}},{"type":"Feature","id":92,"properties":{"id":92,"en":"Borabue","th":"บรบือ","prov":"มหาสารคาม","code":"44"},"geometry":{"type":"MultiPolygon","coordinates":[[[[103.249,15.976],[103.237,15.988],[103.219,15.995],[103.221,16.001],[103.206,16.016],[103.21,16.046],[103.254,16.072],[103.248,16.086],[103.236,16.093],[103.217,16.085],[103.208,16.088],[103.224,16.122],[103.219,16.135],[103.184,16.153],[103.146,16.129],[103.127,16.134],[103.131,16.147],[103.124,16.151],[103.12,16.171],[103.079,16.143],[103.07,16.147],[103.08,16.129],[103.079,16.101],[103.07,16.089],[103.041,16.079],[103.034,16.054],[103.026,16.051],[103.033,16.045],[103.028,16.041],[103.011,16.047],[103.001,16.04],[103.004,16.026],[102.999,16.024],[102.997,16.001],[103.001,15.989],[102.984,15.955],[102.968,15.942],[102.955,15.944],[102.958,15.933],[102.942,15.909],[102.996,15.918],[103.003,15.914],[103.004,15.903],[103.028,15.906],[103.046,15.899],[103.061,15.878],[103.116,15.842],[103.161,15.868],[103.221,15.874],[103.23,15.891],[103.239,15.888],[103.251,15.895],[103.248,15.907],[103.258,15.909],[103.265,15.92],[103.259,15.926],[103.263,15.934],[103.25,15.949],[103.249,15.976]]]]}},{"type":"Feature","id":93,"properties":{"id":93,"en":"Bua Lai","th":"","prov":"","code":"30"},"geometry":{"type":"MultiPolygon","coordinates":[[[[102.598,15.712],[102.556,15.704],[102.532,15.711],[102.513,15.728],[102.479,15.718],[102.449,15.716],[102.441,15.705],[102.427,15.702],[102.419,15.687],[102.423,15.672],[102.443,15.673],[102.441,15.652],[102.45,15.637],[102.474,15.632],[102.469,15.624],[102.473,15.611],[102.506,15.611],[102.514,15.623],[102.517,15.615],[102.54,15.618],[102.549,15.626],[102.578,15.623],[102.605,15.679],[102.598,15.712]]]]}},{"type":"Feature","id":94,"properties":{"id":94,"en":"Bua Yai","th":"","prov":"","code":"30"},"geometry":{"type":"MultiPolygon","coordinates":[[[[102.247,15.547],[102.29,15.53],[102.318,15.526],[102.332,15.502],[102.349,15.504],[102.365,15.493],[102.378,15.5],[102.435,15.469],[102.461,15.467],[102.47,15.459],[102.488,15.471],[102.503,15.473],[102.521,15.465],[102.503,15.481],[102.473,15.488],[102.465,15.517],[102.466,15.53],[102.461,15.534],[102.466,15.541],[102.46,15.553],[102.484,15.554],[102.507,15.545],[102.507,15.551],[102.522,15.551],[102.524,15.577],[102.504,15.597],[102.506,15.611],[102.47,15.613],[102.474,15.632],[102.45,15.637],[102.442,15.649],[102.443,15.673],[102.423,15.672],[102.421,15.695],[102.404,15.7],[102.375,15.734],[102.363,15.73],[102.356,15.707],[102.301,15.681],[102.31,15.67],[102.307,15.665],[102.233,15.607],[102.231,15.598],[102.248,15.575],[102.247,15.547]]]]}},{"type":"Feature","id":95,"properties":{"id":95,"en":"Buachet","th":"บัวเชด","prov":"สุรินทร์","code":"32"},"geometry":{"type":"MultiPolygon","coordinates":[[[[104.051,14.637],[104.039,14.633],[103.998,14.637],[103.982,14.624],[103.967,14.598],[103.916,14.576],[103.883,14.554],[103.896,14.518],[103.891,14.489],[103.899,14.472],[103.894,14.435],[103.918,14.415],[103.921,14.405],[103.921,14.397],[103.913,14.394],[103.915,14.386],[103.902,14.383],[103.897,14.351],[103.923,14.332],[103.941,14.329],[103.95,14.333],[103.95,14.349],[103.983,14.353],[103.994,14.344],[104.006,14.355],[104.015,14.342],[104.03,14.338],[104.057,14.343],[104.044,14.361],[104.051,14.379],[104.047,14.408],[104.053,14.413],[104.05,14.434],[104.058,14.469],[104.047,14.483],[104.054,14.495],[104.035,14.498],[104.032,14.544],[104.047,14.556],[104.046,14.566],[104.055,14.58],[104.059,14.613],[104.051,14.637]]]]}},{"type":"Feature","id":96,"properties":{"id":96,"en":"Bueng Bun","th":"","prov":"","code":"33"},"geometry":{"type":"MultiPolygon","coordinates":[[[[104.114,15.282],[104.105,15.299],[104.089,15.309],[104.089,15.32],[104.081,15.32],[104.064,15.35],[104.061,15.343],[104.057,15.347],[104.053,15.341],[104.045,15.342],[104.044,15.333],[104.039,15.335],[104.036,15.328],[104.026,15.33],[104.029,15.318],[104.011,15.316],[104.015,15.29],[104.032,15.287],[104.058,15.267],[104.114,15.282]]]]}},{"type":"Feature","id":97,"properties":{"id":97,"en":"Bueng Khong Long","th":"บึงโขงหลง","prov":"บึงกาฬ","code":"38"},"geometry":{"type":"MultiPolygon","coordinates":[[[[104.19,18.024],[104.104,18.118],[104.084,18.17],[104.062,18.173],[104.059,18.161],[104.039,18.154],[104.042,18.168],[104.02,18.168],[103.996,18.183],[103.98,18.168],[103.97,18.169],[103.967,18.162],[103.955,18.161],[103.98,18.124],[103.99,18.122],[103.991,18.141],[104.005,18.149],[104.025,18.11],[104.043,18.106],[104.09,18.076],[104.095,18.064],[104.087,18.056],[104.035,18.057],[104.016,18.029],[104.026,18.01],[103.992,18],[104.006,17.989],[104,17.955],[104.013,17.926],[103.999,17.893],[104.013,17.893],[104.03,17.91],[104.048,17.91],[104.062,17.903],[104.061,17.896],[104.069,17.897],[104.065,17.886],[104.069,17.878],[104.101,17.909],[104.123,17.921],[104.131,17.94],[104.134,17.956],[104.117,17.967],[104.112,18.005],[104.173,18.003],[104.174,18.016],[104.182,18.013],[104.18,18.019],[104.19,18.024]]]]}},{"type":"Feature","id":99,"properties":{"id":99,"en":"Bueng Na Rang","th":"บึงนาราง","prov":"พิจิตร","code":"66"},"geometry":{"type":"MultiPolygon","coordinates":[[[[100.113,16.08],[100.129,16.071],[100.141,16.099],[100.165,16.11],[100.171,16.148],[100.174,16.152],[100.176,16.147],[100.182,16.156],[100.186,16.182],[100.197,16.19],[100.224,16.192],[100.229,16.169],[100.25,16.157],[100.255,16.157],[100.254,16.17],[100.259,16.172],[100.253,16.194],[100.259,16.21],[100.252,16.223],[100.263,16.228],[100.261,16.242],[100.253,16.236],[100.24,16.245],[100.133,16.247],[100.084,16.265],[100.06,16.263],[100.04,16.276],[100.036,16.269],[100.029,16.271],[100.021,16.253],[100.047,16.21],[100.038,16.196],[100.025,16.191],[100.037,16.183],[100.044,16.168],[100.063,16.159],[100.076,16.162],[100.077,16.147],[100.086,16.141],[100.077,16.124],[100.095,16.111],[100.096,16.094],[100.113,16.08]]]]}},{"type":"Feature","id":100,"properties":{"id":100,"en":"Bueng Sam Phan","th":"บึงสามพัน","prov":"เพชรบูรณ์","code":"67"},"geometry":{"type":"MultiPolygon","coordinates":[[[[101.364,15.931],[101.302,15.942],[101.299,15.921],[101.289,15.908],[101.277,15.914],[101.282,15.919],[101.278,15.932],[101.253,15.914],[101.241,15.912],[101.232,15.892],[101.21,15.893],[101.164,15.866],[101.137,15.867],[101.078,15.88],[101.064,15.871],[101.059,15.887],[101.043,15.882],[101.04,15.892],[101.001,15.909],[100.99,15.901],[100.958,15.911],[100.941,15.909],[100.94,15.9],[100.925,15.907],[100.926,15.892],[100.912,15.899],[100.892,15.9],[100.881,15.922],[100.871,15.926],[100.856,15.93],[100.845,15.925],[100.843,15.909],[100.822,15.91],[100.809,15.925],[100.798,15.926],[100.792,15.901],[100.81,15.885],[100.805,15.868],[100.81,15.86],[100.808,15.835],[100.798,15.826],[100.825,15.75],[100.819,15.713],[100.847,15.708],[100.902,15.738],[100.951,15.728],[100.954,15.734],[100.963,15.733],[100.978,15.741],[101.001,15.741],[101.027,15.754],[101.043,15.773],[101.06,15.76],[101.057,15.77],[101.072,15.767],[101.088,15.778],[101.09,15.8],[101.098,15.808],[101.195,15.806],[101.198,15.835],[101.218,15.851],[101.242,15.848],[101.246,15.864],[101.261,15.866],[101.269,15.857],[101.278,15.869],[101.297,15.87],[101.307,15.85],[101.319,15.844],[101.327,15.851],[101.332,15.882],[101.352,15.889],[101.375,15.918],[101.361,15.923],[101.364,15.931]]]]}},{"type":"Feature","id":101,"properties":{"id":101,"en":"Bueng Samakkhi","th":"","prov":"","code":"60"},"geometry":{"type":"MultiPolygon","coordinates":[[[[100.025,16.191],[100.038,16.196],[100.047,16.21],[100.021,16.251],[100.031,16.281],[100.019,16.297],[100.021,16.313],[100.013,16.32],[100.014,16.332],[100.002,16.343],[99.986,16.341],[99.938,16.288],[99.926,16.256],[99.918,16.255],[99.884,16.222],[99.876,16.195],[99.877,16.164],[99.864,16.149],[99.875,16.132],[99.901,16.125],[99.914,16.136],[99.919,16.126],[99.966,16.133],[99.988,16.117],[99.996,16.123],[99.997,16.133],[100.017,16.149],[100.025,16.191]]]]}},{"type":"Feature","id":102,"properties":{"id":102,"en":"Bung Khla","th":"บุ่งคล้า","prov":"บึงกาฬ","code":"38"},"geometry":{"type":"MultiPolygon","coordinates":[[[[104.084,18.17],[104.067,18.195],[104.061,18.219],[103.99,18.32],[103.965,18.339],[103.945,18.337],[103.909,18.317],[103.88,18.285],[103.881,18.257],[103.866,18.259],[103.862,18.251],[103.87,18.245],[103.864,18.234],[103.873,18.218],[103.885,18.219],[103.885,18.225],[103.895,18.229],[103.918,18.185],[103.93,18.188],[103.932,18.175],[103.947,18.158],[103.958,18.165],[103.967,18.162],[103.97,18.169],[103.98,18.168],[103.996,18.183],[104.02,18.168],[104.042,18.168],[104.039,18.154],[104.059,18.161],[104.062,18.173],[104.084,18.17]]]]}},{"type":"Feature","id":103,"properties":{"id":103,"en":"Buntharik","th":"บุณฑริก","prov":"อุบลราชธานี","code":"34"},"geometry":{"type":"MultiPolygon","coordinates":[[[[105.553,14.95],[105.525,14.957],[105.515,14.947],[105.511,14.952],[105.494,14.943],[105.464,14.92],[105.431,14.919],[105.429,14.912],[105.404,14.924],[105.393,14.922],[105.385,14.931],[105.375,14.929],[105.373,14.941],[105.337,14.938],[105.327,14.956],[105.297,14.954],[105.307,14.937],[105.291,14.944],[105.277,14.941],[105.279,14.931],[105.262,14.911],[105.258,14.892],[105.272,14.861],[105.262,14.83],[105.268,14.815],[105.253,14.77],[105.258,14.743],[105.252,14.712],[105.26,14.696],[105.283,14.68],[105.288,14.649],[105.296,14.638],[105.295,14.624],[105.311,14.598],[105.315,14.55],[105.321,14.542],[105.311,14.525],[105.325,14.499],[105.319,14.482],[105.325,14.458],[105.324,14.446],[105.31,14.432],[105.325,14.419],[105.32,14.408],[105.325,14.394],[105.341,14.384],[105.357,14.386],[105.372,14.399],[105.387,14.396],[105.387,14.41],[105.4,14.409],[105.408,14.424],[105.415,14.426],[105.43,14.416],[105.43,14.424],[105.441,14.428],[105.444,14.443],[105.489,14.5],[105.481,14.506],[105.501,14.513],[105.517,14.538],[105.526,14.537],[105.524,14.551],[105.534,14.555],[105.529,14.573],[105.539,14.584],[105.529,14.596],[105.53,14.608],[105.542,14.621],[105.53,14.623],[105.525,14.633],[105.531,14.642],[105.518,14.652],[105.517,14.667],[105.527,14.68],[105.516,14.697],[105.525,14.704],[105.521,14.728],[105.547,14.731],[105.543,14.739],[105.531,14.74],[105.513,14.753],[105.518,14.762],[105.514,14.773],[105.525,14.783],[105.511,14.799],[105.519,14.823],[105.537,14.819],[105.56,14.839],[105.544,14.861],[105.548,14.872],[105.58,14.879],[105.577,14.896],[105.559,14.923],[105.546,14.926],[105.553,14.95]]]]}},{"type":"Feature","id":104,"properties":{"id":104,"en":"Cha-Am","th":"ชะอำ","prov":"เพชรบุรี","code":"76"},"geometry":{"type":"MultiPolygon","coordinates":[[[[100.027,12.917],[100.008,12.918],[100.009,12.923],[99.998,12.926],[99.983,12.912],[99.958,12.902],[99.91,12.906],[99.875,12.882],[99.872,12.872],[99.852,12.853],[99.858,12.834],[99.849,12.825],[99.867,12.814],[99.86,12.791],[99.847,12.789],[99.843,12.78],[99.854,12.761],[99.837,12.748],[99.824,12.748],[99.813,12.731],[99.785,12.737],[99.784,12.727],[99.795,12.712],[99.776,12.683],[99.782,12.659],[99.751,12.629],[99.758,12.615],[99.793,12.615],[99.826,12.633],[99.84,12.626],[99.853,12.631],[99.856,12.625],[99.876,12.626],[99.884,12.62],[99.905,12.636],[99.922,12.623],[99.928,12.631],[99.956,12.632],[99.967,12.741],[99.989,12.806],[99.996,12.815],[100.002,12.812],[99.992,12.818],[100.003,12.814],[99.994,12.823],[100.016,12.861],[100.027,12.917]]]]}},{"type":"Feature","id":105,"properties":{"id":105,"en":"Cha-Uat","th":"ชะอวด","prov":"นครศรีธรรมราช","code":"80"},"geometry":{"type":"MultiPolygon","coordinates":[[[[100.053,8.053],[100.045,8.055],[100.042,8.064],[100.046,8.072],[100.04,8.083],[100.046,8.087],[100.033,8.104],[100.042,8.112],[100.026,8.126],[100.015,8.108],[99.979,8.099],[99.964,8.088],[99.962,8.077],[99.955,8.071],[99.954,8.04],[99.94,8.039],[99.939,8.029],[99.923,8.022],[99.911,8.021],[99.907,8.029],[99.89,8.027],[99.86,8.012],[99.826,8.008],[99.793,8.016],[99.788,8.01],[99.794,7.995],[99.827,7.98],[99.829,7.968],[99.804,7.945],[99.798,7.91],[99.787,7.909],[99.778,7.9],[99.758,7.87],[99.738,7.861],[99.75,7.855],[99.778,7.876],[99.8,7.883],[99.808,7.893],[99.82,7.884],[99.842,7.891],[99.868,7.887],[99.883,7.893],[99.923,7.865],[99.962,7.906],[99.966,7.877],[99.985,7.863],[100.019,7.845],[100.034,7.847],[100.056,7.838],[100.064,7.844],[100.073,7.841],[100.092,7.871],[100.104,7.878],[100.127,7.878],[100.141,7.868],[100.177,7.876],[100.151,7.91],[100.14,7.945],[100.15,7.962],[100.149,7.993],[100.163,7.997],[100.174,8.011],[100.075,8.033],[100.053,8.053]]]]}},{"type":"Feature","id":106,"properties":{"id":106,"en":"Chae Hom","th":"แจ้ห่ม","prov":"ลำปาง","code":"52"},"geometry":{"type":"MultiPolygon","coordinates":[[[[99.757,18.976],[99.728,18.984],[99.709,18.979],[99.704,18.986],[99.668,18.977],[99.665,18.958],[99.661,18.953],[99.648,18.956],[99.641,18.945],[99.647,18.936],[99.614,18.915],[99.618,18.91],[99.613,18.899],[99.576,18.901],[99.574,18.915],[99.589,18.914],[99.589,18.928],[99.569,18.947],[99.558,18.946],[99.561,18.93],[99.552,18.921],[99.555,18.893],[99.535,18.866],[99.539,18.841],[99.531,18.829],[99.542,18.815],[99.536,18.799],[99.551,18.787],[99.539,18.781],[99.532,18.752],[99.533,18.727],[99.517,18.657],[99.525,18.638],[99.512,18.603],[99.518,18.587],[99.513,18.558],[99.5,18.528],[99.508,18.497],[99.521,18.49],[99.532,18.492],[99.541,18.503],[99.557,18.502],[99.576,18.506],[99.585,18.517],[99.61,18.513],[99.613,18.533],[99.633,18.544],[99.639,18.555],[99.635,18.564],[99.642,18.581],[99.685,18.611],[99.72,18.605],[99.727,18.614],[99.751,18.614],[99.765,18.625],[99.808,18.604],[99.826,18.631],[99.837,18.661],[99.815,18.675],[99.812,18.691],[99.801,18.693],[99.796,18.705],[99.777,18.706],[99.776,18.738],[99.786,18.742],[99.796,18.758],[99.794,18.797],[99.805,18.808],[99.801,18.837],[99.805,18.85],[99.797,18.867],[99.801,18.882],[99.788,18.884],[99.789,18.904],[99.78,18.912],[99.771,18.91],[99.755,18.928],[99.767,18.929],[99.773,18.937],[99.754,18.962],[99.757,18.976]]]]}},{"type":"Feature","id":107,"properties":{"id":107,"en":"Chai Badan","th":"ชัยบาดาล","prov":"ลพบุรี","code":"16"},"geometry":{"type":"MultiPolygon","coordinates":[[[[101.299,15.38],[101.285,15.374],[101.275,15.361],[101.221,15.339],[101.205,15.319],[101.197,15.328],[101.168,15.327],[101.138,15.34],[101.123,15.326],[101.11,15.325],[101.089,15.339],[101.082,15.356],[101.055,15.32],[101.034,15.327],[101.025,15.338],[101.013,15.334],[101.002,15.319],[100.986,15.325],[100.977,15.336],[100.967,15.329],[100.967,15.323],[100.952,15.314],[100.953,15.291],[100.964,15.282],[100.965,15.263],[100.977,15.261],[100.983,15.246],[100.964,15.221],[100.977,15.206],[100.935,15.166],[100.933,15.102],[100.924,15.069],[100.903,15.039],[100.933,15.047],[100.95,15.042],[100.959,15.059],[100.969,15.057],[101.006,15.043],[101.013,15.033],[101.042,15.03],[101.051,15.023],[101.049,15.028],[101.065,15.044],[101.06,15.05],[101.071,15.045],[101.086,15.053],[101.09,15.07],[101.084,15.09],[101.099,15.124],[101.117,15.111],[101.147,15.129],[101.163,15.119],[101.165,15.126],[101.174,15.125],[101.164,15.165],[101.177,15.163],[101.18,15.171],[101.222,15.164],[101.231,15.137],[101.272,15.088],[101.279,15.067],[101.324,15.068],[101.32,15.054],[101.34,15.039],[101.363,15.047],[101.352,15.065],[101.346,15.1],[101.363,15.108],[101.35,15.141],[101.353,15.164],[101.337,15.177],[101.331,15.208],[101.32,15.226],[101.302,15.226],[101.31,15.246],[101.308,15.267],[101.298,15.287],[101.306,15.324],[101.293,15.329],[101.311,15.354],[101.312,15.366],[101.299,15.38]]]]}},{"type":"Feature","id":108,"properties":{"id":108,"en":"Chai Buri","th":"ชัยบุรี","prov":"สุราษฎร์ธานี","code":"84"},"geometry":{"type":"MultiPolygon","coordinates":[[[[99.205,8.366],[99.196,8.424],[99.204,8.474],[99.196,8.486],[99.17,8.5],[99.13,8.507],[99.113,8.531],[99.1,8.514],[99.087,8.522],[99.078,8.515],[99.024,8.516],[99.025,8.552],[98.992,8.551],[98.978,8.543],[98.967,8.55],[98.944,8.55],[98.935,8.558],[98.932,8.545],[98.942,8.532],[98.943,8.506],[98.951,8.492],[98.939,8.443],[98.946,8.425],[98.973,8.418],[98.975,8.41],[99.036,8.362],[99.062,8.36],[99.124,8.368],[99.151,8.359],[99.18,8.372],[99.186,8.363],[99.205,8.366]]]]}},{"type":"Feature","id":109,"properties":{"id":109,"en":"Chai Prakan","th":"ไชยปราการ","prov":"เชียงใหม่","code":"50"},"geometry":{"type":"MultiPolygon","coordinates":[[[[99.344,19.712],[99.311,19.75],[99.247,19.765],[99.238,19.759],[99.226,19.771],[99.209,19.765],[99.183,19.742],[99.17,19.743],[99.162,19.768],[99.154,19.763],[99.124,19.776],[99.087,19.766],[99.077,19.774],[99.05,19.776],[99.04,19.783],[99.034,19.799],[99.049,19.822],[99.029,19.832],[99.022,19.816],[99.008,19.81],[99.009,19.798],[99.003,19.797],[99.025,19.777],[99.016,19.764],[99.029,19.743],[99.024,19.73],[99.029,19.696],[99.051,19.68],[99.063,19.681],[99.078,19.647],[99.076,19.635],[99.092,19.63],[99.088,19.605],[99.104,19.604],[99.136,19.571],[99.159,19.583],[99.166,19.571],[99.197,19.581],[99.209,19.577],[99.21,19.571],[99.228,19.573],[99.244,19.561],[99.295,19.571],[99.289,19.581],[99.291,19.596],[99.267,19.611],[99.267,19.625],[99.258,19.629],[99.258,19.65],[99.265,19.665],[99.297,19.682],[99.313,19.708],[99.344,19.712]]]]}},{"type":"Feature","id":110,"properties":{"id":110,"en":"Chai Wan","th":"","prov":"","code":"41"},"geometry":{"type":"MultiPolygon","coordinates":[[[[103.254,17.318],[103.216,17.343],[103.205,17.343],[103.201,17.329],[103.185,17.319],[103.157,17.278],[103.171,17.236],[103.202,17.216],[103.223,17.184],[103.221,17.174],[103.207,17.167],[103.211,17.148],[103.231,17.136],[103.245,17.112],[103.281,17.131],[103.263,17.156],[103.275,17.15],[103.293,17.155],[103.315,17.147],[103.328,17.16],[103.351,17.157],[103.353,17.151],[103.363,17.156],[103.373,17.153],[103.386,17.167],[103.404,17.172],[103.411,17.193],[103.44,17.213],[103.428,17.221],[103.417,17.212],[103.395,17.228],[103.383,17.228],[103.376,17.237],[103.361,17.236],[103.352,17.244],[103.352,17.255],[103.329,17.257],[103.325,17.264],[103.307,17.271],[103.287,17.271],[103.283,17.266],[103.275,17.27],[103.274,17.28],[103.263,17.29],[103.257,17.31],[103.251,17.313],[103.254,17.318]]]]}},{"type":"Feature","id":111,"properties":{"id":111,"en":"Chaiya","th":"ไชยา","prov":"สุราษฎร์ธานี","code":"84"},"geometry":{"type":"MultiPolygon","coordinates":[[[[99.235,9.506],[99.204,9.494],[99.204,9.479],[99.182,9.465],[99.176,9.49],[99.144,9.482],[99.138,9.471],[99.113,9.462],[99.092,9.463],[99.095,9.484],[99.068,9.533],[99.009,9.529],[98.993,9.54],[98.974,9.539],[98.945,9.555],[98.946,9.547],[98.94,9.549],[98.92,9.534],[98.899,9.544],[98.869,9.547],[98.863,9.54],[98.856,9.545],[98.837,9.521],[98.82,9.522],[98.809,9.512],[98.808,9.495],[98.824,9.498],[98.828,9.486],[98.847,9.48],[98.865,9.465],[98.868,9.446],[98.897,9.4],[98.908,9.412],[98.905,9.418],[98.917,9.419],[98.921,9.427],[98.963,9.432],[98.994,9.41],[99.01,9.413],[99.028,9.397],[99.026,9.38],[99.053,9.367],[99.072,9.341],[99.117,9.343],[99.137,9.333],[99.191,9.351],[99.199,9.349],[99.203,9.339],[99.22,9.338],[99.24,9.354],[99.262,9.361],[99.263,9.37],[99.294,9.404],[99.313,9.386],[99.305,9.405],[99.262,9.452],[99.235,9.506]]]]}},{"type":"Feature","id":112,"properties":{"id":112,"en":"Chaiyo","th":"","prov":"","code":"15"},"geometry":{"type":"MultiPolygon","coordinates":[[[[100.503,14.67],[100.496,14.677],[100.504,14.685],[100.495,14.701],[100.475,14.703],[100.465,14.72],[100.438,14.728],[100.42,14.727],[100.434,14.698],[100.428,14.675],[100.441,14.651],[100.432,14.627],[100.442,14.632],[100.473,14.63],[100.5,14.618],[100.5,14.651],[100.508,14.652],[100.503,14.67]]]]}},{"type":"Feature","id":113,"properties":{"id":113,"en":"Chakkarat","th":"จักราช","prov":"นครราชสีมา","code":"30"},"geometry":{"type":"MultiPolygon","coordinates":[[[[102.484,15.081],[102.466,15.069],[102.45,15.068],[102.427,15.082],[102.403,15.082],[102.4,15.107],[102.391,15.109],[102.397,15.12],[102.382,15.134],[102.375,15.125],[102.367,15.126],[102.366,15.117],[102.353,15.116],[102.35,15.108],[102.363,15.086],[102.347,15.09],[102.348,15.08],[102.325,15.072],[102.318,15.06],[102.342,15.034],[102.333,15.025],[102.337,15.011],[102.393,15.014],[102.395,14.988],[102.386,14.934],[102.376,14.931],[102.377,14.914],[102.33,14.937],[102.341,14.896],[102.312,14.88],[102.33,14.838],[102.349,14.826],[102.359,14.84],[102.388,14.855],[102.401,14.845],[102.42,14.855],[102.431,14.84],[102.453,14.845],[102.471,14.817],[102.492,14.806],[102.504,14.802],[102.534,14.814],[102.553,14.866],[102.546,14.87],[102.551,14.88],[102.541,14.889],[102.544,14.904],[102.557,14.911],[102.568,14.927],[102.564,14.938],[102.54,14.95],[102.538,14.963],[102.522,14.979],[102.511,15.039],[102.5,15.061],[102.489,15.059],[102.493,15.069],[102.484,15.081]]]]}},{"type":"Feature","id":114,"properties":{"id":114,"en":"Chaloem Phra Kiat","th":"","prov":"","code":"19"},"geometry":{"type":"MultiPolygon","coordinates":[[[[100.962,14.566],[100.94,14.627],[100.952,14.675],[100.943,14.679],[100.935,14.695],[100.956,14.717],[100.953,14.735],[100.959,14.744],[100.919,14.745],[100.907,14.735],[100.887,14.739],[100.865,14.726],[100.853,14.729],[100.845,14.706],[100.859,14.666],[100.868,14.666],[100.874,14.635],[100.866,14.617],[100.883,14.613],[100.89,14.601],[100.883,14.596],[100.884,14.587],[100.888,14.591],[100.894,14.585],[100.888,14.566],[100.9,14.577],[100.912,14.579],[100.916,14.56],[100.911,14.557],[100.925,14.561],[100.929,14.573],[100.945,14.555],[100.957,14.566],[100.954,14.553],[100.964,14.561],[100.962,14.566]]]]}},{"type":"Feature","id":115,"properties":{"id":115,"en":"Chaloem Phra Kiat","th":"เฉลิมพระเกียรติ","prov":"นครราชสีมา","code":"30"},"geometry":{"type":"MultiPolygon","coordinates":[[[[102.318,15.06],[102.305,15.054],[102.297,15.041],[102.29,15.045],[102.277,15.029],[102.27,15.037],[102.258,15.037],[102.25,15.043],[102.246,15.072],[102.233,15.083],[102.229,15.107],[102.211,15.12],[102.206,15.078],[102.217,15.045],[102.219,14.993],[102.214,14.992],[102.223,14.978],[102.221,14.954],[102.23,14.937],[102.228,14.918],[102.246,14.908],[102.253,14.911],[102.271,14.906],[102.27,14.899],[102.296,14.891],[102.315,14.867],[102.312,14.88],[102.341,14.896],[102.33,14.937],[102.342,14.927],[102.357,14.927],[102.366,14.917],[102.379,14.916],[102.376,14.931],[102.386,14.934],[102.398,14.995],[102.393,15.014],[102.337,15.011],[102.333,15.025],[102.342,15.034],[102.318,15.06]]]]}},{"type":"Feature","id":116,"properties":{"id":116,"en":"Chaloem Phra Kiat","th":"เฉลิมพระเกียรติ","prov":"บุรีรัมย์","code":"31"},"geometry":{"type":"MultiPolygon","coordinates":[[[[102.951,14.682],[102.922,14.681],[102.91,14.663],[102.909,14.64],[102.865,14.651],[102.862,14.626],[102.845,14.587],[102.848,14.574],[102.829,14.566],[102.822,14.548],[102.827,14.529],[102.785,14.52],[102.802,14.491],[102.817,14.498],[102.833,14.496],[102.843,14.481],[102.848,14.485],[102.854,14.478],[102.866,14.478],[102.87,14.496],[102.887,14.496],[102.899,14.503],[102.904,14.484],[102.918,14.484],[102.922,14.474],[102.948,14.477],[102.957,14.484],[102.941,14.489],[102.947,14.503],[102.939,14.515],[102.958,14.525],[102.956,14.554],[102.945,14.554],[102.944,14.587],[102.953,14.623],[102.951,14.682]]]]}},{"type":"Feature","id":117,"properties":{"id":117,"en":"Chaloem Phra Kiat","th":"เฉลิมพระเกียรติ","prov":"น่าน","code":"55"},"geometry":{"type":"MultiPolygon","coordinates":[[[[101.204,19.354],[101.191,19.378],[101.187,19.399],[101.197,19.399],[101.195,19.406],[101.215,19.432],[101.205,19.458],[101.214,19.476],[101.225,19.472],[101.236,19.478],[101.239,19.473],[101.266,19.47],[101.268,19.504],[101.285,19.527],[101.274,19.55],[101.288,19.568],[101.281,19.582],[101.262,19.594],[101.247,19.595],[101.244,19.603],[101.207,19.606],[101.197,19.577],[101.179,19.578],[101.169,19.586],[101.167,19.581],[101.123,19.573],[101.115,19.585],[101.097,19.585],[101.079,19.605],[101.067,19.604],[101.062,19.62],[101.035,19.629],[101.024,19.631],[101.014,19.62],[100.982,19.627],[100.975,19.62],[100.977,19.614],[100.974,19.604],[100.964,19.598],[100.961,19.58],[100.982,19.573],[101.005,19.554],[101.003,19.533],[101.015,19.522],[101.01,19.525],[101.01,19.517],[101,19.518],[101.005,19.514],[101.001,19.504],[101.01,19.502],[101.015,19.488],[101.033,19.493],[101.041,19.476],[101.079,19.469],[101.085,19.438],[101.096,19.428],[101.081,19.385],[101.095,19.354],[101.113,19.346],[101.121,19.356],[101.158,19.364],[101.161,19.353],[101.204,19.354]]]]}},{"type":"Feature","id":118,"properties":{"id":118,"en":"Chaloem Phra Kiat","th":"","prov":"","code":"80"},"geometry":{"type":"MultiPolygon","coordinates":[[[[100.053,8.053],[100.06,8.069],[100.078,8.081],[100.078,8.11],[100.091,8.104],[100.095,8.114],[100.099,8.11],[100.107,8.12],[100.077,8.141],[100.108,8.172],[100.126,8.181],[100.116,8.192],[100.084,8.204],[100.088,8.217],[100.072,8.234],[100.057,8.219],[100.016,8.25],[100.007,8.247],[99.977,8.262],[99.961,8.254],[99.954,8.262],[99.944,8.267],[99.941,8.263],[99.943,8.245],[99.932,8.232],[99.978,8.233],[99.993,8.239],[99.993,8.212],[100.006,8.217],[100.007,8.21],[100.013,8.21],[100.011,8.19],[100.026,8.172],[100.024,8.16],[100.033,8.148],[100.028,8.126],[100.042,8.112],[100.033,8.104],[100.046,8.087],[100.04,8.083],[100.046,8.072],[100.042,8.064],[100.045,8.055],[100.053,8.053]]]]}},{"type":"Feature","id":119,"properties":{"id":119,"en":"Chamni","th":"","prov":"","code":"31"},"geometry":{"type":"MultiPolygon","coordinates":[[[[102.913,14.836],[102.894,14.841],[102.876,14.831],[102.863,14.86],[102.84,14.857],[102.831,14.863],[102.789,14.851],[102.784,14.83],[102.761,14.823],[102.76,14.814],[102.736,14.816],[102.715,14.809],[102.711,14.8],[102.711,14.777],[102.695,14.769],[102.739,14.753],[102.762,14.746],[102.769,14.755],[102.78,14.752],[102.791,14.774],[102.824,14.755],[102.83,14.736],[102.826,14.713],[102.863,14.712],[102.859,14.73],[102.869,14.733],[102.879,14.724],[102.874,14.721],[102.905,14.714],[102.932,14.76],[102.923,14.76],[102.933,14.795],[102.919,14.807],[102.913,14.836]]]]}},{"type":"Feature","id":120,"properties":{"id":120,"en":"Chana","th":"จะนะ","prov":"สงขลา","code":"90"},"geometry":{"type":"MultiPolygon","coordinates":[[[[100.825,6.952],[100.794,6.964],[100.757,6.993],[100.674,7.101],[100.666,7.096],[100.675,7.053],[100.643,7.049],[100.639,7.025],[100.626,7.01],[100.629,6.984],[100.61,6.969],[100.605,6.948],[100.611,6.931],[100.62,6.926],[100.611,6.923],[100.593,6.899],[100.585,6.82],[100.596,6.812],[100.596,6.795],[100.609,6.787],[100.64,6.799],[100.672,6.792],[100.682,6.787],[100.682,6.779],[100.692,6.772],[100.695,6.78],[100.717,6.783],[100.714,6.778],[100.724,6.768],[100.744,6.769],[100.749,6.753],[100.777,6.74],[100.778,6.746],[100.786,6.746],[100.793,6.738],[100.799,6.749],[100.797,6.763],[100.811,6.773],[100.809,6.782],[100.823,6.814],[100.815,6.833],[100.801,6.837],[100.795,6.846],[100.794,6.888],[100.81,6.9],[100.816,6.927],[100.803,6.948],[100.817,6.948],[100.819,6.941],[100.825,6.952]]]]}},{"type":"Feature","id":121,"properties":{"id":121,"en":"Chanae","th":"จะแนะ","prov":"นราธิวาส","code":"96"},"geometry":{"type":"MultiPolygon","coordinates":[[[[101.502,5.89],[101.514,5.903],[101.524,5.899],[101.526,5.909],[101.54,5.919],[101.559,5.919],[101.581,5.935],[101.598,5.912],[101.615,5.911],[101.618,5.896],[101.636,5.909],[101.641,5.926],[101.65,5.929],[101.651,5.956],[101.674,5.977],[101.675,5.992],[101.691,6.002],[101.701,6.031],[101.713,6.046],[101.71,6.066],[101.734,6.073],[101.736,6.086],[101.749,6.079],[101.773,6.077],[101.785,6.086],[101.799,6.088],[101.808,6.098],[101.802,6.13],[101.781,6.133],[101.769,6.124],[101.749,6.118],[101.726,6.157],[101.714,6.166],[101.712,6.188],[101.656,6.188],[101.635,6.173],[101.628,6.181],[101.621,6.172],[101.613,6.149],[101.614,6.124],[101.602,6.094],[101.564,6.087],[101.563,6.079],[101.551,6.075],[101.535,6.075],[101.514,6.053],[101.505,6.059],[101.499,6.074],[101.471,6.074],[101.482,6.013],[101.473,5.989],[101.479,5.976],[101.484,5.978],[101.486,5.956],[101.497,5.95],[101.49,5.937],[101.49,5.9],[101.499,5.901],[101.502,5.89]]]]}},{"type":"Feature","id":122,"properties":{"id":122,"en":"Chang Klang","th":"ช้างกลาง","prov":"นครศรีธรรมราช","code":"80"},"geometry":{"type":"MultiPolygon","coordinates":[[[[99.721,8.302],[99.72,8.313],[99.701,8.324],[99.713,8.351],[99.697,8.363],[99.702,8.385],[99.711,8.396],[99.697,8.455],[99.695,8.443],[99.664,8.433],[99.637,8.43],[99.626,8.437],[99.613,8.424],[99.59,8.425],[99.58,8.395],[99.589,8.37],[99.566,8.38],[99.532,8.377],[99.524,8.377],[99.528,8.371],[99.517,8.359],[99.521,8.339],[99.547,8.322],[99.562,8.294],[99.583,8.294],[99.599,8.28],[99.615,8.279],[99.619,8.271],[99.626,8.277],[99.634,8.271],[99.647,8.277],[99.661,8.297],[99.679,8.289],[99.721,8.302]]]]}},{"type":"Feature","id":123,"properties":{"id":123,"en":"Changhan","th":"จังหาร","prov":"ร้อยเอ็ด","code":"45"},"geometry":{"type":"MultiPolygon","coordinates":[[[[103.705,16.222],[103.691,16.225],[103.697,16.216],[103.69,16.217],[103.686,16.211],[103.685,16.218],[103.675,16.212],[103.665,16.222],[103.663,16.209],[103.676,16.202],[103.661,16.193],[103.653,16.204],[103.651,16.189],[103.644,16.193],[103.637,16.187],[103.617,16.218],[103.6,16.215],[103.613,16.215],[103.619,16.205],[103.6,16.193],[103.596,16.202],[103.589,16.194],[103.551,16.204],[103.559,16.219],[103.538,16.211],[103.541,16.219],[103.532,16.219],[103.521,16.196],[103.502,16.2],[103.497,16.19],[103.491,16.191],[103.485,16.185],[103.49,16.172],[103.483,16.163],[103.56,16.153],[103.562,16.128],[103.592,16.124],[103.628,16.129],[103.642,16.092],[103.657,16.091],[103.667,16.095],[103.674,16.115],[103.693,16.117],[103.691,16.144],[103.685,16.149],[103.691,16.159],[103.686,16.169],[103.691,16.18],[103.701,16.179],[103.713,16.206],[103.705,16.222]]]]}},{"type":"Feature","id":124,"properties":{"id":124,"en":"Chanuman","th":"ชานุมาน","prov":"อำนาจเจริญ","code":"37"},"geometry":{"type":"MultiPolygon","coordinates":[[[[104.979,16.279],[104.973,16.274],[104.96,16.284],[104.96,16.272],[104.948,16.262],[104.931,16.253],[104.913,16.255],[104.91,16.247],[104.886,16.235],[104.887,16.226],[104.876,16.209],[104.855,16.202],[104.826,16.205],[104.812,16.185],[104.789,16.199],[104.766,16.196],[104.789,16.157],[104.804,16.164],[104.825,16.155],[104.815,16.131],[104.814,16.099],[104.837,16.083],[104.836,16.075],[104.816,16.072],[104.817,16.055],[104.804,16.046],[104.807,16.013],[104.824,15.999],[104.845,15.999],[104.85,16.007],[104.866,16.011],[104.873,16.006],[104.899,16.005],[104.918,16.013],[104.929,16.004],[104.962,16.022],[104.98,16.003],[105.01,16],[105.003,16.019],[105.007,16.033],[105.024,16.052],[105.042,16.094],[105.06,16.098],[105.047,16.102],[105.041,16.111],[105.014,16.187],[105.016,16.243],[104.979,16.279]]]]}},{"type":"Feature","id":125,"properties":{"id":125,"en":"Charoen Sin","th":"เจริญศิลป์","prov":"สกลนคร","code":"47"},"geometry":{"type":"MultiPolygon","coordinates":[[[[103.404,17.684],[103.419,17.685],[103.42,17.678],[103.433,17.672],[103.431,17.656],[103.437,17.647],[103.448,17.644],[103.471,17.66],[103.49,17.661],[103.494,17.625],[103.474,17.608],[103.493,17.606],[103.484,17.581],[103.493,17.537],[103.553,17.526],[103.575,17.55],[103.585,17.548],[103.6,17.508],[103.627,17.504],[103.648,17.51],[103.654,17.513],[103.643,17.534],[103.663,17.555],[103.658,17.564],[103.671,17.579],[103.661,17.586],[103.663,17.593],[103.65,17.592],[103.638,17.603],[103.63,17.591],[103.617,17.599],[103.576,17.661],[103.596,17.685],[103.59,17.699],[103.593,17.709],[103.576,17.73],[103.534,17.735],[103.524,17.752],[103.485,17.764],[103.461,17.761],[103.445,17.77],[103.426,17.753],[103.403,17.752],[103.409,17.734],[103.404,17.734],[103.411,17.729],[103.401,17.719],[103.406,17.711],[103.404,17.684]]]]}},{"type":"Feature","id":126,"properties":{"id":126,"en":"Chat Trakan","th":"ชาติตระการ","prov":"พิษณุโลก","code":"65"},"geometry":{"type":"MultiPolygon","coordinates":[[[[100.968,17.572],[100.969,17.593],[100.977,17.596],[100.992,17.619],[100.996,17.658],[100.991,17.666],[101.009,17.699],[101,17.699],[101.007,17.731],[100.989,17.744],[100.977,17.715],[100.965,17.702],[100.956,17.7],[100.926,17.696],[100.91,17.702],[100.905,17.715],[100.879,17.713],[100.858,17.689],[100.843,17.653],[100.802,17.639],[100.79,17.613],[100.772,17.596],[100.774,17.583],[100.747,17.559],[100.74,17.542],[100.693,17.525],[100.669,17.501],[100.642,17.493],[100.645,17.475],[100.613,17.466],[100.603,17.448],[100.603,17.428],[100.593,17.421],[100.53,17.417],[100.514,17.404],[100.501,17.429],[100.481,17.418],[100.454,17.418],[100.447,17.424],[100.435,17.417],[100.427,17.422],[100.421,17.412],[100.391,17.405],[100.372,17.391],[100.371,17.383],[100.383,17.377],[100.399,17.355],[100.397,17.34],[100.406,17.326],[100.444,17.31],[100.474,17.265],[100.461,17.254],[100.43,17.246],[100.44,17.22],[100.455,17.204],[100.49,17.199],[100.501,17.167],[100.492,17.125],[100.522,17.114],[100.526,17.1],[100.532,17.111],[100.562,17.124],[100.59,17.129],[100.596,17.124],[100.61,17.144],[100.605,17.164],[100.617,17.163],[100.604,17.171],[100.613,17.175],[100.611,17.187],[100.602,17.184],[100.597,17.189],[100.612,17.196],[100.615,17.216],[100.619,17.209],[100.621,17.215],[100.642,17.222],[100.66,17.205],[100.653,17.187],[100.667,17.193],[100.685,17.184],[100.713,17.22],[100.742,17.23],[100.789,17.304],[100.815,17.324],[100.818,17.331],[100.806,17.339],[100.809,17.348],[100.802,17.354],[100.82,17.409],[100.805,17.414],[100.798,17.424],[100.817,17.448],[100.828,17.451],[100.833,17.482],[100.872,17.528],[100.861,17.546],[100.879,17.583],[100.904,17.592],[100.928,17.569],[100.96,17.576],[100.968,17.572]]]]}},{"type":"Feature","id":127,"properties":{"id":127,"en":"Chatturat","th":"","prov":"","code":"36"},"geometry":{"type":"MultiPolygon","coordinates":[[[[101.802,15.42],[101.839,15.415],[101.878,15.389],[101.911,15.422],[101.912,15.436],[101.932,15.436],[101.939,15.458],[101.933,15.457],[101.918,15.473],[101.912,15.487],[101.927,15.557],[101.909,15.582],[101.93,15.573],[101.937,15.597],[101.981,15.615],[101.977,15.624],[101.994,15.65],[101.992,15.689],[101.981,15.684],[101.979,15.69],[101.972,15.682],[101.974,15.688],[101.969,15.683],[101.965,15.687],[101.959,15.676],[101.947,15.678],[101.951,15.672],[101.93,15.657],[101.922,15.659],[101.919,15.667],[101.905,15.668],[101.906,15.678],[101.878,15.705],[101.859,15.711],[101.853,15.717],[101.862,15.719],[101.853,15.72],[101.857,15.726],[101.844,15.726],[101.847,15.738],[101.843,15.73],[101.838,15.741],[101.83,15.733],[101.814,15.743],[101.799,15.74],[101.755,15.706],[101.741,15.688],[101.736,15.668],[101.747,15.645],[101.732,15.633],[101.735,15.605],[101.724,15.596],[101.728,15.589],[101.709,15.568],[101.733,15.537],[101.729,15.53],[101.736,15.513],[101.765,15.485],[101.775,15.484],[101.779,15.465],[101.808,15.438],[101.802,15.42]]]]}},{"type":"Feature","id":129,"properties":{"id":129,"en":"Chaturaphak Phiman","th":"","prov":"","code":"45"},"geometry":{"type":"MultiPolygon","coordinates":[[[[103.697,15.864],[103.647,15.884],[103.644,15.89],[103.629,15.892],[103.615,15.912],[103.6,15.917],[103.562,15.914],[103.534,15.937],[103.523,15.939],[103.488,15.931],[103.457,15.908],[103.458,15.894],[103.444,15.869],[103.437,15.834],[103.44,15.816],[103.434,15.809],[103.44,15.799],[103.426,15.773],[103.4,15.76],[103.424,15.734],[103.42,15.721],[103.569,15.749],[103.615,15.769],[103.619,15.781],[103.695,15.771],[103.692,15.782],[103.7,15.794],[103.691,15.826],[103.697,15.864]]]]}},{"type":"Feature","id":130,"properties":{"id":130,"en":"Chawang","th":"ฉวาง","prov":"นครศรีธรรมราช","code":"80"},"geometry":{"type":"MultiPolygon","coordinates":[[[[99.697,8.455],[99.702,8.483],[99.684,8.49],[99.671,8.509],[99.653,8.516],[99.64,8.518],[99.613,8.494],[99.596,8.499],[99.587,8.484],[99.579,8.482],[99.573,8.498],[99.556,8.504],[99.546,8.499],[99.526,8.5],[99.518,8.56],[99.506,8.571],[99.511,8.584],[99.494,8.613],[99.476,8.626],[99.478,8.647],[99.464,8.651],[99.449,8.632],[99.456,8.604],[99.452,8.598],[99.442,8.599],[99.44,8.59],[99.414,8.564],[99.427,8.547],[99.431,8.522],[99.427,8.505],[99.445,8.502],[99.441,8.484],[99.444,8.458],[99.455,8.445],[99.451,8.432],[99.439,8.438],[99.43,8.428],[99.432,8.416],[99.42,8.412],[99.424,8.406],[99.432,8.402],[99.442,8.411],[99.452,8.41],[99.456,8.399],[99.472,8.399],[99.483,8.384],[99.48,8.365],[99.499,8.367],[99.508,8.36],[99.509,8.349],[99.519,8.348],[99.517,8.359],[99.527,8.368],[99.527,8.38],[99.566,8.38],[99.589,8.37],[99.58,8.395],[99.59,8.425],[99.613,8.424],[99.626,8.437],[99.637,8.43],[99.664,8.433],[99.695,8.443],[99.697,8.455]]]]}},{"type":"Feature","id":131,"properties":{"id":131,"en":"Chian Yai","th":"เชียรใหญ่","prov":"นครศรีธรรมราช","code":"80"},"geometry":{"type":"MultiPolygon","coordinates":[[[[100.174,8.011],[100.194,8.01],[100.19,8.045],[100.2,8.052],[100.206,8.074],[100.217,8.08],[100.213,8.086],[100.224,8.104],[100.218,8.122],[100.237,8.177],[100.255,8.175],[100.26,8.183],[100.257,8.196],[100.212,8.202],[100.204,8.218],[100.192,8.219],[100.188,8.226],[100.175,8.229],[100.165,8.22],[100.132,8.222],[100.127,8.207],[100.078,8.225],[100.088,8.217],[100.084,8.204],[100.116,8.192],[100.126,8.181],[100.108,8.172],[100.077,8.141],[100.107,8.12],[100.099,8.11],[100.095,8.114],[100.091,8.104],[100.078,8.11],[100.078,8.081],[100.06,8.069],[100.053,8.053],[100.075,8.033],[100.174,8.011]]]]}},{"type":"Feature","id":132,"properties":{"id":132,"en":"Chiang Dao","th":"เชียงดาว","prov":"เชียงใหม่","code":"50"},"geometry":{"type":"MultiPolygon","coordinates":[[[[99.007,19.792],[99.005,19.787],[98.994,19.794],[98.955,19.77],[98.93,19.774],[98.912,19.762],[98.899,19.766],[98.838,19.814],[98.831,19.809],[98.828,19.794],[98.796,19.776],[98.779,19.753],[98.752,19.76],[98.738,19.754],[98.712,19.769],[98.704,19.758],[98.726,19.717],[98.734,19.639],[98.729,19.625],[98.738,19.616],[98.742,19.561],[98.766,19.551],[98.78,19.528],[98.774,19.517],[98.778,19.497],[98.792,19.486],[98.785,19.477],[98.789,19.466],[98.774,19.457],[98.763,19.462],[98.758,19.452],[98.713,19.442],[98.701,19.426],[98.658,19.432],[98.641,19.442],[98.611,19.434],[98.607,19.428],[98.585,19.423],[98.586,19.415],[98.596,19.407],[98.588,19.398],[98.577,19.399],[98.573,19.387],[98.582,19.366],[98.597,19.363],[98.595,19.354],[98.623,19.345],[98.641,19.351],[98.66,19.336],[98.695,19.335],[98.703,19.323],[98.703,19.301],[98.713,19.312],[98.718,19.309],[98.748,19.326],[98.811,19.288],[98.82,19.295],[98.85,19.298],[98.879,19.29],[98.902,19.264],[98.909,19.272],[98.937,19.278],[98.979,19.266],[98.981,19.283],[98.994,19.268],[99.003,19.272],[99.037,19.258],[99.057,19.269],[99.067,19.261],[99.077,19.262],[99.092,19.281],[99.084,19.313],[99.086,19.329],[99.105,19.364],[99.097,19.384],[99.112,19.408],[99.134,19.412],[99.123,19.43],[99.124,19.444],[99.137,19.472],[99.145,19.478],[99.155,19.473],[99.156,19.507],[99.155,19.513],[99.13,19.526],[99.121,19.521],[99.114,19.546],[99.136,19.571],[99.104,19.604],[99.088,19.605],[99.092,19.63],[99.076,19.635],[99.078,19.647],[99.063,19.681],[99.051,19.68],[99.029,19.696],[99.024,19.73],[99.029,19.743],[99.016,19.764],[99.025,19.777],[99.007,19.792]]]]}},{"type":"Feature","id":133,"properties":{"id":133,"en":"Chiang Kham","th":"เชียงคำ","prov":"พะเยา","code":"56"},"geometry":{"type":"MultiPolygon","coordinates":[[[[100.49,19.57],[100.445,19.572],[100.426,19.58],[100.384,19.57],[100.341,19.571],[100.32,19.55],[100.302,19.547],[100.294,19.559],[100.289,19.552],[100.276,19.551],[100.256,19.557],[100.253,19.565],[100.249,19.599],[100.256,19.622],[100.254,19.633],[100.247,19.634],[100.23,19.606],[100.219,19.611],[100.174,19.611],[100.168,19.602],[100.174,19.598],[100.167,19.591],[100.17,19.587],[100.165,19.585],[100.169,19.576],[100.162,19.574],[100.169,19.566],[100.162,19.556],[100.166,19.552],[100.162,19.543],[100.154,19.546],[100.157,19.539],[100.152,19.539],[100.158,19.526],[100.156,19.52],[100.148,19.52],[100.142,19.505],[100.164,19.495],[100.16,19.486],[100.17,19.48],[100.163,19.473],[100.168,19.469],[100.181,19.468],[100.184,19.473],[100.21,19.454],[100.203,19.434],[100.213,19.43],[100.213,19.418],[100.202,19.414],[100.229,19.356],[100.236,19.346],[100.252,19.35],[100.276,19.333],[100.286,19.343],[100.309,19.34],[100.313,19.363],[100.333,19.372],[100.347,19.358],[100.354,19.363],[100.358,19.393],[100.368,19.379],[100.385,19.37],[100.395,19.397],[100.421,19.402],[100.448,19.394],[100.467,19.4],[100.492,19.399],[100.526,19.409],[100.564,19.436],[100.571,19.464],[100.583,19.475],[100.603,19.479],[100.599,19.51],[100.574,19.5],[100.549,19.52],[100.513,19.524],[100.502,19.539],[100.483,19.549],[100.481,19.56],[100.49,19.57]]]]}},{"type":"Feature","id":134,"properties":{"id":134,"en":"Chiang Khan","th":"เชียงคาน","prov":"เลย","code":"42"},"geometry":{"type":"MultiPolygon","coordinates":[[[[101.902,17.73],[101.897,17.738],[101.878,17.743],[101.874,17.759],[101.883,17.768],[101.864,17.767],[101.856,17.792],[101.861,17.809],[101.849,17.829],[101.853,17.847],[101.837,17.868],[101.853,17.89],[101.841,17.908],[101.85,17.949],[101.843,17.966],[101.856,17.979],[101.857,17.987],[101.846,17.996],[101.848,18.003],[101.832,18],[101.829,18.007],[101.818,18.002],[101.807,18.008],[101.802,18.022],[101.792,18.026],[101.795,18.048],[101.78,18.054],[101.778,18.066],[101.757,18.036],[101.754,18.007],[101.729,17.948],[101.73,17.918],[101.712,17.903],[101.694,17.913],[101.631,17.895],[101.613,17.889],[101.602,17.856],[101.593,17.849],[101.581,17.868],[101.575,17.87],[101.569,17.862],[101.552,17.81],[101.568,17.803],[101.574,17.785],[101.55,17.789],[101.538,17.775],[101.522,17.777],[101.527,17.763],[101.575,17.74],[101.592,17.685],[101.606,17.692],[101.605,17.708],[101.631,17.712],[101.633,17.722],[101.641,17.725],[101.699,17.722],[101.702,17.716],[101.707,17.724],[101.712,17.721],[101.714,17.703],[101.725,17.703],[101.736,17.686],[101.779,17.689],[101.787,17.679],[101.8,17.686],[101.836,17.677],[101.858,17.693],[101.874,17.718],[101.902,17.73]]]]}},{"type":"Feature","id":135,"properties":{"id":135,"en":"Chiang Khong","th":"เชียงของ","prov":"เชียงราย","code":"57"},"geometry":{"type":"MultiPolygon","coordinates":[[[[100.463,20.199],[100.455,20.202],[100.457,20.224],[100.453,20.232],[100.413,20.257],[100.406,20.282],[100.383,20.314],[100.375,20.351],[100.359,20.356],[100.355,20.378],[100.331,20.398],[100.267,20.4],[100.25,20.386],[100.249,20.352],[100.303,20.34],[100.322,20.321],[100.32,20.307],[100.301,20.283],[100.305,20.271],[100.283,20.236],[100.284,20.225],[100.298,20.207],[100.312,20.205],[100.302,20.179],[100.308,20.173],[100.294,20.161],[100.293,20.15],[100.281,20.146],[100.279,20.134],[100.268,20.132],[100.264,20.139],[100.243,20.131],[100.235,20.108],[100.226,20.103],[100.228,20.083],[100.209,20.076],[100.202,20.065],[100.2,20.027],[100.217,20.012],[100.237,20.006],[100.243,19.99],[100.263,19.985],[100.285,19.982],[100.298,19.994],[100.295,20.004],[100.299,20.004],[100.304,19.986],[100.316,19.985],[100.31,19.984],[100.312,19.974],[100.372,19.954],[100.39,19.967],[100.411,20.001],[100.407,20.008],[100.414,20.012],[100.417,20.036],[100.433,20.056],[100.442,20.089],[100.464,20.119],[100.46,20.125],[100.465,20.148],[100.475,20.164],[100.463,20.175],[100.468,20.185],[100.463,20.199]]]]}},{"type":"Feature","id":136,"properties":{"id":136,"en":"Chiang Khwan","th":"","prov":"","code":"45"},"geometry":{"type":"MultiPolygon","coordinates":[[[[103.693,16.117],[103.68,16.097],[103.687,16.076],[103.722,16.085],[103.721,16.093],[103.748,16.116],[103.796,16.123],[103.818,16.138],[103.838,16.157],[103.829,16.182],[103.809,16.184],[103.807,16.178],[103.815,16.179],[103.821,16.167],[103.795,16.153],[103.791,16.158],[103.8,16.163],[103.799,16.169],[103.779,16.172],[103.765,16.196],[103.751,16.19],[103.751,16.202],[103.737,16.213],[103.723,16.221],[103.709,16.22],[103.713,16.206],[103.701,16.179],[103.691,16.18],[103.686,16.169],[103.691,16.159],[103.685,16.149],[103.691,16.144],[103.693,16.117]]]]}},{"type":"Feature","id":137,"properties":{"id":137,"en":"Chiang Klang","th":"เชียงกลาง","prov":"น่าน","code":"55"},"geometry":{"type":"MultiPolygon","coordinates":[[[[101.01,19.338],[101,19.338],[100.992,19.351],[100.978,19.356],[100.985,19.377],[100.981,19.382],[100.968,19.363],[100.948,19.355],[100.933,19.367],[100.921,19.357],[100.889,19.364],[100.865,19.356],[100.852,19.364],[100.836,19.36],[100.803,19.376],[100.784,19.378],[100.792,19.35],[100.779,19.343],[100.799,19.323],[100.789,19.3],[100.776,19.292],[100.782,19.269],[100.777,19.257],[100.779,19.249],[100.792,19.241],[100.798,19.222],[100.81,19.225],[100.833,19.216],[100.861,19.222],[100.895,19.251],[100.939,19.267],[100.958,19.262],[100.992,19.265],[100.999,19.28],[101.023,19.284],[101.047,19.311],[101.045,19.321],[101.033,19.324],[101.011,19.319],[101.01,19.338]]]]}},{"type":"Feature","id":138,"properties":{"id":138,"en":"Chiang Muan","th":"เชียงม่วน","prov":"พะเยา","code":"56"},"geometry":{"type":"MultiPolygon","coordinates":[[[[100.501,18.986],[100.504,18.996],[100.46,19.003],[100.445,19.018],[100.447,19.033],[100.347,19.043],[100.34,19.063],[100.315,19.07],[100.308,19.053],[100.292,19.049],[100.271,19.021],[100.25,19.014],[100.249,19.027],[100.234,19.023],[100.222,19.031],[100.18,19.013],[100.142,19.007],[100.111,19.025],[100.105,19.015],[100.116,18.993],[100.115,18.979],[100.127,18.973],[100.122,18.957],[100.149,18.94],[100.157,18.902],[100.152,18.897],[100.152,18.883],[100.141,18.878],[100.149,18.872],[100.151,18.841],[100.165,18.819],[100.174,18.813],[100.187,18.819],[100.199,18.815],[100.226,18.825],[100.241,18.82],[100.302,18.819],[100.313,18.81],[100.338,18.813],[100.34,18.806],[100.345,18.814],[100.336,18.819],[100.364,18.849],[100.366,18.87],[100.388,18.894],[100.391,18.926],[100.407,18.936],[100.405,18.945],[100.424,18.949],[100.454,18.935],[100.459,18.942],[100.482,18.952],[100.481,18.966],[100.501,18.986]]]]}},{"type":"Feature","id":139,"properties":{"id":139,"en":"Chiang Saen","th":"เชียงแสน","prov":"เชียงราย","code":"57"},"geometry":{"type":"MultiPolygon","coordinates":[[[[100.247,20.369],[100.226,20.354],[100.228,20.332],[100.221,20.318],[100.169,20.3],[100.169,20.284],[100.18,20.263],[100.171,20.246],[100.154,20.245],[100.112,20.251],[100.094,20.266],[100.091,20.276],[100.099,20.308],[100.079,20.363],[100.086,20.369],[100.077,20.374],[100.078,20.381],[100.067,20.375],[100.072,20.389],[100.064,20.386],[100.066,20.394],[100.056,20.396],[100.054,20.388],[100.043,20.398],[100.04,20.393],[100.034,20.398],[100.035,20.391],[100.027,20.394],[100.028,20.385],[100.024,20.393],[100.007,20.379],[99.995,20.353],[99.966,20.354],[99.959,20.305],[99.945,20.289],[99.958,20.289],[99.967,20.301],[99.98,20.3],[99.989,20.307],[99.982,20.264],[99.981,20.26],[99.991,20.26],[100.024,20.237],[100.024,20.215],[100.036,20.211],[100.032,20.203],[100.038,20.198],[100.046,20.2],[100.05,20.217],[100.056,20.214],[100.057,20.218],[100.074,20.209],[100.106,20.203],[100.108,20.214],[100.12,20.219],[100.118,20.229],[100.13,20.216],[100.154,20.221],[100.156,20.21],[100.171,20.206],[100.171,20.198],[100.182,20.189],[100.203,20.201],[100.206,20.194],[100.211,20.197],[100.224,20.188],[100.243,20.196],[100.27,20.183],[100.305,20.187],[100.312,20.205],[100.298,20.207],[100.284,20.225],[100.283,20.236],[100.305,20.271],[100.301,20.283],[100.32,20.307],[100.322,20.321],[100.303,20.34],[100.249,20.352],[100.247,20.369]]]]}},{"type":"Feature","id":140,"properties":{"id":140,"en":"Chiang Yuen","th":"","prov":"","code":"44"},"geometry":{"type":"MultiPolygon","coordinates":[[[[103.174,16.459],[103.162,16.458],[103.152,16.465],[103.133,16.453],[103.094,16.49],[103.098,16.5],[103.085,16.516],[103.043,16.491],[103.033,16.501],[103.019,16.473],[102.967,16.457],[102.961,16.449],[102.953,16.451],[102.955,16.442],[102.949,16.445],[102.948,16.44],[102.961,16.433],[102.975,16.425],[102.973,16.413],[102.977,16.417],[102.985,16.41],[102.976,16.387],[102.985,16.383],[102.98,16.368],[102.985,16.353],[103.004,16.347],[103.019,16.353],[103.029,16.349],[103.071,16.37],[103.089,16.364],[103.108,16.334],[103.123,16.326],[103.173,16.317],[103.175,16.335],[103.184,16.336],[103.175,16.345],[103.175,16.369],[103.164,16.389],[103.186,16.436],[103.184,16.451],[103.174,16.459]]]]}},{"type":"Feature","id":141,"properties":{"id":141,"en":"Cho-Airong","th":"เจาะไอร้อง","prov":"นราธิวาส","code":"96"},"geometry":{"type":"MultiPolygon","coordinates":[[[[101.805,6.124],[101.85,6.148],[101.861,6.161],[101.864,6.171],[101.857,6.191],[101.869,6.19],[101.875,6.199],[101.887,6.196],[101.901,6.213],[101.904,6.256],[101.918,6.259],[101.912,6.278],[101.916,6.283],[101.892,6.301],[101.822,6.299],[101.761,6.233],[101.783,6.21],[101.791,6.166],[101.803,6.149],[101.805,6.124]]]]}},{"type":"Feature","id":142,"properties":{"id":142,"en":"Chok Chai","th":"โชคชัย","prov":"นครราชสีมา","code":"30"},"geometry":{"type":"MultiPolygon","coordinates":[[[[102.315,14.867],[102.296,14.891],[102.27,14.899],[102.271,14.906],[102.253,14.911],[102.246,14.908],[102.228,14.918],[102.208,14.906],[102.203,14.896],[102.188,14.895],[102.182,14.875],[102.153,14.855],[102.131,14.859],[102.107,14.843],[102.103,14.808],[102.117,14.752],[102.114,14.713],[102.124,14.712],[102.136,14.698],[102.125,14.647],[102.131,14.64],[102.153,14.65],[102.154,14.639],[102.15,14.615],[102.157,14.615],[102.16,14.607],[102.166,14.613],[102.17,14.592],[102.226,14.598],[102.241,14.615],[102.27,14.613],[102.262,14.703],[102.273,14.723],[102.29,14.728],[102.279,14.762],[102.279,14.794],[102.287,14.803],[102.302,14.851],[102.321,14.856],[102.315,14.867]]]]}},{"type":"Feature","id":143,"properties":{"id":143,"en":"Chom Bueng","th":"จอมบึง","prov":"ราชบุรี","code":"70"},"geometry":{"type":"MultiPolygon","coordinates":[[[[99.542,13.418],[99.544,13.425],[99.534,13.434],[99.565,13.444],[99.567,13.465],[99.575,13.469],[99.573,13.494],[99.585,13.504],[99.578,13.507],[99.582,13.515],[99.592,13.516],[99.6,13.528],[99.594,13.544],[99.617,13.563],[99.616,13.583],[99.655,13.586],[99.657,13.592],[99.664,13.588],[99.661,13.612],[99.672,13.605],[99.697,13.613],[99.719,13.599],[99.732,13.602],[99.728,13.615],[99.741,13.632],[99.724,13.654],[99.689,13.66],[99.693,13.667],[99.684,13.674],[99.666,13.683],[99.693,13.682],[99.679,13.693],[99.663,13.692],[99.656,13.699],[99.66,13.703],[99.634,13.703],[99.634,13.695],[99.622,13.695],[99.608,13.705],[99.565,13.713],[99.552,13.706],[99.537,13.726],[99.536,13.745],[99.544,13.751],[99.529,13.761],[99.528,13.767],[99.505,13.766],[99.487,13.783],[99.479,13.803],[99.47,13.807],[99.453,13.779],[99.414,13.775],[99.379,13.755],[99.356,13.752],[99.316,13.767],[99.321,13.756],[99.316,13.746],[99.316,13.735],[99.335,13.705],[99.347,13.668],[99.355,13.668],[99.362,13.658],[99.369,13.66],[99.371,13.649],[99.408,13.652],[99.414,13.627],[99.405,13.621],[99.42,13.617],[99.432,13.601],[99.467,13.61],[99.473,13.588],[99.487,13.578],[99.493,13.546],[99.492,13.534],[99.475,13.517],[99.47,13.485],[99.505,13.459],[99.505,13.444],[99.522,13.438],[99.542,13.418]]]]}},{"type":"Feature","id":144,"properties":{"id":144,"en":"Chom Phra","th":"จอมพระ","prov":"สุรินทร์","code":"32"},"geometry":{"type":"MultiPolygon","coordinates":[[[[103.7,15.153],[103.667,15.183],[103.658,15.178],[103.628,15.18],[103.612,15.196],[103.589,15.184],[103.551,15.179],[103.532,15.208],[103.493,15.203],[103.493,15.213],[103.485,15.221],[103.469,15.221],[103.453,15.204],[103.436,15.201],[103.426,15.208],[103.42,15.204],[103.418,15.188],[103.429,15.185],[103.42,15.168],[103.424,15.162],[103.429,15.159],[103.421,15.152],[103.429,15.141],[103.425,15.132],[103.474,15.142],[103.516,15.117],[103.531,15.1],[103.573,15.095],[103.6,15.085],[103.672,15.046],[103.702,15.075],[103.728,15.084],[103.738,15.098],[103.7,15.153]]]]}},{"type":"Feature","id":146,"properties":{"id":146,"en":"Chom Thong","th":"จอมทอง","prov":"เชียงใหม่","code":"50"},"geometry":{"type":"MultiPolygon","coordinates":[[[[98.688,18.381],[98.71,18.414],[98.698,18.41],[98.693,18.415],[98.707,18.441],[98.718,18.433],[98.726,18.445],[98.74,18.435],[98.746,18.442],[98.751,18.463],[98.741,18.473],[98.744,18.488],[98.728,18.5],[98.728,18.508],[98.688,18.523],[98.688,18.543],[98.675,18.549],[98.671,18.567],[98.662,18.575],[98.638,18.578],[98.63,18.599],[98.584,18.581],[98.539,18.58],[98.537,18.588],[98.521,18.592],[98.488,18.593],[98.478,18.584],[98.482,18.552],[98.498,18.526],[98.507,18.524],[98.503,18.506],[98.51,18.504],[98.504,18.5],[98.511,18.49],[98.499,18.486],[98.476,18.464],[98.475,18.45],[98.483,18.445],[98.489,18.422],[98.481,18.398],[98.471,18.389],[98.469,18.352],[98.453,18.325],[98.455,18.313],[98.464,18.307],[98.461,18.292],[98.465,18.285],[98.46,18.27],[98.43,18.261],[98.421,18.247],[98.447,18.227],[98.478,18.222],[98.532,18.236],[98.554,18.234],[98.589,18.213],[98.59,18.208],[98.604,18.206],[98.607,18.198],[98.612,18.204],[98.629,18.198],[98.634,18.182],[98.657,18.177],[98.67,18.163],[98.685,18.165],[98.719,18.15],[98.746,18.156],[98.783,18.179],[98.785,18.221],[98.772,18.23],[98.777,18.245],[98.771,18.256],[98.736,18.267],[98.72,18.286],[98.702,18.291],[98.684,18.31],[98.672,18.31],[98.672,18.327],[98.688,18.335],[98.704,18.332],[98.681,18.368],[98.688,18.381]]]]}},{"type":"Feature","id":147,"properties":{"id":147,"en":"Chon Daen","th":"ชนแดน","prov":"เพชรบูรณ์","code":"67"},"geometry":{"type":"MultiPolygon","coordinates":[[[[100.901,15.897],[100.886,15.939],[100.888,15.947],[100.902,15.953],[100.894,15.967],[100.902,15.989],[100.928,15.979],[100.942,15.98],[100.931,15.986],[100.956,16.001],[100.973,15.996],[100.985,16.005],[100.989,16.042],[100.98,16.049],[100.982,16.066],[100.97,16.06],[100.946,16.072],[100.933,16.064],[100.932,16.073],[100.907,16.107],[100.926,16.133],[100.938,16.124],[100.944,16.137],[100.952,16.134],[100.973,16.146],[100.979,16.134],[100.986,16.137],[100.981,16.156],[100.987,16.183],[100.98,16.186],[100.994,16.209],[100.994,16.226],[100.983,16.226],[100.982,16.254],[100.966,16.263],[100.963,16.285],[100.942,16.309],[100.921,16.302],[100.913,16.319],[100.885,16.331],[100.864,16.332],[100.846,16.314],[100.848,16.29],[100.839,16.268],[100.83,16.27],[100.823,16.284],[100.813,16.285],[100.761,16.26],[100.755,16.264],[100.74,16.256],[100.719,16.258],[100.72,16.251],[100.709,16.244],[100.644,16.139],[100.655,16.126],[100.656,16.108],[100.633,16.044],[100.645,16.043],[100.656,16.053],[100.665,16.032],[100.677,16.031],[100.682,16.024],[100.726,16.024],[100.746,16.011],[100.759,16.011],[100.769,15.999],[100.785,15.992],[100.777,15.97],[100.791,15.958],[100.799,15.936],[100.795,15.931],[100.766,15.931],[100.764,15.911],[100.777,15.897],[100.796,15.893],[100.792,15.901],[100.798,15.926],[100.809,15.925],[100.822,15.91],[100.843,15.909],[100.845,15.925],[100.856,15.93],[100.881,15.922],[100.892,15.9],[100.901,15.897]]]]}},{"type":"Feature","id":148,"properties":{"id":148,"en":"Chonnabot","th":"","prov":"","code":"40"},"geometry":{"type":"MultiPolygon","coordinates":[[[[102.639,16.137],[102.634,16.146],[102.63,16.14],[102.624,16.143],[102.626,16.129],[102.621,16.126],[102.616,16.134],[102.613,16.127],[102.609,16.132],[102.601,16.127],[102.601,16.121],[102.594,16.12],[102.596,16.124],[102.587,16.13],[102.58,16.121],[102.583,16.116],[102.576,16.113],[102.586,16.109],[102.573,16.108],[102.57,16.099],[102.582,16.088],[102.542,16.084],[102.538,16.081],[102.549,16.077],[102.54,16.073],[102.515,16.088],[102.512,16.077],[102.499,16.077],[102.504,16.085],[102.5,16.088],[102.49,16.064],[102.481,16.062],[102.481,16.051],[102.464,16.06],[102.446,16.054],[102.453,16.046],[102.454,16.029],[102.433,16.025],[102.433,16.015],[102.439,16.015],[102.43,16.01],[102.435,16.005],[102.43,15.997],[102.425,15.999],[102.428,15.991],[102.443,15.976],[102.475,15.962],[102.482,15.962],[102.5,15.979],[102.529,15.975],[102.533,15.966],[102.554,15.968],[102.561,15.963],[102.554,15.952],[102.569,15.934],[102.592,15.935],[102.595,15.921],[102.61,15.911],[102.653,15.908],[102.638,15.934],[102.636,15.951],[102.602,16.003],[102.634,16.035],[102.633,16.043],[102.643,16.051],[102.653,16.075],[102.649,16.081],[102.655,16.087],[102.654,16.11],[102.648,16.108],[102.647,16.116],[102.64,16.117],[102.639,16.137]]]]}},{"type":"Feature","id":149,"properties":{"id":149,"en":"Chuen Chom","th":"","prov":"","code":"44"},"geometry":{"type":"MultiPolygon","coordinates":[[[[103.174,16.459],[103.167,16.467],[103.163,16.498],[103.187,16.552],[103.167,16.603],[103.196,16.631],[103.19,16.64],[103.15,16.642],[103.153,16.61],[103.14,16.6],[103.122,16.595],[103.121,16.587],[103.119,16.567],[103.087,16.528],[103.085,16.516],[103.098,16.5],[103.094,16.49],[103.133,16.453],[103.152,16.465],[103.162,16.458],[103.174,16.459]]]]}},{"type":"Feature","id":150,"properties":{"id":150,"en":"Chulabhorn","th":"จุฬาภรณ์","prov":"นครศรีธรรมราช","code":"80"},"geometry":{"type":"MultiPolygon","coordinates":[[[[99.961,8.083],[99.95,8.118],[99.935,8.117],[99.936,8.127],[99.919,8.128],[99.918,8.114],[99.892,8.11],[99.895,8.122],[99.883,8.122],[99.862,8.15],[99.86,8.139],[99.854,8.136],[99.836,8.141],[99.826,8.135],[99.815,8.138],[99.804,8.134],[99.772,8.078],[99.77,8.071],[99.778,8.06],[99.777,8.042],[99.792,8.027],[99.789,8.013],[99.847,8.009],[99.89,8.027],[99.907,8.029],[99.911,8.021],[99.923,8.022],[99.939,8.029],[99.94,8.039],[99.954,8.04],[99.955,8.071],[99.961,8.083]]]]}},{"type":"Feature","id":151,"properties":{"id":151,"en":"Chum Phae","th":"ชุมแพ","prov":"ขอนแก่น","code":"40"},"geometry":{"type":"MultiPolygon","coordinates":[[[[102.301,16.448],[102.3,16.465],[102.294,16.47],[102.288,16.466],[102.286,16.472],[102.292,16.511],[102.285,16.535],[102.289,16.553],[102.315,16.586],[102.308,16.594],[102.285,16.602],[102.278,16.615],[102.184,16.59],[102.175,16.604],[102.158,16.606],[102.157,16.618],[102.145,16.618],[102.123,16.633],[102.112,16.655],[102.099,16.651],[102.064,16.663],[102.051,16.674],[102.055,16.688],[102.049,16.695],[102.017,16.702],[102.003,16.716],[102.012,16.734],[102.008,16.745],[102.017,16.744],[102.019,16.754],[102.015,16.79],[102.033,16.826],[102.034,16.843],[102.026,16.843],[102.028,16.862],[102.019,16.869],[102.016,16.864],[102.01,16.87],[101.999,16.86],[102.006,16.855],[101.996,16.85],[101.999,16.845],[101.994,16.84],[101.979,16.84],[101.978,16.845],[101.974,16.84],[101.962,16.852],[101.956,16.847],[101.944,16.853],[101.951,16.841],[101.941,16.836],[101.945,16.79],[101.932,16.745],[101.936,16.718],[101.944,16.714],[101.955,16.688],[101.958,16.638],[101.951,16.623],[101.957,16.617],[101.969,16.618],[101.983,16.595],[101.977,16.587],[101.992,16.585],[101.988,16.566],[102.006,16.558],[102.023,16.559],[102.024,16.548],[102.032,16.541],[102.032,16.521],[102.043,16.508],[102.073,16.503],[102.068,16.494],[102.079,16.497],[102.085,16.492],[102.094,16.499],[102.122,16.494],[102.158,16.503],[102.157,16.498],[102.165,16.502],[102.173,16.492],[102.182,16.506],[102.192,16.499],[102.204,16.504],[102.207,16.498],[102.214,16.501],[102.228,16.484],[102.238,16.484],[102.244,16.47],[102.257,16.467],[102.255,16.461],[102.264,16.462],[102.269,16.456],[102.277,16.461],[102.293,16.446],[102.301,16.448]]]]}},{"type":"Feature","id":152,"properties":{"id":152,"en":"Chum Phuang","th":"ชุมพวง","prov":"นครราชสีมา","code":"30"},"geometry":{"type":"MultiPolygon","coordinates":[[[[102.754,15.431],[102.733,15.435],[102.7,15.453],[102.685,15.388],[102.689,15.374],[102.679,15.37],[102.673,15.358],[102.667,15.357],[102.663,15.364],[102.652,15.359],[102.649,15.366],[102.643,15.362],[102.644,15.354],[102.637,15.361],[102.63,15.357],[102.628,15.345],[102.619,15.342],[102.624,15.341],[102.619,15.338],[102.624,15.322],[102.612,15.314],[102.627,15.298],[102.658,15.302],[102.66,15.313],[102.695,15.31],[102.692,15.294],[102.682,15.292],[102.685,15.286],[102.677,15.28],[102.681,15.277],[102.671,15.263],[102.674,15.257],[102.661,15.256],[102.667,15.246],[102.657,15.241],[102.661,15.224],[102.652,15.216],[102.652,15.202],[102.669,15.187],[102.664,15.185],[102.671,15.166],[102.684,15.167],[102.695,15.14],[102.708,15.14],[102.704,15.135],[102.709,15.124],[102.718,15.123],[102.728,15.097],[102.739,15.099],[102.749,15.086],[102.762,15.086],[102.764,15.08],[102.78,15.09],[102.824,15.155],[102.836,15.157],[102.847,15.169],[102.868,15.166],[102.86,15.207],[102.874,15.224],[102.874,15.242],[102.857,15.249],[102.849,15.245],[102.844,15.26],[102.825,15.266],[102.836,15.289],[102.847,15.294],[102.842,15.313],[102.846,15.319],[102.845,15.405],[102.839,15.405],[102.833,15.386],[102.825,15.387],[102.811,15.378],[102.808,15.383],[102.803,15.377],[102.792,15.388],[102.792,15.382],[102.783,15.386],[102.78,15.381],[102.771,15.423],[102.754,15.431]]]]}},{"type":"Feature","id":153,"properties":{"id":153,"en":"Chum Saeng","th":"ชุมแสง","prov":"นครสวรรค์","code":"60"},"geometry":{"type":"MultiPolygon","coordinates":[[[[100.306,15.973],[100.31,15.961],[100.269,15.94],[100.263,15.942],[100.261,15.959],[100.249,15.959],[100.241,15.946],[100.247,15.938],[100.229,15.927],[100.201,15.935],[100.169,15.932],[100.175,15.886],[100.17,15.88],[100.184,15.868],[100.174,15.859],[100.188,15.853],[100.161,15.784],[100.216,15.792],[100.204,15.756],[100.247,15.698],[100.301,15.694],[100.328,15.742],[100.314,15.771],[100.338,15.777],[100.362,15.798],[100.375,15.799],[100.407,15.823],[100.403,15.842],[100.409,15.867],[100.431,15.887],[100.45,15.922],[100.461,15.927],[100.461,15.938],[100.445,15.93],[100.427,15.939],[100.413,15.93],[100.378,15.941],[100.347,15.935],[100.331,15.941],[100.346,15.974],[100.322,15.988],[100.323,15.974],[100.306,15.973]]]]}},{"type":"Feature","id":154,"properties":{"id":154,"en":"Chum Ta Bong","th":"ชุมตาบง","prov":"นครสวรรค์","code":"60"},"geometry":{"type":"MultiPolygon","coordinates":[[[[99.619,15.715],[99.596,15.734],[99.568,15.735],[99.563,15.741],[99.513,15.735],[99.504,15.745],[99.507,15.764],[99.499,15.768],[99.449,15.763],[99.447,15.748],[99.465,15.734],[99.473,15.707],[99.489,15.696],[99.492,15.652],[99.51,15.641],[99.513,15.623],[99.505,15.617],[99.497,15.569],[99.504,15.562],[99.555,15.58],[99.596,15.628],[99.627,15.643],[99.66,15.649],[99.669,15.662],[99.661,15.672],[99.639,15.675],[99.623,15.664],[99.629,15.681],[99.648,15.688],[99.66,15.701],[99.646,15.711],[99.64,15.707],[99.619,15.715]]]]}},{"type":"Feature","id":155,"properties":{"id":155,"en":"Chumphon Buri","th":"ชุมพลบุรี","prov":"สุรินทร์","code":"32"},"geometry":{"type":"MultiPolygon","coordinates":[[[[103.403,15.436],[103.341,15.406],[103.327,15.414],[103.27,15.423],[103.251,15.448],[103.224,15.448],[103.215,15.461],[103.111,15.481],[103.115,15.467],[103.106,15.457],[103.111,15.45],[103.089,15.421],[103.114,15.41],[103.117,15.402],[103.134,15.4],[103.138,15.412],[103.146,15.403],[103.141,15.388],[103.148,15.381],[103.154,15.385],[103.155,15.379],[103.148,15.376],[103.157,15.373],[103.155,15.365],[103.164,15.365],[103.156,15.353],[103.171,15.364],[103.178,15.359],[103.182,15.368],[103.194,15.366],[103.197,15.359],[103.187,15.358],[103.196,15.336],[103.202,15.343],[103.212,15.343],[103.21,15.331],[103.219,15.336],[103.224,15.33],[103.219,15.322],[103.231,15.317],[103.232,15.324],[103.244,15.317],[103.252,15.322],[103.249,15.307],[103.259,15.314],[103.266,15.311],[103.267,15.318],[103.284,15.317],[103.281,15.307],[103.288,15.298],[103.306,15.319],[103.316,15.319],[103.314,15.328],[103.329,15.331],[103.328,15.337],[103.339,15.335],[103.343,15.343],[103.349,15.339],[103.35,15.347],[103.361,15.346],[103.36,15.338],[103.374,15.339],[103.387,15.325],[103.386,15.318],[103.403,15.308],[103.419,15.316],[103.431,15.31],[103.428,15.32],[103.436,15.323],[103.436,15.335],[103.442,15.33],[103.451,15.335],[103.441,15.339],[103.444,15.344],[103.459,15.335],[103.469,15.339],[103.474,15.329],[103.469,15.325],[103.484,15.318],[103.486,15.311],[103.492,15.317],[103.497,15.308],[103.503,15.314],[103.497,15.301],[103.505,15.292],[103.514,15.295],[103.516,15.286],[103.522,15.285],[103.523,15.301],[103.527,15.288],[103.533,15.299],[103.571,15.283],[103.587,15.302],[103.581,15.333],[103.586,15.398],[103.581,15.418],[103.597,15.42],[103.588,15.434],[103.596,15.436],[103.592,15.467],[103.566,15.46],[103.562,15.452],[103.555,15.454],[103.55,15.438],[103.543,15.44],[103.532,15.426],[103.516,15.429],[103.503,15.439],[103.492,15.438],[103.48,15.452],[103.446,15.456],[103.403,15.436]]]]}},{"type":"Feature","id":156,"properties":{"id":156,"en":"Chun","th":"จุน","prov":"พะเยา","code":"56"},"geometry":{"type":"MultiPolygon","coordinates":[[[[100.154,19.546],[100.098,19.555],[100.084,19.552],[100.068,19.54],[100.065,19.5],[100.07,19.484],[100.066,19.47],[100.07,19.458],[100.065,19.442],[100.072,19.434],[100.054,19.431],[100.057,19.414],[100.051,19.391],[100.058,19.363],[100.051,19.353],[100.081,19.335],[100.069,19.297],[100.099,19.3],[100.105,19.286],[100.107,19.278],[100.097,19.269],[100.106,19.255],[100.105,19.228],[100.115,19.192],[100.121,19.191],[100.115,19.157],[100.125,19.155],[100.136,19.191],[100.163,19.215],[100.191,19.232],[100.213,19.228],[100.226,19.265],[100.244,19.259],[100.265,19.263],[100.26,19.288],[100.244,19.304],[100.246,19.312],[100.233,19.32],[100.228,19.334],[100.237,19.341],[100.202,19.414],[100.213,19.418],[100.213,19.43],[100.203,19.434],[100.21,19.454],[100.184,19.473],[100.181,19.468],[100.168,19.469],[100.163,19.473],[100.17,19.48],[100.16,19.486],[100.164,19.495],[100.142,19.505],[100.148,19.52],[100.156,19.52],[100.161,19.529],[100.154,19.533],[100.154,19.546]]]]}},{"type":"Feature","id":157,"properties":{"id":157,"en":"Damnoen Saduak","th":"","prov":"","code":"70"},"geometry":{"type":"MultiPolygon","coordinates":[[[[100.031,13.613],[100.03,13.619],[100.025,13.617],[100.021,13.636],[100.005,13.629],[99.996,13.644],[99.963,13.639],[99.962,13.62],[99.948,13.618],[99.939,13.627],[99.908,13.633],[99.895,13.61],[99.882,13.607],[99.882,13.595],[99.89,13.592],[99.888,13.58],[99.899,13.583],[99.897,13.57],[99.906,13.558],[99.9,13.541],[99.905,13.518],[99.913,13.51],[99.925,13.514],[99.934,13.498],[99.961,13.497],[99.967,13.485],[99.989,13.501],[99.995,13.494],[100.009,13.516],[100.026,13.505],[100.029,13.529],[100.042,13.537],[100.046,13.559],[100.037,13.582],[100.043,13.595],[100.031,13.613]]]]}},{"type":"Feature","id":158,"properties":{"id":158,"en":"Dan Chang","th":"ด่านช้าง","prov":"สุพรรณบุรี","code":"72"},"geometry":{"type":"MultiPolygon","coordinates":[[[[99.283,14.998],[99.283,14.989],[99.304,14.975],[99.325,14.942],[99.324,14.899],[99.301,14.872],[99.287,14.865],[99.292,14.833],[99.304,14.827],[99.31,14.813],[99.327,14.81],[99.342,14.784],[99.366,14.77],[99.388,14.765],[99.415,14.776],[99.433,14.776],[99.433,14.755],[99.445,14.741],[99.442,14.732],[99.459,14.729],[99.466,14.717],[99.475,14.716],[99.479,14.722],[99.481,14.715],[99.489,14.716],[99.485,14.708],[99.492,14.705],[99.508,14.709],[99.522,14.704],[99.542,14.716],[99.545,14.709],[99.567,14.709],[99.578,14.748],[99.579,14.77],[99.571,14.78],[99.578,14.789],[99.61,14.785],[99.629,14.801],[99.653,14.802],[99.653,14.819],[99.662,14.825],[99.675,14.819],[99.685,14.823],[99.736,14.815],[99.742,14.824],[99.758,14.826],[99.764,14.833],[99.783,14.833],[99.793,14.842],[99.81,14.843],[99.831,14.861],[99.825,14.867],[99.78,14.881],[99.768,14.891],[99.76,14.912],[99.77,14.931],[99.758,14.939],[99.75,14.937],[99.752,14.943],[99.733,14.945],[99.732,14.963],[99.719,14.96],[99.695,14.968],[99.664,14.988],[99.627,14.987],[99.632,14.984],[99.627,14.979],[99.631,14.943],[99.588,14.945],[99.565,14.962],[99.535,14.968],[99.526,14.981],[99.478,14.992],[99.445,14.991],[99.426,15.015],[99.416,15.047],[99.371,15.051],[99.339,15.08],[99.32,15.081],[99.303,15.062],[99.276,15.013],[99.283,14.998]]]]}},{"type":"Feature","id":159,"properties":{"id":159,"en":"Dan Khun Thot","th":"ด่านขุนทด","prov":"นครราชสีมา","code":"30"},"geometry":{"type":"MultiPolygon","coordinates":[[[[101.566,15.372],[101.564,15.354],[101.576,15.348],[101.578,15.334],[101.589,15.318],[101.6,15.308],[101.624,15.305],[101.634,15.291],[101.641,15.263],[101.634,15.239],[101.593,15.255],[101.592,15.236],[101.601,15.215],[101.53,15.201],[101.496,15.202],[101.479,15.232],[101.465,15.237],[101.388,15.228],[101.402,15.153],[101.399,15.103],[101.418,15.096],[101.434,15.106],[101.45,15.106],[101.474,15.116],[101.5,15.111],[101.511,15.098],[101.551,15.105],[101.567,15.093],[101.632,15.098],[101.637,15.076],[101.66,15.069],[101.685,15.071],[101.7,15.061],[101.714,15.075],[101.739,15.065],[101.758,15.077],[101.787,15.051],[101.809,15.07],[101.836,15.074],[101.861,15.105],[101.889,15.111],[101.903,15.15],[101.901,15.157],[101.884,15.161],[101.878,15.187],[101.868,15.19],[101.874,15.203],[101.871,15.224],[101.906,15.226],[101.9,15.237],[101.914,15.258],[101.924,15.293],[101.92,15.317],[101.934,15.331],[101.924,15.334],[101.916,15.353],[101.883,15.373],[101.878,15.389],[101.839,15.415],[101.809,15.421],[101.802,15.42],[101.802,15.403],[101.779,15.384],[101.72,15.385],[101.702,15.394],[101.686,15.392],[101.657,15.402],[101.619,15.37],[101.606,15.381],[101.566,15.372]]]]}},{"type":"Feature","id":160,"properties":{"id":160,"en":"Dan Makham Tia","th":"ด่านมะขามเตี้ย","prov":"กาญจนบุรี","code":"71"},"geometry":{"type":"MultiPolygon","coordinates":[[[[99.47,13.807],[99.457,13.83],[99.463,13.835],[99.482,13.833],[99.497,13.861],[99.492,13.87],[99.496,13.888],[99.506,13.894],[99.51,13.91],[99.486,13.904],[99.48,13.908],[99.473,13.897],[99.453,13.911],[99.449,13.929],[99.434,13.924],[99.418,13.939],[99.401,13.932],[99.371,13.952],[99.361,13.935],[99.356,13.94],[99.321,13.94],[99.314,13.955],[99.304,13.947],[99.294,13.952],[99.287,13.933],[99.276,13.927],[99.273,13.912],[99.258,13.905],[99.264,13.895],[99.26,13.885],[99.224,13.865],[99.208,13.885],[99.197,13.876],[99.177,13.88],[99.181,13.862],[99.172,13.833],[99.179,13.801],[99.156,13.781],[99.149,13.766],[99.161,13.726],[99.167,13.726],[99.173,13.741],[99.185,13.733],[99.204,13.735],[99.221,13.748],[99.24,13.751],[99.266,13.743],[99.278,13.76],[99.304,13.776],[99.339,13.756],[99.379,13.755],[99.414,13.775],[99.453,13.779],[99.47,13.807]]]]}},{"type":"Feature","id":161,"properties":{"id":161,"en":"Dan Sai","th":"ด่านซ้าย","prov":"เลย","code":"42"},"geometry":{"type":"MultiPolygon","coordinates":[[[[101.225,17.534],[101.176,17.525],[101.183,17.498],[101.163,17.491],[101.168,17.48],[101.161,17.467],[101.15,17.467],[101.146,17.479],[101.131,17.473],[101.136,17.483],[101.122,17.484],[101.112,17.479],[101.107,17.466],[101.115,17.43],[101.104,17.394],[101.117,17.378],[101.113,17.367],[101.124,17.332],[101.115,17.305],[101.094,17.292],[101.082,17.273],[101.11,17.234],[101.108,17.216],[101.075,17.178],[101.08,17.153],[101.078,17.137],[101.07,17.13],[101.071,17.116],[101.051,17.115],[101.051,17.096],[101.057,17.091],[101.05,17.078],[101.058,17.06],[101.052,17.041],[101.058,17.029],[101.042,16.984],[101.049,16.975],[101.045,16.967],[101.051,16.956],[101.028,16.945],[101.028,16.938],[101.04,16.929],[101.07,16.926],[101.067,16.903],[101.079,16.9],[101.101,16.912],[101.103,16.932],[101.115,16.951],[101.111,17.001],[101.115,17.001],[101.109,17.003],[101.115,17.021],[101.169,17.038],[101.173,17.054],[101.188,17.066],[101.206,17.069],[101.223,17.061],[101.229,17.067],[101.225,17.085],[101.244,17.109],[101.256,17.11],[101.273,17.096],[101.295,17.107],[101.307,17.12],[101.308,17.13],[101.351,17.163],[101.356,17.171],[101.382,17.17],[101.395,17.178],[101.411,17.173],[101.412,17.167],[101.452,17.141],[101.457,17.126],[101.452,17.122],[101.462,17.106],[101.459,17.099],[101.475,17.089],[101.48,17.11],[101.471,17.128],[101.474,17.157],[101.467,17.205],[101.479,17.252],[101.473,17.261],[101.48,17.266],[101.472,17.28],[101.461,17.282],[101.431,17.26],[101.415,17.264],[101.393,17.257],[101.383,17.262],[101.365,17.293],[101.357,17.298],[101.326,17.311],[101.28,17.313],[101.275,17.32],[101.278,17.335],[101.297,17.352],[101.277,17.369],[101.287,17.378],[101.28,17.384],[101.285,17.392],[101.271,17.394],[101.279,17.399],[101.27,17.404],[101.277,17.41],[101.269,17.418],[101.279,17.424],[101.268,17.438],[101.26,17.436],[101.256,17.441],[101.272,17.453],[101.263,17.478],[101.265,17.495],[101.254,17.506],[101.233,17.513],[101.24,17.524],[101.225,17.534]]]]}},{"type":"Feature","id":162,"properties":{"id":162,"en":"Den Chai","th":"เด่นชัย","prov":"แพร่","code":"54"},"geometry":{"type":"MultiPolygon","coordinates":[[[[100.188,17.904],[100.179,17.917],[100.157,17.922],[100.128,17.939],[100.129,17.96],[100.149,17.978],[100.144,17.988],[100.137,17.985],[100.128,17.995],[100.108,17.999],[100.089,18.02],[100.025,18.032],[99.997,18.048],[99.972,18.044],[99.969,18.022],[99.943,17.995],[99.935,17.976],[99.884,17.942],[99.893,17.935],[99.877,17.925],[99.875,17.898],[99.893,17.879],[99.905,17.884],[99.909,17.874],[99.923,17.873],[99.921,17.864],[99.937,17.853],[99.932,17.845],[99.908,17.84],[99.912,17.823],[99.894,17.807],[99.907,17.806],[99.949,17.777],[99.959,17.778],[99.965,17.798],[99.977,17.797],[99.99,17.81],[99.989,17.835],[100.011,17.833],[100.043,17.848],[100.058,17.833],[100.063,17.841],[100.089,17.843],[100.095,17.851],[100.102,17.847],[100.12,17.859],[100.13,17.856],[100.159,17.889],[100.188,17.904]]]]}},{"type":"Feature","id":163,"properties":{"id":163,"en":"Det Udom","th":"เดชอุดม","prov":"อุบลราชธานี","code":"34"},"geometry":{"type":"MultiPolygon","coordinates":[[[[104.818,14.777],[104.846,14.783],[104.856,14.805],[104.887,14.797],[104.898,14.829],[104.961,14.829],[104.955,14.82],[104.953,14.773],[104.995,14.79],[105.013,14.789],[105.003,14.779],[105.002,14.754],[104.986,14.729],[104.987,14.719],[104.969,14.712],[104.97,14.704],[104.962,14.703],[104.964,14.696],[104.951,14.69],[105.016,14.662],[105.032,14.676],[105.044,14.667],[105.054,14.646],[105.07,14.65],[105.09,14.624],[105.117,14.618],[105.112,14.63],[105.119,14.687],[105.095,14.712],[105.132,14.709],[105.145,14.718],[105.151,14.732],[105.202,14.726],[105.232,14.739],[105.254,14.72],[105.258,14.743],[105.253,14.77],[105.268,14.815],[105.262,14.83],[105.272,14.861],[105.258,14.892],[105.266,14.918],[105.279,14.931],[105.277,14.941],[105.291,14.944],[105.307,14.937],[105.292,14.963],[105.272,14.974],[105.261,14.972],[105.244,14.988],[105.21,15.006],[105.19,15.028],[105.184,15.011],[105.161,15.001],[105.151,14.985],[105.118,14.979],[105.114,14.968],[105.101,14.972],[105.1,14.945],[105.085,14.949],[105.076,14.944],[105.055,14.972],[105.047,14.964],[105.04,14.972],[105.033,14.961],[105.028,14.965],[105.023,14.982],[105.03,14.987],[105.034,15.013],[105.009,15.013],[105.013,15.022],[105.004,15.033],[104.984,15.031],[104.972,15.039],[104.968,15.032],[104.953,15.027],[104.949,15.031],[104.937,15.015],[104.94,14.999],[104.929,14.989],[104.919,14.95],[104.905,14.942],[104.885,14.913],[104.857,14.888],[104.838,14.845],[104.807,14.83],[104.798,14.817],[104.799,14.803],[104.814,14.791],[104.818,14.777]]]]}},{"type":"Feature","id":165,"properties":{"id":165,"en":"Doem Bang Nang Buat","th":"เดิมบางนางบวช","prov":"สุพรรณบุรี","code":"72"},"geometry":{"type":"MultiPolygon","coordinates":[[[[100.203,14.953],[100.2,14.96],[100.187,14.958],[100.158,14.929],[100.126,14.923],[100.128,14.931],[100.138,14.935],[100.133,14.946],[100.106,14.946],[100.089,14.956],[100.076,14.951],[100.055,14.962],[100.039,14.961],[100.037,14.95],[100.046,14.941],[100.038,14.913],[99.932,14.907],[99.888,14.926],[99.874,14.923],[99.843,14.937],[99.794,14.943],[99.752,14.961],[99.732,14.963],[99.733,14.945],[99.752,14.943],[99.75,14.937],[99.758,14.939],[99.77,14.931],[99.76,14.912],[99.768,14.891],[99.78,14.881],[99.825,14.867],[99.831,14.861],[99.813,14.848],[99.831,14.847],[99.899,14.871],[99.928,14.871],[99.937,14.858],[99.949,14.857],[99.952,14.848],[99.995,14.838],[100.017,14.845],[100.031,14.831],[100.073,14.82],[100.084,14.813],[100.081,14.803],[100.088,14.788],[100.104,14.793],[100.123,14.783],[100.139,14.799],[100.182,14.79],[100.201,14.767],[100.23,14.788],[100.215,14.807],[100.204,14.809],[100.209,14.834],[100.219,14.844],[100.221,14.865],[100.216,14.872],[100.224,14.884],[100.21,14.884],[100.206,14.895],[100.224,14.903],[100.216,14.91],[100.192,14.905],[100.182,14.924],[100.182,14.935],[100.198,14.939],[100.203,14.953]]]]}},{"type":"Feature","id":166,"properties":{"id":166,"en":"Doi Lo","th":"ดอยหล่อ","prov":"เชียงใหม่","code":"50"},"geometry":{"type":"MultiPolygon","coordinates":[[[[98.74,18.435],[98.763,18.434],[98.778,18.45],[98.798,18.453],[98.805,18.463],[98.814,18.462],[98.816,18.472],[98.838,18.485],[98.858,18.508],[98.859,18.526],[98.857,18.542],[98.839,18.56],[98.83,18.56],[98.798,18.585],[98.761,18.555],[98.741,18.552],[98.733,18.561],[98.715,18.573],[98.715,18.599],[98.692,18.622],[98.652,18.61],[98.631,18.612],[98.624,18.6],[98.635,18.596],[98.638,18.578],[98.662,18.575],[98.671,18.567],[98.675,18.549],[98.688,18.543],[98.688,18.523],[98.715,18.509],[98.72,18.515],[98.728,18.508],[98.728,18.5],[98.739,18.495],[98.745,18.484],[98.741,18.473],[98.751,18.463],[98.74,18.435]]]]}},{"type":"Feature","id":167,"properties":{"id":167,"en":"Doi Luang","th":"ดอยหลวง","prov":"เชียงราย","code":"57"},"geometry":{"type":"MultiPolygon","coordinates":[[[[100.305,20.187],[100.27,20.183],[100.243,20.196],[100.224,20.188],[100.211,20.197],[100.206,20.194],[100.203,20.201],[100.182,20.189],[100.171,20.198],[100.171,20.206],[100.156,20.21],[100.154,20.221],[100.13,20.216],[100.118,20.229],[100.12,20.219],[100.108,20.214],[100.106,20.203],[100.078,20.208],[100.09,20.183],[100.077,20.182],[100.067,20.172],[100.079,20.169],[100.082,20.16],[100.071,20.161],[100.069,20.148],[100.056,20.154],[100.057,20.137],[100.037,20.14],[100.037,20.127],[100.024,20.129],[100.028,20.109],[100.01,20.111],[100.016,20.098],[100.032,20.092],[100.031,20.061],[100.049,20.052],[100.07,20.074],[100.09,20.069],[100.124,20.091],[100.154,20.083],[100.159,20.073],[100.176,20.065],[100.196,20.076],[100.2,20.068],[100.228,20.083],[100.226,20.103],[100.235,20.108],[100.243,20.131],[100.264,20.139],[100.268,20.132],[100.279,20.134],[100.281,20.146],[100.293,20.15],[100.294,20.161],[100.308,20.173],[100.302,20.179],[100.305,20.187]]]]}},{"type":"Feature","id":168,"properties":{"id":168,"en":"Doi Saket","th":"ดอยสะเก็ด","prov":"เชียงใหม่","code":"50"},"geometry":{"type":"MultiPolygon","coordinates":[[[[99.402,19],[99.381,19.042],[99.384,19.063],[99.365,19.069],[99.364,19.08],[99.344,19.086],[99.341,19.096],[99.332,19.082],[99.304,19.066],[99.302,19.052],[99.283,19.033],[99.253,19.03],[99.252,19],[99.245,18.997],[99.222,19],[99.211,18.994],[99.182,19.01],[99.159,19.007],[99.152,19.012],[99.153,19.026],[99.144,19.039],[99.135,19.039],[99.135,19.047],[99.113,19.072],[99.097,19.046],[99.079,19.04],[99.083,19.017],[99.078,19.014],[99.086,19.003],[99.076,18.995],[99.067,18.996],[99.07,18.977],[99.061,18.973],[99.069,18.964],[99.079,18.965],[99.085,18.951],[99.119,18.937],[99.128,18.916],[99.117,18.9],[99.123,18.886],[99.105,18.875],[99.102,18.857],[99.075,18.845],[99.068,18.83],[99.051,18.819],[99.056,18.779],[99.068,18.781],[99.082,18.776],[99.083,18.783],[99.092,18.783],[99.1,18.768],[99.125,18.803],[99.152,18.788],[99.163,18.807],[99.187,18.803],[99.215,18.817],[99.218,18.831],[99.236,18.836],[99.239,18.862],[99.234,18.868],[99.248,18.873],[99.256,18.89],[99.279,18.904],[99.296,18.904],[99.324,18.916],[99.348,18.909],[99.37,18.914],[99.387,18.944],[99.375,18.96],[99.377,18.982],[99.402,19]]]]}},{"type":"Feature","id":169,"properties":{"id":169,"en":"Doi Tao","th":"ดอยเต่า","prov":"เชียงใหม่","code":"50"},"geometry":{"type":"MultiPolygon","coordinates":[[[[98.777,18.001],[98.776,18.007],[98.76,18.013],[98.744,18.013],[98.729,18.021],[98.705,18.02],[98.681,18.028],[98.68,18.051],[98.657,18.07],[98.638,18.072],[98.642,18.081],[98.621,18.066],[98.592,18.072],[98.608,18.03],[98.593,18.028],[98.584,18.02],[98.612,18.008],[98.607,17.992],[98.595,17.997],[98.59,17.989],[98.571,17.98],[98.598,17.941],[98.585,17.942],[98.585,17.932],[98.56,17.926],[98.553,17.941],[98.545,17.927],[98.519,17.931],[98.506,17.908],[98.49,17.9],[98.483,17.91],[98.469,17.907],[98.453,17.892],[98.44,17.898],[98.432,17.891],[98.43,17.867],[98.438,17.853],[98.454,17.843],[98.479,17.842],[98.493,17.814],[98.509,17.813],[98.519,17.825],[98.56,17.795],[98.571,17.809],[98.582,17.801],[98.596,17.804],[98.614,17.78],[98.624,17.777],[98.633,17.785],[98.632,17.801],[98.639,17.815],[98.669,17.835],[98.685,17.791],[98.713,17.799],[98.727,17.794],[98.743,17.806],[98.763,17.802],[98.777,17.831],[98.785,17.833],[98.794,17.824],[98.797,17.814],[98.792,17.813],[98.8,17.796],[98.83,17.8],[98.857,17.815],[98.852,17.822],[98.852,17.846],[98.86,17.856],[98.87,17.849],[98.867,17.878],[98.856,17.898],[98.841,17.964],[98.83,17.976],[98.833,17.987],[98.808,18.009],[98.787,17.999],[98.777,18.001]]]]}},{"type":"Feature","id":170,"properties":{"id":170,"en":"Dok Khamtai","th":"ดอกคำใต้","prov":"พะเยา","code":"56"},"geometry":{"type":"MultiPolygon","coordinates":[[[[100.111,19.025],[100.125,19.059],[100.107,19.077],[100.121,19.191],[100.115,19.192],[100.105,19.228],[100.106,19.255],[100.097,19.269],[100.107,19.278],[100.1,19.298],[100.086,19.302],[100.069,19.297],[100.081,19.335],[100.051,19.353],[100.058,19.363],[100.051,19.391],[100.055,19.43],[100.045,19.444],[100.033,19.444],[100.027,19.436],[100.01,19.439],[100.013,19.428],[100.005,19.429],[100.008,19.419],[100,19.414],[100.027,19.387],[100.013,19.389],[99.998,19.368],[100.003,19.346],[100.008,19.349],[100.015,19.344],[100.009,19.338],[100.018,19.328],[100.013,19.314],[100.025,19.309],[100.023,19.296],[100.016,19.292],[100.02,19.282],[100.011,19.269],[100.016,19.262],[99.992,19.218],[99.975,19.214],[99.965,19.199],[99.939,19.186],[99.934,19.165],[99.92,19.161],[99.978,19.114],[99.983,19.094],[100.016,19.044],[100.019,19.031],[100.012,19.017],[100.017,19.001],[100.008,18.991],[100.011,18.977],[100.002,18.964],[100.02,18.937],[100.016,18.924],[100.027,18.897],[100.034,18.902],[100.04,18.891],[100.061,18.88],[100.07,18.865],[100.061,18.83],[100.066,18.828],[100.066,18.817],[100.086,18.828],[100.114,18.809],[100.117,18.82],[100.133,18.817],[100.156,18.835],[100.149,18.872],[100.141,18.878],[100.152,18.883],[100.156,18.913],[100.149,18.94],[100.122,18.957],[100.127,18.973],[100.115,18.979],[100.117,18.996],[100.108,19.002],[100.105,19.015],[100.111,19.025]]]]}},{"type":"Feature","id":171,"properties":{"id":171,"en":"Don Chan","th":"","prov":"","code":"46"},"geometry":{"type":"MultiPolygon","coordinates":[[[[103.832,16.489],[103.795,16.501],[103.772,16.517],[103.768,16.532],[103.75,16.54],[103.727,16.566],[103.704,16.569],[103.7,16.554],[103.689,16.553],[103.694,16.55],[103.692,16.544],[103.683,16.548],[103.669,16.54],[103.664,16.509],[103.655,16.497],[103.641,16.494],[103.63,16.485],[103.623,16.495],[103.601,16.492],[103.598,16.468],[103.655,16.445],[103.652,16.438],[103.661,16.433],[103.664,16.411],[103.674,16.41],[103.672,16.398],[103.691,16.384],[103.714,16.387],[103.728,16.407],[103.769,16.425],[103.774,16.436],[103.823,16.47],[103.813,16.48],[103.815,16.485],[103.832,16.489]]]]}},{"type":"Feature","id":172,"properties":{"id":172,"en":"Don Chedi","th":"","prov":"","code":"72"},"geometry":{"type":"MultiPolygon","coordinates":[[[[99.984,14.69],[99.953,14.682],[99.923,14.698],[99.874,14.7],[99.833,14.727],[99.789,14.736],[99.783,14.719],[99.792,14.703],[99.797,14.706],[99.794,14.682],[99.814,14.658],[99.808,14.647],[99.82,14.643],[99.831,14.619],[99.845,14.611],[99.868,14.61],[99.88,14.616],[99.878,14.61],[99.886,14.607],[99.892,14.611],[99.896,14.6],[99.921,14.595],[99.929,14.611],[99.955,14.59],[99.998,14.574],[100.049,14.577],[100.084,14.56],[100.086,14.571],[100.067,14.586],[100.052,14.589],[100.051,14.6],[100.061,14.611],[100.058,14.626],[100.067,14.628],[100.07,14.635],[100.071,14.66],[100.084,14.667],[100.083,14.673],[100.056,14.679],[100.047,14.686],[99.984,14.69]]]]}},{"type":"Feature","id":173,"properties":{"id":173,"en":"Don Mot Daeng","th":"","prov":"","code":"34"},"geometry":{"type":"MultiPolygon","coordinates":[[[[105.059,15.421],[105.044,15.434],[105.025,15.431],[105.034,15.457],[105.013,15.485],[105.002,15.474],[104.977,15.497],[104.978,15.504],[104.962,15.504],[104.97,15.489],[104.954,15.49],[104.957,15.502],[104.943,15.517],[104.948,15.508],[104.938,15.504],[104.938,15.495],[105.001,15.426],[105.008,15.409],[104.999,15.398],[104.983,15.407],[104.976,15.404],[104.946,15.381],[104.946,15.366],[104.935,15.356],[104.941,15.342],[104.964,15.345],[104.991,15.335],[105.001,15.345],[105.017,15.347],[105.013,15.312],[105.029,15.297],[105.029,15.281],[105.034,15.279],[105.112,15.307],[105.101,15.322],[105.093,15.318],[105.068,15.344],[105.063,15.355],[105.073,15.368],[105.061,15.388],[105.043,15.389],[105.059,15.421]]]]}},{"type":"Feature","id":175,"properties":{"id":175,"en":"Don Phut","th":"","prov":"","code":"19"},"geometry":{"type":"MultiPolygon","coordinates":[[[[100.641,14.636],[100.627,14.655],[100.612,14.647],[100.602,14.655],[100.584,14.63],[100.575,14.596],[100.604,14.578],[100.602,14.554],[100.635,14.568],[100.643,14.604],[100.66,14.622],[100.641,14.636]]]]}},{"type":"Feature","id":176,"properties":{"id":176,"en":"Don Sak","th":"ดอนสัก","prov":"สุราษฎร์ธานี","code":"84"},"geometry":{"type":"MultiPolygon","coordinates":[[[[99.769,9.323],[99.755,9.316],[99.743,9.324],[99.745,9.329],[99.725,9.312],[99.705,9.325],[99.692,9.326],[99.682,9.338],[99.686,9.33],[99.682,9.312],[99.667,9.303],[99.643,9.302],[99.615,9.27],[99.574,9.271],[99.568,9.254],[99.575,9.254],[99.574,9.243],[99.59,9.241],[99.592,9.227],[99.6,9.228],[99.616,9.22],[99.626,9.193],[99.632,9.192],[99.633,9.184],[99.626,9.178],[99.629,9.165],[99.67,9.156],[99.673,9.14],[99.663,9.133],[99.663,9.11],[99.66,9.099],[99.678,9.083],[99.671,9.067],[99.689,9.06],[99.695,9.051],[99.708,9.046],[99.718,9.049],[99.742,9.03],[99.741,9.058],[99.749,9.068],[99.764,9.072],[99.764,9.088],[99.772,9.099],[99.741,9.114],[99.722,9.113],[99.733,9.12],[99.734,9.128],[99.72,9.145],[99.721,9.155],[99.732,9.16],[99.739,9.17],[99.739,9.2],[99.747,9.204],[99.754,9.221],[99.748,9.263],[99.762,9.268],[99.772,9.261],[99.772,9.28],[99.763,9.291],[99.769,9.323]]],[[[99.667,9.379],[99.676,9.39],[99.672,9.405],[99.664,9.397],[99.667,9.379]]],[[[99.672,9.425],[99.673,9.434],[99.666,9.429],[99.672,9.425]]]]}},{"type":"Feature","id":177,"properties":{"id":177,"en":"Don Tan","th":"ดอนตาล","prov":"มุกดาหาร","code":"49"},"geometry":{"type":"MultiPolygon","coordinates":[[[[104.979,16.279],[104.958,16.292],[104.928,16.334],[104.892,16.347],[104.884,16.371],[104.863,16.4],[104.86,16.429],[104.845,16.427],[104.82,16.436],[104.807,16.435],[104.804,16.423],[104.78,16.426],[104.779,16.41],[104.763,16.405],[104.758,16.389],[104.76,16.349],[104.757,16.346],[104.746,16.356],[104.736,16.321],[104.708,16.304],[104.695,16.287],[104.682,16.291],[104.661,16.27],[104.671,16.254],[104.663,16.244],[104.67,16.231],[104.691,16.227],[104.692,16.215],[104.704,16.207],[104.766,16.196],[104.789,16.199],[104.812,16.185],[104.826,16.205],[104.855,16.202],[104.876,16.209],[104.887,16.226],[104.886,16.235],[104.91,16.247],[104.913,16.255],[104.931,16.253],[104.948,16.262],[104.96,16.272],[104.96,16.284],[104.973,16.274],[104.979,16.279]]]]}},{"type":"Feature","id":178,"properties":{"id":178,"en":"Don Tum","th":"","prov":"","code":"73"},"geometry":{"type":"MultiPolygon","coordinates":[[[[100.064,14.033],[100.059,14.022],[100.063,13.994],[100.057,13.995],[100.064,13.991],[100.04,13.985],[100.037,13.975],[100.024,13.977],[100.012,13.959],[100.023,13.951],[100.024,13.943],[100.017,13.943],[100.026,13.936],[100.027,13.941],[100.046,13.932],[100.057,13.934],[100.056,13.917],[100.064,13.905],[100.074,13.904],[100.078,13.893],[100.095,13.883],[100.095,13.872],[100.121,13.872],[100.135,13.879],[100.136,13.891],[100.176,13.918],[100.174,13.926],[100.132,13.956],[100.12,13.964],[100.104,13.964],[100.1,13.971],[100.096,14.002],[100.108,14.011],[100.114,14.043],[100.094,14.052],[100.088,14.04],[100.078,14.042],[100.076,14.036],[100.064,14.033]]]]}},{"type":"Feature","id":179,"properties":{"id":179,"en":"Dong Charoen","th":"ดงเจริญ","prov":"พิจิตร","code":"66"},"geometry":{"type":"MultiPolygon","coordinates":[[[[100.519,15.94],[100.53,15.937],[100.522,15.932],[100.523,15.919],[100.545,15.925],[100.563,15.944],[100.58,15.945],[100.588,15.963],[100.617,15.983],[100.626,16.003],[100.637,16.006],[100.654,16.027],[100.69,15.993],[100.738,15.99],[100.75,15.969],[100.755,15.943],[100.766,15.938],[100.766,15.931],[100.795,15.931],[100.799,15.936],[100.795,15.951],[100.777,15.97],[100.785,15.992],[100.769,15.999],[100.759,16.011],[100.741,16.014],[100.726,16.024],[100.682,16.024],[100.677,16.031],[100.665,16.032],[100.656,16.053],[100.637,16.043],[100.639,16.057],[100.631,16.06],[100.613,16.067],[100.588,16.064],[100.542,16.08],[100.538,16.05],[100.521,16.02],[100.522,16.015],[100.533,16.016],[100.534,16.01],[100.493,15.998],[100.5,15.958],[100.519,15.94]]]]}},{"type":"Feature","id":180,"properties":{"id":180,"en":"Dong Luang","th":"ดงหลวง","prov":"มุกดาหาร","code":"49"},"geometry":{"type":"MultiPolygon","coordinates":[[[[104.628,16.863],[104.567,16.863],[104.552,16.869],[104.527,16.865],[104.505,16.852],[104.483,16.854],[104.467,16.866],[104.463,16.862],[104.479,16.842],[104.467,16.841],[104.468,16.854],[104.456,16.86],[104.458,16.85],[104.45,16.83],[104.446,16.834],[104.449,16.856],[104.441,16.853],[104.441,16.842],[104.432,16.85],[104.437,16.86],[104.429,16.857],[104.442,16.873],[104.407,16.896],[104.398,16.871],[104.41,16.845],[104.406,16.838],[104.397,16.839],[104.382,16.864],[104.362,16.866],[104.363,16.877],[104.355,16.88],[104.319,16.875],[104.305,16.845],[104.296,16.838],[104.288,16.857],[104.278,16.857],[104.278,16.862],[104.265,16.865],[104.259,16.873],[104.248,16.872],[104.252,16.907],[104.241,16.893],[104.218,16.891],[104.208,16.873],[104.178,16.888],[104.125,16.889],[104.119,16.88],[104.124,16.861],[104.105,16.852],[104.104,16.835],[104.07,16.821],[104.079,16.811],[104.092,16.811],[104.091,16.798],[104.115,16.766],[104.136,16.771],[104.143,16.76],[104.131,16.749],[104.131,16.739],[104.151,16.716],[104.154,16.699],[104.17,16.697],[104.162,16.679],[104.199,16.66],[104.228,16.681],[104.241,16.705],[104.254,16.704],[104.261,16.727],[104.266,16.727],[104.263,16.736],[104.269,16.738],[104.262,16.742],[104.284,16.759],[104.306,16.762],[104.325,16.739],[104.345,16.748],[104.375,16.749],[104.383,16.73],[104.407,16.708],[104.402,16.698],[104.406,16.683],[104.416,16.687],[104.425,16.703],[104.473,16.73],[104.506,16.739],[104.522,16.737],[104.524,16.729],[104.53,16.733],[104.552,16.724],[104.552,16.733],[104.557,16.732],[104.565,16.747],[104.586,16.764],[104.613,16.754],[104.632,16.763],[104.645,16.759],[104.648,16.782],[104.659,16.79],[104.659,16.798],[104.636,16.823],[104.637,16.841],[104.628,16.863]]]]}},{"type":"Feature","id":182,"properties":{"id":182,"en":"Erawan","th":"","prov":"","code":"42"},"geometry":{"type":"MultiPolygon","coordinates":[[[[101.918,17.409],[101.88,17.419],[101.865,17.418],[101.857,17.407],[101.871,17.398],[101.877,17.382],[101.866,17.363],[101.884,17.359],[101.893,17.329],[101.921,17.309],[101.914,17.288],[101.902,17.28],[101.916,17.268],[101.929,17.267],[101.961,17.24],[101.942,17.215],[101.949,17.205],[101.948,17.194],[101.957,17.183],[101.965,17.186],[101.966,17.162],[102.006,17.151],[102.019,17.138],[102.024,17.154],[102.035,17.149],[102.044,17.16],[102.029,17.186],[102.032,17.196],[102.024,17.204],[102.038,17.22],[102.078,17.183],[102.084,17.168],[102.097,17.177],[102.094,17.205],[102.087,17.212],[102.077,17.248],[102.06,17.255],[102.054,17.25],[102.045,17.263],[102.034,17.263],[102.026,17.281],[102.013,17.278],[102.015,17.288],[101.984,17.316],[101.99,17.334],[102.011,17.334],[102.02,17.341],[102.014,17.358],[102.018,17.374],[101.989,17.404],[101.966,17.395],[101.947,17.404],[101.937,17.4],[101.931,17.41],[101.918,17.409]]]]}},{"type":"Feature","id":183,"properties":{"id":183,"en":"Fak Tha","th":"ฟากท่า","prov":"อุตรดิตถ์","code":"53"},"geometry":{"type":"MultiPolygon","coordinates":[[[[100.914,18.16],[100.894,18.149],[100.883,18.151],[100.872,18.135],[100.875,18.119],[100.856,18.102],[100.849,18.082],[100.819,18.083],[100.809,18.077],[100.801,18.055],[100.774,18.029],[100.78,18.017],[100.747,17.979],[100.747,17.968],[100.733,17.957],[100.719,17.932],[100.718,17.909],[100.727,17.909],[100.751,17.874],[100.77,17.86],[100.783,17.856],[100.793,17.865],[100.807,17.859],[100.815,17.866],[100.835,17.862],[100.856,17.873],[100.875,17.861],[100.884,17.873],[100.891,17.875],[100.9,17.868],[100.906,17.877],[100.917,17.878],[100.908,17.896],[100.925,17.906],[100.934,17.933],[100.951,17.958],[100.967,17.97],[100.967,17.996],[100.978,18.007],[100.974,18.023],[101.003,18.031],[101.026,18.055],[101.028,18.068],[101.036,18.076],[101.015,18.1],[101.02,18.112],[101.001,18.133],[100.977,18.138],[100.972,18.146],[100.945,18.155],[100.931,18.174],[100.92,18.172],[100.914,18.16]]]]}},{"type":"Feature","id":184,"properties":{"id":184,"en":"Fang","th":"ฝาง","prov":"เชียงใหม่","code":"50"},"geometry":{"type":"MultiPolygon","coordinates":[[[[99.344,19.712],[99.349,19.725],[99.362,19.732],[99.366,19.769],[99.359,19.783],[99.288,19.891],[99.275,19.887],[99.265,19.895],[99.25,19.896],[99.253,19.909],[99.236,19.916],[99.25,19.934],[99.244,19.94],[99.244,19.96],[99.218,19.966],[99.21,19.986],[99.154,20.02],[99.136,20.099],[99.128,20.107],[99.101,20.098],[99.094,20.107],[99.091,20.097],[99.076,20.101],[99.067,20.088],[99.067,20.069],[99.057,20.064],[99.048,20.046],[99.044,20.016],[99.054,20.003],[99.038,19.99],[99.032,19.974],[99.045,19.949],[99.043,19.931],[99.03,19.925],[99.022,19.927],[99.029,19.901],[99.025,19.889],[99.036,19.885],[99.029,19.832],[99.049,19.822],[99.034,19.799],[99.04,19.783],[99.087,19.766],[99.124,19.776],[99.154,19.763],[99.162,19.768],[99.166,19.75],[99.174,19.742],[99.188,19.744],[99.209,19.765],[99.226,19.771],[99.238,19.759],[99.247,19.765],[99.262,19.758],[99.296,19.755],[99.332,19.73],[99.344,19.712]]]]}},{"type":"Feature","id":185,"properties":{"id":185,"en":"Fao Rai","th":"","prov":"","code":"43"},"geometry":{"type":"MultiPolygon","coordinates":[[[[103.4,17.905],[103.395,17.933],[103.398,17.928],[103.413,17.934],[103.404,17.943],[103.408,17.95],[103.389,17.958],[103.392,17.979],[103.387,17.981],[103.391,17.987],[103.399,17.981],[103.407,18.006],[103.396,18.01],[103.391,18.025],[103.375,18.034],[103.353,18.027],[103.357,18.035],[103.35,18.047],[103.312,18.058],[103.3,18.085],[103.314,18.103],[103.292,18.109],[103.295,18.141],[103.291,18.145],[103.264,18.137],[103.247,18.113],[103.206,18.111],[103.22,18.09],[103.213,18.083],[103.207,18.073],[103.186,18.062],[103.179,18.049],[103.186,18.044],[103.179,18.034],[103.183,18.025],[103.177,18.005],[103.182,17.996],[103.233,17.987],[103.245,17.996],[103.243,17.974],[103.251,17.956],[103.268,17.956],[103.274,17.948],[103.301,17.948],[103.317,17.962],[103.34,17.957],[103.354,17.942],[103.359,17.922],[103.329,17.92],[103.318,17.926],[103.316,17.919],[103.302,17.917],[103.325,17.905],[103.308,17.888],[103.336,17.876],[103.357,17.857],[103.376,17.867],[103.373,17.875],[103.39,17.87],[103.398,17.885],[103.394,17.901],[103.4,17.905]]]]}},{"type":"Feature","id":186,"properties":{"id":186,"en":"Galyani Vadhana","th":"กัลยาณิวัฒนา","prov":"เชียงใหม่","code":"50"},"geometry":{"type":"MultiPolygon","coordinates":[[[[98.421,19.027],[98.401,19.036],[98.393,19.055],[98.373,19.067],[98.372,19.085],[98.353,19.091],[98.343,19.123],[98.35,19.132],[98.339,19.143],[98.342,19.152],[98.32,19.156],[98.265,19.152],[98.252,19.161],[98.243,19.154],[98.24,19.14],[98.251,19.108],[98.238,19.102],[98.209,19.063],[98.205,19.049],[98.184,19.032],[98.186,19.015],[98.169,18.999],[98.164,18.981],[98.173,18.962],[98.172,18.948],[98.157,18.937],[98.157,18.92],[98.144,18.912],[98.13,18.912],[98.106,18.885],[98.121,18.89],[98.131,18.883],[98.148,18.883],[98.156,18.888],[98.162,18.881],[98.188,18.878],[98.193,18.87],[98.21,18.87],[98.244,18.909],[98.243,18.921],[98.267,18.931],[98.291,18.924],[98.323,18.938],[98.336,18.931],[98.34,18.912],[98.356,18.907],[98.355,18.901],[98.376,18.882],[98.399,18.885],[98.401,18.891],[98.427,18.901],[98.458,18.894],[98.453,18.911],[98.48,18.928],[98.459,18.942],[98.473,18.959],[98.448,18.96],[98.423,18.95],[98.428,18.96],[98.41,18.97],[98.421,19.027]]]]}},{"type":"Feature","id":187,"properties":{"id":187,"en":"Hang Chat","th":"ห้างฉัตร","prov":"ลำปาง","code":"52"},"geometry":{"type":"MultiPolygon","coordinates":[[[[99.302,18.491],[99.286,18.492],[99.282,18.5],[99.257,18.497],[99.242,18.479],[99.238,18.448],[99.222,18.43],[99.199,18.422],[99.19,18.389],[99.167,18.374],[99.169,18.35],[99.153,18.33],[99.152,18.315],[99.125,18.313],[99.12,18.302],[99.121,18.292],[99.142,18.275],[99.145,18.26],[99.159,18.25],[99.156,18.24],[99.166,18.221],[99.177,18.217],[99.184,18.203],[99.217,18.19],[99.224,18.201],[99.229,18.21],[99.251,18.213],[99.29,18.25],[99.295,18.259],[99.293,18.274],[99.284,18.278],[99.288,18.293],[99.326,18.298],[99.345,18.285],[99.353,18.271],[99.391,18.261],[99.41,18.27],[99.406,18.276],[99.423,18.307],[99.409,18.317],[99.418,18.325],[99.436,18.315],[99.436,18.335],[99.424,18.341],[99.422,18.381],[99.414,18.389],[99.396,18.387],[99.387,18.394],[99.363,18.438],[99.331,18.463],[99.329,18.476],[99.316,18.49],[99.302,18.491]]]]}},{"type":"Feature","id":188,"properties":{"id":188,"en":"Hang Dong","th":"หางดง","prov":"เชียงใหม่","code":"50"},"geometry":{"type":"MultiPolygon","coordinates":[[[[98.868,18.838],[98.863,18.854],[98.85,18.86],[98.833,18.844],[98.82,18.851],[98.803,18.844],[98.791,18.849],[98.78,18.829],[98.785,18.816],[98.781,18.806],[98.79,18.791],[98.811,18.777],[98.805,18.761],[98.819,18.74],[98.819,18.723],[98.834,18.713],[98.833,18.705],[98.865,18.679],[98.884,18.671],[98.889,18.657],[98.917,18.651],[98.933,18.596],[98.953,18.589],[98.969,18.603],[98.966,18.613],[98.954,18.62],[98.954,18.644],[98.972,18.674],[98.987,18.685],[98.986,18.699],[98.976,18.704],[98.981,18.726],[98.978,18.735],[98.946,18.732],[98.937,18.742],[98.898,18.746],[98.89,18.769],[98.892,18.797],[98.877,18.79],[98.862,18.8],[98.868,18.838]]]]}},{"type":"Feature","id":189,"properties":{"id":189,"en":"Hankha","th":"หันคา","prov":"ชัยนาท","code":"18"},"geometry":{"type":"MultiPolygon","coordinates":[[[[100.087,14.956],[100.092,14.981],[100.078,15.026],[100.085,15.049],[100.065,15.085],[100.072,15.09],[100.046,15.108],[100.041,15.124],[100.045,15.13],[100.036,15.138],[100.038,15.148],[99.982,15.158],[99.943,15.135],[99.913,15.154],[99.883,15.14],[99.837,15.144],[99.83,15.15],[99.794,15.14],[99.772,15.141],[99.779,15.129],[99.803,15.098],[99.813,15.095],[99.836,15.053],[99.85,15.046],[99.859,15.029],[99.875,15.018],[99.877,15.006],[99.902,15.005],[99.947,14.988],[99.944,14.971],[99.968,14.946],[99.955,14.907],[99.97,14.913],[100.006,14.908],[100.012,14.914],[100.038,14.913],[100.046,14.941],[100.037,14.95],[100.039,14.961],[100.055,14.962],[100.076,14.951],[100.087,14.956]]]]}},{"type":"Feature","id":190,"properties":{"id":190,"en":"Hat Samran","th":"หาดสำราญ","prov":"ตรัง","code":"92"},"geometry":{"type":"MultiPolygon","coordinates":[[[[99.584,7.134],[99.579,7.132],[99.584,7.133],[99.584,7.134]]],[[[99.642,7.166],[99.636,7.182],[99.613,7.208],[99.64,7.248],[99.642,7.28],[99.635,7.279],[99.629,7.298],[99.588,7.316],[99.58,7.313],[99.568,7.321],[99.554,7.303],[99.552,7.293],[99.535,7.288],[99.522,7.25],[99.558,7.209],[99.577,7.158],[99.585,7.148],[99.598,7.157],[99.6,7.139],[99.607,7.137],[99.642,7.166]]]]}},{"type":"Feature","id":191,"properties":{"id":191,"en":"Hat Yai","th":"หาดใหญ่","prov":"สงขลา","code":"90"},"geometry":{"type":"MultiPolygon","coordinates":[[[[100.303,7.039],[100.273,7.016],[100.253,7.015],[100.231,6.996],[100.195,6.976],[100.191,6.947],[100.202,6.924],[100.214,6.918],[100.207,6.896],[100.221,6.871],[100.211,6.846],[100.238,6.857],[100.248,6.849],[100.274,6.886],[100.302,6.9],[100.316,6.897],[100.343,6.927],[100.402,6.941],[100.421,6.932],[100.44,6.94],[100.44,6.93],[100.447,6.931],[100.449,6.914],[100.457,6.904],[100.458,6.862],[100.468,6.86],[100.464,6.844],[100.449,6.837],[100.46,6.834],[100.459,6.826],[100.472,6.811],[100.52,6.811],[100.543,6.795],[100.582,6.787],[100.586,6.797],[100.596,6.797],[100.595,6.808],[100.585,6.82],[100.586,6.866],[100.594,6.885],[100.585,6.886],[100.582,6.878],[100.574,6.884],[100.568,6.876],[100.535,6.874],[100.54,6.888],[100.53,6.893],[100.522,6.908],[100.52,6.945],[100.506,6.948],[100.511,6.957],[100.503,6.967],[100.522,6.993],[100.528,6.979],[100.54,6.973],[100.539,6.988],[100.548,7.001],[100.559,7.003],[100.563,7.013],[100.581,7.011],[100.6,7.025],[100.608,7.041],[100.606,7.048],[100.596,7.045],[100.567,7.069],[100.563,7.108],[100.554,7.126],[100.562,7.139],[100.56,7.148],[100.524,7.145],[100.462,7.187],[100.452,7.157],[100.454,7.131],[100.459,7.111],[100.467,7.108],[100.482,7.076],[100.467,7.072],[100.457,7.06],[100.436,7.061],[100.444,7.051],[100.439,7.035],[100.453,7.028],[100.452,7.021],[100.407,6.992],[100.395,6.993],[100.401,7.01],[100.377,7.012],[100.364,7.029],[100.353,7.033],[100.353,7.026],[100.336,7.025],[100.326,7.036],[100.303,7.039]]]]}},{"type":"Feature","id":192,"properties":{"id":192,"en":"Hot","th":"ฮอด","prov":"เชียงใหม่","code":"50"},"geometry":{"type":"MultiPolygon","coordinates":[[[[98.783,18.179],[98.746,18.156],[98.719,18.15],[98.685,18.165],[98.67,18.163],[98.657,18.177],[98.634,18.182],[98.629,18.198],[98.612,18.204],[98.607,18.198],[98.604,18.206],[98.59,18.208],[98.589,18.213],[98.554,18.234],[98.532,18.236],[98.462,18.222],[98.435,18.234],[98.415,18.253],[98.4,18.256],[98.397,18.267],[98.385,18.277],[98.368,18.283],[98.363,18.278],[98.351,18.288],[98.337,18.276],[98.323,18.275],[98.317,18.283],[98.308,18.283],[98.299,18.264],[98.306,18.257],[98.305,18.243],[98.296,18.233],[98.272,18.228],[98.262,18.233],[98.251,18.215],[98.239,18.218],[98.225,18.21],[98.214,18.221],[98.207,18.25],[98.188,18.258],[98.188,18.242],[98.171,18.233],[98.166,18.205],[98.176,18.192],[98.167,18.182],[98.167,18.168],[98.156,18.161],[98.168,18.141],[98.163,18.134],[98.165,18.119],[98.191,18.114],[98.206,18.089],[98.223,18.09],[98.23,18.099],[98.233,18.092],[98.229,18.089],[98.243,18.088],[98.241,18.079],[98.247,18.076],[98.257,18.088],[98.287,18.085],[98.289,18.075],[98.273,18.048],[98.264,18.05],[98.259,18.039],[98.305,18.037],[98.316,18.028],[98.329,18.034],[98.335,18.041],[98.331,18.044],[98.339,18.048],[98.355,18.037],[98.385,18.041],[98.408,18.024],[98.412,18.016],[98.403,18.004],[98.462,17.946],[98.49,17.9],[98.506,17.908],[98.519,17.931],[98.545,17.927],[98.553,17.941],[98.56,17.926],[98.585,17.932],[98.585,17.942],[98.598,17.941],[98.571,17.98],[98.59,17.989],[98.595,17.997],[98.607,17.992],[98.612,18.008],[98.584,18.02],[98.593,18.028],[98.608,18.03],[98.592,18.072],[98.621,18.066],[98.642,18.081],[98.638,18.072],[98.657,18.07],[98.68,18.051],[98.681,18.028],[98.705,18.02],[98.729,18.021],[98.744,18.013],[98.76,18.013],[98.776,18.007],[98.777,18.001],[98.779,18.014],[98.794,18.03],[98.797,18.057],[98.808,18.065],[98.807,18.073],[98.814,18.078],[98.797,18.086],[98.809,18.113],[98.805,18.156],[98.793,18.16],[98.783,18.179]]]]}},{"type":"Feature","id":193,"properties":{"id":193,"en":"Hua Hin","th":"หัวหิน","prov":"ประจวบคีรีขันธ์","code":"77"},"geometry":{"type":"MultiPolygon","coordinates":[[[[99.755,12.619],[99.74,12.616],[99.738,12.61],[99.725,12.612],[99.718,12.601],[99.693,12.614],[99.684,12.635],[99.664,12.638],[99.658,12.633],[99.648,12.643],[99.623,12.645],[99.616,12.641],[99.62,12.623],[99.614,12.615],[99.628,12.6],[99.617,12.581],[99.598,12.573],[99.588,12.571],[99.578,12.578],[99.537,12.582],[99.54,12.574],[99.535,12.569],[99.516,12.564],[99.499,12.573],[99.497,12.593],[99.455,12.579],[99.433,12.583],[99.428,12.579],[99.435,12.565],[99.431,12.556],[99.423,12.556],[99.418,12.525],[99.425,12.492],[99.406,12.481],[99.401,12.46],[99.425,12.448],[99.445,12.461],[99.457,12.46],[99.461,12.47],[99.484,12.465],[99.492,12.47],[99.517,12.458],[99.518,12.453],[99.535,12.459],[99.542,12.45],[99.555,12.451],[99.562,12.44],[99.581,12.438],[99.581,12.443],[99.587,12.435],[99.591,12.439],[99.588,12.427],[99.595,12.425],[99.602,12.419],[99.594,12.417],[99.594,12.404],[99.575,12.405],[99.556,12.383],[99.579,12.36],[99.602,12.358],[99.605,12.348],[99.619,12.345],[99.656,12.362],[99.664,12.375],[99.668,12.366],[99.671,12.389],[99.686,12.391],[99.7,12.406],[99.714,12.388],[99.741,12.401],[99.746,12.417],[99.778,12.446],[99.784,12.46],[99.804,12.467],[99.796,12.481],[99.802,12.484],[99.799,12.49],[99.818,12.468],[99.85,12.456],[99.898,12.456],[99.908,12.462],[99.933,12.452],[99.95,12.458],[99.971,12.44],[99.973,12.451],[99.983,12.45],[99.975,12.497],[99.979,12.511],[99.985,12.514],[99.973,12.528],[99.957,12.579],[99.956,12.632],[99.928,12.631],[99.922,12.623],[99.905,12.636],[99.884,12.62],[99.876,12.626],[99.856,12.625],[99.853,12.631],[99.84,12.626],[99.826,12.633],[99.793,12.615],[99.773,12.613],[99.755,12.619]]]]}},{"type":"Feature","id":194,"properties":{"id":194,"en":"Hua Sai","th":"หัวไทร","prov":"นครศรีธรรมราช","code":"80"},"geometry":{"type":"MultiPolygon","coordinates":[[[[100.177,7.876],[100.236,7.883],[100.266,7.905],[100.266,7.915],[100.308,7.914],[100.312,7.936],[100.327,7.939],[100.337,7.932],[100.295,8.171],[100.237,8.177],[100.218,8.111],[100.224,8.104],[100.213,8.086],[100.217,8.08],[100.206,8.074],[100.2,8.052],[100.19,8.045],[100.194,8.01],[100.171,8.01],[100.163,7.997],[100.149,7.993],[100.15,7.962],[100.14,7.945],[100.151,7.91],[100.177,7.876]]]]}},{"type":"Feature","id":195,"properties":{"id":195,"en":"Hua Taphan","th":"หัวตะพาน","prov":"อำนาจเจริญ","code":"37"},"geometry":{"type":"MultiPolygon","coordinates":[[[[104.605,15.766],[104.604,15.785],[104.578,15.783],[104.558,15.766],[104.475,15.786],[104.429,15.778],[104.426,15.772],[104.434,15.752],[104.419,15.749],[104.431,15.738],[104.422,15.723],[104.427,15.72],[104.419,15.698],[104.44,15.7],[104.436,15.686],[104.444,15.683],[104.439,15.677],[104.445,15.67],[104.436,15.667],[104.446,15.661],[104.446,15.654],[104.438,15.649],[104.448,15.637],[104.44,15.618],[104.45,15.618],[104.464,15.628],[104.466,15.617],[104.461,15.61],[104.467,15.601],[104.458,15.596],[104.462,15.589],[104.483,15.586],[104.481,15.591],[104.489,15.595],[104.492,15.586],[104.505,15.587],[104.511,15.56],[104.526,15.558],[104.528,15.551],[104.536,15.552],[104.546,15.542],[104.553,15.555],[104.586,15.567],[104.58,15.605],[104.609,15.616],[104.617,15.625],[104.611,15.63],[104.614,15.64],[104.637,15.647],[104.629,15.663],[104.612,15.663],[104.602,15.671],[104.62,15.687],[104.595,15.705],[104.594,15.712],[104.604,15.719],[104.602,15.728],[104.591,15.735],[104.59,15.746],[104.605,15.766]]]]}},{"type":"Feature","id":196,"properties":{"id":196,"en":"Huai Khot","th":"ห้วยคต","prov":"อุทัยธานี","code":"61"},"geometry":{"type":"MultiPolygon","coordinates":[[[[99.689,15.295],[99.674,15.318],[99.653,15.312],[99.614,15.328],[99.607,15.338],[99.58,15.347],[99.562,15.362],[99.559,15.372],[99.539,15.382],[99.524,15.364],[99.505,15.357],[99.495,15.344],[99.483,15.347],[99.483,15.355],[99.469,15.35],[99.449,15.362],[99.442,15.357],[99.421,15.364],[99.388,15.361],[99.374,15.371],[99.348,15.366],[99.351,15.351],[99.371,15.337],[99.37,15.306],[99.363,15.294],[99.371,15.278],[99.386,15.269],[99.394,15.276],[99.413,15.289],[99.431,15.314],[99.452,15.301],[99.482,15.302],[99.488,15.261],[99.547,15.243],[99.558,15.233],[99.577,15.231],[99.579,15.214],[99.595,15.202],[99.611,15.208],[99.62,15.222],[99.631,15.229],[99.64,15.228],[99.667,15.25],[99.665,15.269],[99.681,15.269],[99.689,15.295]]]]}},{"type":"Feature","id":198,"properties":{"id":198,"en":"Huai Krachao","th":"ห้วยกระเจา","prov":"กาญจนบุรี","code":"71"},"geometry":{"type":"MultiPolygon","coordinates":[[[[99.582,14.242],[99.608,14.23],[99.627,14.247],[99.663,14.237],[99.699,14.244],[99.731,14.24],[99.738,14.261],[99.772,14.254],[99.799,14.267],[99.801,14.277],[99.829,14.275],[99.811,14.315],[99.794,14.326],[99.807,14.326],[99.812,14.351],[99.822,14.35],[99.824,14.373],[99.796,14.396],[99.777,14.402],[99.769,14.391],[99.753,14.391],[99.697,14.424],[99.667,14.424],[99.626,14.459],[99.585,14.472],[99.57,14.461],[99.558,14.439],[99.559,14.419],[99.544,14.379],[99.564,14.367],[99.562,14.346],[99.586,14.336],[99.59,14.3],[99.58,14.284],[99.587,14.257],[99.582,14.242]]]]}},{"type":"Feature","id":199,"properties":{"id":199,"en":"Huai Mek","th":"ห้วยเม็ก","prov":"กาฬสินธุ์","code":"46"},"geometry":{"type":"MultiPolygon","coordinates":[[[[103.164,16.488],[103.211,16.497],[103.217,16.503],[103.299,16.509],[103.331,16.488],[103.336,16.527],[103.327,16.539],[103.339,16.55],[103.34,16.568],[103.354,16.587],[103.375,16.59],[103.374,16.619],[103.319,16.608],[103.266,16.626],[103.253,16.624],[103.231,16.643],[103.212,16.648],[103.218,16.661],[103.208,16.669],[103.216,16.679],[103.214,16.7],[103.207,16.699],[103.205,16.72],[103.194,16.727],[103.2,16.729],[103.2,16.739],[103.171,16.771],[103.151,16.762],[103.146,16.754],[103.159,16.733],[103.145,16.702],[103.16,16.674],[103.151,16.662],[103.152,16.644],[103.19,16.64],[103.196,16.631],[103.167,16.603],[103.187,16.552],[103.164,16.503],[103.164,16.488]]]]}},{"type":"Feature","id":200,"properties":{"id":200,"en":"Huai Phueng","th":"","prov":"","code":"46"},"geometry":{"type":"MultiPolygon","coordinates":[[[[103.95,16.776],[103.937,16.773],[103.935,16.788],[103.923,16.789],[103.907,16.803],[103.897,16.789],[103.871,16.774],[103.861,16.757],[103.846,16.755],[103.84,16.742],[103.83,16.741],[103.823,16.725],[103.799,16.709],[103.802,16.682],[103.793,16.666],[103.805,16.651],[103.801,16.645],[103.823,16.63],[103.826,16.612],[103.845,16.599],[103.855,16.575],[103.861,16.572],[103.868,16.565],[103.875,16.57],[103.883,16.565],[103.915,16.574],[103.934,16.563],[103.945,16.571],[103.942,16.579],[103.961,16.6],[103.962,16.618],[103.969,16.623],[103.965,16.635],[103.952,16.643],[103.946,16.682],[103.95,16.697],[103.943,16.715],[103.959,16.729],[103.944,16.738],[103.95,16.776]]]]}},{"type":"Feature","id":201,"properties":{"id":201,"en":"Huai Rat","th":"ห้วยราช","prov":"บุรีรัมย์","code":"31"},"geometry":{"type":"MultiPolygon","coordinates":[[[[103.194,15.05],[103.189,15.043],[103.193,15.028],[103.167,15.005],[103.153,14.976],[103.156,14.964],[103.148,14.951],[103.16,14.939],[103.161,14.917],[103.192,14.901],[103.211,14.915],[103.21,14.928],[103.218,14.937],[103.229,14.937],[103.263,14.967],[103.255,14.971],[103.25,14.987],[103.292,15.04],[103.286,15.074],[103.307,15.08],[103.312,15.092],[103.326,15.1],[103.311,15.108],[103.255,15.111],[103.259,15.088],[103.245,15.064],[103.245,15.038],[103.2,15.044],[103.194,15.05]]]]}},{"type":"Feature","id":202,"properties":{"id":202,"en":"Huai Thalaeng","th":"","prov":"","code":"30"},"geometry":{"type":"MultiPolygon","coordinates":[[[[102.546,14.947],[102.57,14.958],[102.601,14.935],[102.697,14.934],[102.709,14.957],[102.714,14.985],[102.737,15.001],[102.781,15.012],[102.78,15.025],[102.805,15.04],[102.79,15.056],[102.787,15.053],[102.785,15.069],[102.775,15.066],[102.771,15.076],[102.764,15.072],[102.762,15.086],[102.749,15.086],[102.739,15.099],[102.728,15.097],[102.726,15.111],[102.704,15.135],[102.708,15.14],[102.695,15.14],[102.684,15.167],[102.654,15.163],[102.643,15.147],[102.62,15.14],[102.609,15.153],[102.585,15.157],[102.571,15.094],[102.562,15.089],[102.533,15.097],[102.491,15.096],[102.484,15.081],[102.493,15.069],[102.489,15.059],[102.5,15.061],[102.504,15.056],[102.518,15.005],[102.516,14.992],[102.546,14.947]]]]}},{"type":"Feature","id":203,"properties":{"id":203,"en":"Huai Thap Than","th":"ห้วยทับทัน","prov":"ศรีสะเกษ","code":"33"},"geometry":{"type":"MultiPolygon","coordinates":[[[[104.052,15.132],[104.042,15.141],[104.017,15.14],[103.99,15.136],[103.987,15.13],[104,15.12],[103.991,15.111],[103.996,15.112],[103.999,15.094],[103.992,15.09],[103.994,15.084],[104.001,15.087],[104.002,15.078],[104.015,15.082],[104.021,15.078],[104.018,15.071],[104.01,15.074],[104.013,15.066],[104.005,15.059],[104.021,15.048],[104.019,15.042],[104.012,15.042],[104.017,15.033],[104.01,15.019],[103.995,15.016],[104.002,14.996],[103.985,14.984],[103.982,14.975],[103.975,14.979],[103.967,14.974],[103.97,14.95],[103.964,14.95],[103.955,14.936],[103.983,14.934],[103.998,14.927],[104.006,14.934],[104.044,14.923],[104.054,14.926],[104.053,14.941],[104.071,14.935],[104.095,14.938],[104.088,14.952],[104.089,14.97],[104.078,14.981],[104.089,14.995],[104.081,15.017],[104.097,15.058],[104.061,15.088],[104.06,15.101],[104.071,15.099],[104.078,15.108],[104.057,15.112],[104.052,15.132]]]]}},{"type":"Feature","id":204,"properties":{"id":204,"en":"Huai Yot","th":"ห้วยยอด","prov":"ตรัง","code":"92"},"geometry":{"type":"MultiPolygon","coordinates":[[[[99.436,7.875],[99.448,7.872],[99.443,7.864],[99.452,7.853],[99.446,7.845],[99.437,7.85],[99.418,7.841],[99.425,7.794],[99.435,7.786],[99.431,7.758],[99.438,7.743],[99.459,7.738],[99.473,7.708],[99.485,7.711],[99.485,7.702],[99.496,7.705],[99.501,7.717],[99.517,7.708],[99.529,7.726],[99.54,7.73],[99.544,7.725],[99.551,7.732],[99.565,7.717],[99.549,7.679],[99.559,7.68],[99.567,7.669],[99.593,7.678],[99.616,7.699],[99.637,7.692],[99.645,7.696],[99.65,7.687],[99.668,7.682],[99.674,7.688],[99.692,7.686],[99.696,7.699],[99.703,7.696],[99.72,7.705],[99.728,7.718],[99.752,7.686],[99.763,7.682],[99.777,7.671],[99.801,7.671],[99.811,7.649],[99.82,7.669],[99.816,7.684],[99.802,7.687],[99.792,7.7],[99.784,7.759],[99.767,7.769],[99.771,7.789],[99.758,7.804],[99.752,7.832],[99.733,7.849],[99.739,7.875],[99.732,7.901],[99.74,7.927],[99.736,7.923],[99.718,7.93],[99.708,7.922],[99.714,7.897],[99.704,7.886],[99.715,7.866],[99.692,7.845],[99.669,7.851],[99.653,7.871],[99.639,7.87],[99.631,7.876],[99.629,7.912],[99.585,7.916],[99.563,7.925],[99.541,7.912],[99.534,7.891],[99.539,7.882],[99.533,7.878],[99.517,7.876],[99.503,7.887],[99.48,7.882],[99.472,7.905],[99.456,7.889],[99.443,7.886],[99.436,7.875]]]]}},{"type":"Feature","id":205,"properties":{"id":205,"en":"In Buri","th":"อินทร์บุรี","prov":"สิงห์บุรี","code":"17"},"geometry":{"type":"MultiPolygon","coordinates":[[[[100.427,15.061],[100.424,15.052],[100.355,15.097],[100.355,15.121],[100.32,15.093],[100.293,15.082],[100.294,15.065],[100.278,15.066],[100.26,15.059],[100.26,15.05],[100.247,15.04],[100.219,15.044],[100.224,15.025],[100.245,15.024],[100.243,15.018],[100.251,15.019],[100.256,15.008],[100.268,15.01],[100.271,15],[100.275,14.992],[100.286,14.993],[100.288,14.956],[100.301,14.951],[100.32,14.956],[100.342,14.937],[100.367,14.943],[100.366,14.952],[100.412,14.966],[100.406,14.978],[100.422,14.997],[100.461,15.003],[100.469,15.029],[100.447,15.055],[100.427,15.061]]]]}},{"type":"Feature","id":206,"properties":{"id":206,"en":"Kabang","th":"กาบัง","prov":"ยะลา","code":"95"},"geometry":{"type":"MultiPolygon","coordinates":[[[[101.035,6.486],[101.023,6.482],[101.021,6.488],[100.999,6.479],[100.977,6.486],[100.973,6.468],[100.964,6.468],[100.96,6.451],[100.953,6.451],[100.949,6.442],[100.933,6.445],[100.922,6.426],[100.917,6.399],[100.928,6.367],[100.92,6.345],[100.927,6.34],[100.929,6.326],[100.924,6.325],[100.93,6.321],[100.917,6.318],[100.912,6.303],[100.891,6.299],[100.85,6.29],[100.837,6.3],[100.835,6.286],[100.851,6.234],[100.869,6.24],[100.872,6.265],[100.902,6.234],[100.917,6.248],[100.944,6.243],[100.947,6.263],[100.965,6.272],[100.98,6.304],[101.011,6.318],[101.02,6.328],[101.05,6.333],[101.078,6.349],[101.075,6.421],[101.058,6.459],[101.042,6.462],[101.035,6.486]]]]}},{"type":"Feature","id":207,"properties":{"id":207,"en":"Kabin Buri","th":"กบินทร์บุรี","prov":"ปราจีนบุรี","code":"25"},"geometry":{"type":"MultiPolygon","coordinates":[[[[101.962,14.023],[101.862,14.011],[101.886,14.019],[101.883,14.044],[101.885,14.049],[101.898,14.051],[101.894,14.074],[101.904,14.082],[101.911,14.098],[101.88,14.125],[101.874,14.112],[101.862,14.115],[101.865,14.097],[101.856,14.109],[101.855,14.101],[101.84,14.105],[101.826,14.089],[101.82,14.094],[101.823,14.099],[101.809,14.1],[101.804,14.081],[101.792,14.071],[101.792,14.056],[101.768,14.047],[101.758,14.033],[101.743,14.053],[101.747,14.065],[101.755,14.067],[101.744,14.079],[101.752,14.087],[101.723,14.082],[101.7,14.103],[101.683,14.095],[101.659,14.118],[101.639,14.074],[101.613,14.054],[101.593,14.01],[101.598,14.01],[101.596,14.001],[101.607,13.996],[101.596,13.987],[101.611,13.978],[101.608,13.969],[101.595,13.97],[101.603,13.959],[101.598,13.94],[101.614,13.912],[101.626,13.906],[101.625,13.854],[101.612,13.848],[101.611,13.832],[101.626,13.812],[101.644,13.804],[101.681,13.794],[101.693,13.785],[101.687,13.758],[101.725,13.755],[101.739,13.77],[101.758,13.773],[101.766,13.768],[101.769,13.757],[101.764,13.751],[101.793,13.733],[101.794,13.705],[101.812,13.699],[101.818,13.706],[101.828,13.705],[101.837,13.691],[101.841,13.68],[101.836,13.674],[101.838,13.656],[101.832,13.636],[101.866,13.631],[101.871,13.604],[101.885,13.597],[101.889,13.582],[101.915,13.586],[101.91,13.605],[101.942,13.617],[101.939,13.647],[101.948,13.665],[101.937,13.714],[101.942,13.739],[101.936,13.741],[101.948,13.8],[101.942,13.812],[101.924,13.816],[101.927,13.823],[101.92,13.833],[101.929,13.856],[101.905,13.883],[101.915,13.903],[101.909,13.903],[101.91,13.91],[101.904,13.907],[101.915,13.938],[101.925,13.94],[101.942,13.931],[101.951,13.934],[101.937,13.962],[101.949,14.009],[101.962,14.023]]]]}},{"type":"Feature","id":208,"properties":{"id":208,"en":"Kae Dam","th":"","prov":"","code":"44"},"geometry":{"type":"MultiPolygon","coordinates":[[[[103.458,16.111],[103.431,16.109],[103.403,16.117],[103.402,16.126],[103.389,16.124],[103.387,16.128],[103.362,16.119],[103.348,16.108],[103.349,16.096],[103.329,16.086],[103.341,16.065],[103.329,16.054],[103.33,16.031],[103.336,16.03],[103.342,16.014],[103.331,15.982],[103.358,15.98],[103.386,15.987],[103.393,15.999],[103.39,16.008],[103.41,16.009],[103.419,16.016],[103.443,16.005],[103.463,16.009],[103.46,16.024],[103.471,16.046],[103.454,16.084],[103.458,16.111]]]]}},{"type":"Feature","id":209,"properties":{"id":209,"en":"Kaeng Hang Maeo","th":"แก่งหางแมว","prov":"จันทบุรี","code":"22"},"geometry":{"type":"MultiPolygon","coordinates":[[[[101.696,13.147],[101.686,13.114],[101.7,13.109],[101.693,13.093],[101.699,13.081],[101.707,13.078],[101.703,13.072],[101.717,13.035],[101.725,13.03],[101.738,13.034],[101.75,13.049],[101.759,13.048],[101.761,13.036],[101.752,13.029],[101.756,13.007],[101.738,12.982],[101.739,12.959],[101.747,12.949],[101.753,12.951],[101.757,12.94],[101.778,12.954],[101.79,12.944],[101.791,12.93],[101.801,12.924],[101.807,12.887],[101.813,12.887],[101.817,12.901],[101.816,12.872],[101.826,12.858],[101.829,12.836],[101.872,12.838],[101.852,12.92],[101.867,12.91],[101.909,12.926],[101.936,12.921],[101.942,12.905],[101.959,12.904],[101.964,12.937],[101.972,12.944],[101.961,12.963],[101.962,12.978],[101.975,12.986],[101.981,12.98],[101.988,12.968],[102.013,13.017],[102.021,13.016],[102.022,13.052],[102.017,13.065],[102.011,13.067],[102.027,13.073],[102.032,13.089],[102.053,13.099],[102.058,13.118],[102.055,13.138],[102.044,13.152],[102.048,13.16],[102.036,13.164],[102.03,13.173],[102.039,13.183],[102.039,13.194],[102.031,13.199],[102.036,13.219],[102.026,13.231],[102.028,13.267],[102.035,13.283],[102.012,13.29],[101.989,13.333],[101.967,13.324],[101.95,13.296],[101.931,13.286],[101.926,13.293],[101.92,13.286],[101.905,13.287],[101.906,13.271],[101.896,13.252],[101.902,13.235],[101.892,13.227],[101.883,13.237],[101.879,13.224],[101.872,13.223],[101.871,13.252],[101.862,13.248],[101.855,13.254],[101.837,13.234],[101.827,13.238],[101.818,13.217],[101.79,13.203],[101.773,13.185],[101.759,13.189],[101.753,13.182],[101.741,13.187],[101.732,13.179],[101.717,13.182],[101.715,13.163],[101.703,13.161],[101.696,13.147]]]]}},{"type":"Feature","id":210,"properties":{"id":210,"en":"Kaeng Khoi","th":"แก่งคอย","prov":"สระบุรี","code":"19"},"geometry":{"type":"MultiPolygon","coordinates":[[[[101.166,14.342],[101.166,14.348],[101.178,14.347],[101.185,14.353],[101.187,14.367],[101.21,14.372],[101.212,14.382],[101.202,14.402],[101.211,14.414],[101.209,14.428],[101.215,14.438],[101.23,14.434],[101.222,14.446],[101.234,14.459],[101.226,14.463],[101.225,14.472],[101.243,14.471],[101.228,14.48],[101.175,14.489],[101.166,14.514],[101.147,14.525],[101.143,14.54],[101.16,14.547],[101.167,14.563],[101.136,14.59],[101.129,14.62],[101.123,14.625],[101.131,14.634],[101.133,14.651],[101.125,14.655],[101.123,14.649],[101.087,14.674],[101.073,14.693],[101.079,14.714],[101.075,14.731],[101.067,14.732],[101.063,14.72],[101.053,14.721],[101.06,14.735],[101.055,14.749],[101.064,14.756],[101.05,14.793],[101.024,14.81],[100.992,14.768],[100.992,14.74],[100.966,14.752],[100.953,14.735],[100.956,14.717],[100.935,14.695],[100.943,14.679],[100.952,14.675],[100.94,14.627],[100.954,14.584],[100.962,14.566],[100.968,14.567],[100.996,14.542],[100.975,14.525],[100.991,14.5],[100.987,14.481],[100.962,14.49],[100.997,14.457],[101,14.418],[101.026,14.409],[101.029,14.414],[101.062,14.415],[101.072,14.405],[101.076,14.389],[101.086,14.383],[101.125,14.384],[101.147,14.374],[101.157,14.359],[101.157,14.348],[101.166,14.342]]]]}},{"type":"Feature","id":211,"properties":{"id":211,"en":"Kaeng Khro","th":"แก้งคร้อ","prov":"ชัยภูมิ","code":"36"},"geometry":{"type":"MultiPolygon","coordinates":[[[[102.353,16.287],[102.342,16.266],[102.295,16.258],[102.296,16.241],[102.29,16.238],[102.25,16.238],[102.238,16.234],[102.23,16.222],[102.219,16.221],[102.197,16.185],[102.196,16.173],[102.177,16.174],[102.161,16.2],[102.127,16.215],[102.111,16.213],[102.108,16.203],[102.091,16.196],[102.079,16.182],[102.068,16.189],[102.067,16.155],[102.08,16.144],[102.085,16.13],[102.086,16.113],[102.073,16.1],[102.083,16.081],[102.075,16.074],[102.056,16.076],[102.041,16.067],[102.052,16.051],[102.038,16.022],[102.077,16.021],[102.098,16.041],[102.095,16.01],[102.073,15.993],[102.093,15.999],[102.126,15.984],[102.164,15.981],[102.183,15.989],[102.25,16.06],[102.269,16.073],[102.28,16.072],[102.283,16.086],[102.315,16.115],[102.403,16.243],[102.418,16.254],[102.388,16.264],[102.383,16.276],[102.353,16.287]]]]}},{"type":"Feature","id":212,"properties":{"id":212,"en":"Kaeng Krachan","th":"แก่งกระจาน","prov":"เพชรบุรี","code":"76"},"geometry":{"type":"MultiPolygon","coordinates":[[[[99.734,13.029],[99.646,13.032],[99.64,13.041],[99.625,13.04],[99.607,13.066],[99.583,13.044],[99.573,13.027],[99.569,13.043],[99.559,13.048],[99.557,13.063],[99.533,13.047],[99.516,13.048],[99.498,13.031],[99.478,13.032],[99.469,13.019],[99.456,13.018],[99.454,13.027],[99.447,13.024],[99.449,13.037],[99.432,13.048],[99.439,13.05],[99.436,13.066],[99.421,13.071],[99.402,13.067],[99.391,13.102],[99.384,13.1],[99.374,13.116],[99.337,13.143],[99.297,13.121],[99.273,13.1],[99.261,13.102],[99.241,13.09],[99.262,13.054],[99.272,13.051],[99.269,13.046],[99.275,13.043],[99.269,13.033],[99.239,13.039],[99.243,13.023],[99.228,13.006],[99.213,13.001],[99.199,12.978],[99.188,12.976],[99.195,12.957],[99.185,12.945],[99.172,12.943],[99.162,12.928],[99.176,12.92],[99.183,12.911],[99.181,12.887],[99.189,12.88],[99.186,12.85],[99.205,12.837],[99.211,12.826],[99.218,12.828],[99.225,12.813],[99.234,12.779],[99.234,12.752],[99.228,12.744],[99.244,12.72],[99.27,12.729],[99.279,12.716],[99.29,12.715],[99.289,12.699],[99.3,12.69],[99.294,12.678],[99.309,12.667],[99.338,12.662],[99.344,12.641],[99.366,12.634],[99.366,12.625],[99.378,12.622],[99.379,12.616],[99.412,12.615],[99.441,12.581],[99.455,12.579],[99.497,12.593],[99.499,12.573],[99.516,12.564],[99.535,12.569],[99.54,12.574],[99.537,12.582],[99.578,12.578],[99.588,12.571],[99.617,12.581],[99.628,12.6],[99.614,12.615],[99.62,12.635],[99.617,12.706],[99.615,12.717],[99.603,12.725],[99.607,12.752],[99.614,12.757],[99.646,12.755],[99.651,12.765],[99.64,12.782],[99.649,12.792],[99.672,12.796],[99.683,12.813],[99.694,12.817],[99.712,12.811],[99.723,12.825],[99.721,12.832],[99.733,12.838],[99.749,12.828],[99.763,12.845],[99.755,12.85],[99.753,12.863],[99.735,12.878],[99.775,12.902],[99.791,12.921],[99.781,12.934],[99.792,12.949],[99.78,12.984],[99.734,13.029]]]]}},{"type":"Feature","id":213,"properties":{"id":213,"en":"Kaeng Sanam Nang","th":"","prov":"","code":"30"},"geometry":{"type":"MultiPolygon","coordinates":[[[[102.233,15.607],[102.307,15.665],[102.31,15.67],[102.301,15.681],[102.356,15.707],[102.363,15.722],[102.357,15.74],[102.363,15.767],[102.35,15.775],[102.328,15.803],[102.312,15.808],[102.307,15.792],[102.293,15.785],[102.257,15.782],[102.248,15.749],[102.232,15.743],[102.205,15.757],[102.201,15.748],[102.205,15.749],[102.202,15.739],[102.185,15.74],[102.186,15.748],[102.164,15.744],[102.163,15.737],[102.156,15.741],[102.155,15.731],[102.162,15.726],[102.154,15.726],[102.15,15.707],[102.143,15.706],[102.145,15.679],[102.128,15.671],[102.132,15.667],[102.124,15.663],[102.128,15.651],[102.119,15.653],[102.121,15.646],[102.144,15.641],[102.186,15.614],[102.224,15.615],[102.233,15.607]]]]}},{"type":"Feature","id":214,"properties":{"id":214,"en":"Kamalasai","th":"กมลาไสย","prov":"กาฬสินธุ์","code":"46"},"geometry":{"type":"MultiPolygon","coordinates":[[[[103.705,16.222],[103.69,16.241],[103.685,16.24],[103.691,16.274],[103.686,16.274],[103.688,16.301],[103.681,16.307],[103.709,16.365],[103.7,16.374],[103.706,16.386],[103.682,16.383],[103.665,16.389],[103.651,16.378],[103.623,16.37],[103.588,16.369],[103.558,16.354],[103.558,16.332],[103.541,16.332],[103.538,16.341],[103.524,16.34],[103.518,16.346],[103.518,16.327],[103.524,16.318],[103.498,16.301],[103.464,16.311],[103.453,16.276],[103.475,16.285],[103.475,16.271],[103.498,16.281],[103.513,16.265],[103.529,16.27],[103.549,16.23],[103.548,16.214],[103.56,16.217],[103.549,16.208],[103.551,16.204],[103.589,16.194],[103.596,16.202],[103.6,16.193],[103.619,16.205],[103.613,16.215],[103.6,16.215],[103.617,16.218],[103.637,16.187],[103.644,16.193],[103.651,16.189],[103.653,16.204],[103.661,16.193],[103.676,16.202],[103.663,16.209],[103.665,16.222],[103.675,16.212],[103.685,16.218],[103.686,16.211],[103.69,16.217],[103.697,16.216],[103.691,16.225],[103.705,16.222]]]]}},{"type":"Feature","id":215,"properties":{"id":215,"en":"Kamphaeng Saen","th":"กำแพงแสน","prov":"นครปฐม","code":"73"},"geometry":{"type":"MultiPolygon","coordinates":[[[[99.927,13.934],[99.949,13.945],[99.965,13.935],[99.972,13.945],[99.984,13.919],[100.02,13.898],[100.021,13.889],[100.041,13.888],[100.043,13.897],[100.034,13.902],[100.037,13.909],[100.056,13.91],[100.057,13.934],[100.046,13.932],[100.027,13.941],[100.026,13.936],[100.017,13.943],[100.024,13.943],[100.023,13.951],[100.012,13.959],[100.024,13.977],[100.037,13.975],[100.04,13.985],[100.064,13.991],[100.057,13.991],[100.058,13.997],[100.063,13.994],[100.062,14.023],[100.064,14.033],[100.056,14.035],[100.052,14.052],[100.061,14.054],[100.059,14.071],[100.065,14.073],[100.06,14.091],[100.068,14.099],[100.063,14.117],[100.067,14.118],[100.063,14.145],[100.052,14.146],[100.049,14.152],[99.992,14.139],[99.974,14.143],[99.966,14.139],[99.971,14.134],[99.965,14.131],[99.945,14.135],[99.933,14.124],[99.927,14.128],[99.892,14.09],[99.885,14.091],[99.868,14.074],[99.854,14.079],[99.824,14.076],[99.814,14.064],[99.849,14.051],[99.849,14.043],[99.837,14.031],[99.832,13.993],[99.854,13.965],[99.864,13.966],[99.876,13.961],[99.882,13.95],[99.927,13.934]]]]}},{"type":"Feature","id":216,"properties":{"id":216,"en":"Kanchanadit","th":"กาญจนดิษฐ์","prov":"สุราษฎร์ธานี","code":"84"},"geometry":{"type":"MultiPolygon","coordinates":[[[[99.556,8.878],[99.573,8.891],[99.576,8.911],[99.596,8.925],[99.614,8.928],[99.626,8.912],[99.639,8.917],[99.633,8.922],[99.642,8.928],[99.648,8.93],[99.65,8.921],[99.696,8.936],[99.696,8.951],[99.688,8.96],[99.694,8.974],[99.713,8.971],[99.722,8.977],[99.733,9.013],[99.744,9.026],[99.718,9.049],[99.708,9.046],[99.695,9.051],[99.689,9.06],[99.671,9.067],[99.678,9.083],[99.66,9.099],[99.663,9.133],[99.673,9.14],[99.67,9.156],[99.629,9.165],[99.626,9.178],[99.633,9.184],[99.632,9.192],[99.626,9.193],[99.625,9.206],[99.607,9.226],[99.592,9.227],[99.59,9.241],[99.574,9.243],[99.575,9.254],[99.568,9.254],[99.574,9.271],[99.536,9.286],[99.52,9.276],[99.508,9.259],[99.492,9.213],[99.476,9.21],[99.467,9.199],[99.415,9.206],[99.389,9.195],[99.387,9.199],[99.372,9.186],[99.381,9.169],[99.389,9.168],[99.387,9.144],[99.392,9.139],[99.386,9.134],[99.385,9.142],[99.369,9.146],[99.376,9.133],[99.368,9.134],[99.365,9.125],[99.38,9.111],[99.385,9.119],[99.394,9.116],[99.389,9.11],[99.395,9.105],[99.386,9.086],[99.394,9.063],[99.388,9.036],[99.379,9.027],[99.387,9.011],[99.384,9.002],[99.405,8.997],[99.407,8.99],[99.42,8.988],[99.433,8.976],[99.438,8.982],[99.444,8.976],[99.442,8.964],[99.467,8.941],[99.465,8.933],[99.475,8.925],[99.48,8.911],[99.514,8.911],[99.536,8.901],[99.534,8.889],[99.551,8.885],[99.556,8.878]]]]}},{"type":"Feature","id":217,"properties":{"id":217,"en":"Kantang","th":"กันตัง","prov":"ตรัง","code":"92"},"geometry":{"type":"MultiPolygon","coordinates":[[[[99.065,7.205],[99.066,7.213],[99.058,7.217],[99.052,7.205],[99.059,7.196],[99.065,7.205]]],[[[99.08,7.228],[99.072,7.228],[99.061,7.218],[99.081,7.22],[99.08,7.228]]],[[[99.398,7.267],[99.385,7.281],[99.367,7.259],[99.371,7.243],[99.365,7.223],[99.381,7.207],[99.394,7.211],[99.393,7.225],[99.41,7.241],[99.451,7.255],[99.43,7.267],[99.404,7.262],[99.398,7.267]]],[[[99.248,7.333],[99.251,7.303],[99.255,7.298],[99.26,7.309],[99.248,7.333]]],[[[99.292,7.39],[99.281,7.388],[99.288,7.376],[99.283,7.366],[99.301,7.353],[99.306,7.369],[99.315,7.374],[99.292,7.39]]],[[[99.211,7.416],[99.2,7.435],[99.196,7.398],[99.217,7.401],[99.211,7.416]]],[[[99.568,7.321],[99.583,7.371],[99.604,7.403],[99.616,7.435],[99.605,7.498],[99.587,7.509],[99.563,7.543],[99.552,7.534],[99.552,7.526],[99.549,7.53],[99.526,7.524],[99.527,7.535],[99.52,7.542],[99.509,7.542],[99.492,7.524],[99.48,7.522],[99.453,7.536],[99.446,7.523],[99.451,7.504],[99.431,7.5],[99.427,7.48],[99.411,7.484],[99.403,7.47],[99.389,7.474],[99.382,7.445],[99.371,7.434],[99.374,7.427],[99.352,7.411],[99.356,7.404],[99.349,7.401],[99.338,7.379],[99.363,7.359],[99.361,7.352],[99.377,7.339],[99.398,7.305],[99.404,7.317],[99.411,7.316],[99.42,7.298],[99.43,7.3],[99.47,7.284],[99.485,7.293],[99.487,7.308],[99.508,7.308],[99.52,7.298],[99.536,7.296],[99.535,7.288],[99.547,7.29],[99.568,7.321]]]]}},{"type":"Feature","id":218,"properties":{"id":218,"en":"Kantharalak","th":"กันทรลักษ์","prov":"ศรีสะเกษ","code":"33"},"geometry":{"type":"MultiPolygon","coordinates":[[[[104.585,14.788],[104.548,14.781],[104.533,14.754],[104.507,14.758],[104.488,14.75],[104.505,14.737],[104.543,14.681],[104.53,14.656],[104.517,14.649],[104.527,14.631],[104.552,14.617],[104.534,14.586],[104.537,14.543],[104.517,14.525],[104.493,14.482],[104.496,14.466],[104.507,14.454],[104.498,14.373],[104.516,14.369],[104.535,14.354],[104.582,14.356],[104.583,14.377],[104.645,14.422],[104.651,14.422],[104.658,14.401],[104.68,14.391],[104.693,14.415],[104.711,14.432],[104.723,14.423],[104.726,14.402],[104.735,14.413],[104.753,14.403],[104.766,14.423],[104.805,14.437],[104.816,14.429],[104.818,14.418],[104.838,14.413],[104.841,14.403],[104.871,14.417],[104.907,14.399],[104.907,14.412],[104.876,14.437],[104.852,14.424],[104.838,14.427],[104.829,14.441],[104.86,14.472],[104.862,14.496],[104.834,14.528],[104.816,14.551],[104.829,14.58],[104.826,14.599],[104.829,14.611],[104.838,14.617],[104.836,14.637],[104.854,14.661],[104.877,14.661],[104.89,14.651],[104.877,14.672],[104.876,14.7],[104.85,14.719],[104.843,14.736],[104.838,14.74],[104.835,14.733],[104.819,14.742],[104.81,14.722],[104.775,14.729],[104.738,14.706],[104.706,14.733],[104.679,14.736],[104.674,14.771],[104.651,14.781],[104.646,14.789],[104.635,14.782],[104.612,14.782],[104.613,14.767],[104.58,14.774],[104.585,14.788]]]]}},{"type":"Feature","id":219,"properties":{"id":219,"en":"Kanthararom","th":"","prov":"","code":"33"},"geometry":{"type":"MultiPolygon","coordinates":[[[[104.69,15.225],[104.679,15.226],[104.665,15.258],[104.658,15.258],[104.652,15.246],[104.665,15.232],[104.647,15.239],[104.642,15.272],[104.621,15.275],[104.616,15.264],[104.609,15.282],[104.602,15.269],[104.59,15.269],[104.575,15.257],[104.577,15.252],[104.523,15.253],[104.504,15.268],[104.483,15.268],[104.467,15.235],[104.456,15.179],[104.432,15.167],[104.427,15.156],[104.445,15.135],[104.475,15.133],[104.475,15.104],[104.484,15.098],[104.462,15.084],[104.468,15.066],[104.46,15.049],[104.456,15.009],[104.474,15.007],[104.476,14.99],[104.497,14.968],[104.496,14.95],[104.516,14.961],[104.515,14.974],[104.527,14.977],[104.558,14.977],[104.558,14.994],[104.566,14.997],[104.564,15.009],[104.572,15.013],[104.576,15.004],[104.588,15.003],[104.6,15.016],[104.604,15.01],[104.61,15.013],[104.612,15.004],[104.633,15.007],[104.637,14.999],[104.638,15.006],[104.647,15.005],[104.644,15.011],[104.655,15],[104.661,15.006],[104.658,15.014],[104.672,15.022],[104.673,15.039],[104.683,15.037],[104.686,15.043],[104.68,15.048],[104.689,15.059],[104.686,15.074],[104.693,15.083],[104.676,15.086],[104.69,15.099],[104.68,15.101],[104.676,15.093],[104.67,15.098],[104.681,15.109],[104.676,15.113],[104.679,15.123],[104.704,15.13],[104.737,15.164],[104.726,15.171],[104.698,15.158],[104.7,15.174],[104.718,15.19],[104.712,15.194],[104.703,15.186],[104.699,15.191],[104.704,15.201],[104.681,15.202],[104.689,15.207],[104.683,15.218],[104.696,15.221],[104.69,15.225]]]]}},{"type":"Feature","id":220,"properties":{"id":220,"en":"Kantharawichai","th":"เมืองมหาสารคาม","prov":"มหาสารคาม","code":"44"},"geometry":{"type":"MultiPolygon","coordinates":[[[[103.173,16.317],[103.155,16.274],[103.159,16.257],[103.151,16.237],[103.158,16.224],[103.143,16.209],[103.151,16.196],[103.179,16.187],[103.2,16.202],[103.209,16.195],[103.221,16.199],[103.233,16.194],[103.24,16.205],[103.257,16.21],[103.253,16.217],[103.26,16.213],[103.268,16.219],[103.268,16.232],[103.278,16.231],[103.278,16.218],[103.301,16.229],[103.304,16.219],[103.318,16.213],[103.322,16.219],[103.31,16.225],[103.315,16.23],[103.334,16.224],[103.336,16.217],[103.361,16.216],[103.362,16.226],[103.381,16.228],[103.383,16.238],[103.391,16.241],[103.395,16.235],[103.402,16.245],[103.406,16.232],[103.418,16.226],[103.404,16.257],[103.413,16.279],[103.408,16.295],[103.396,16.293],[103.354,16.308],[103.344,16.36],[103.3,16.37],[103.29,16.395],[103.26,16.376],[103.248,16.38],[103.175,16.363],[103.175,16.345],[103.184,16.336],[103.175,16.335],[103.173,16.317]]]]}},{"type":"Feature","id":221,"properties":{"id":221,"en":"Kao Liao","th":"เก้าเลี้ยว","prov":"นครสวรรค์","code":"60"},"geometry":{"type":"MultiPolygon","coordinates":[[[[99.993,15.846],[100.029,15.815],[100.079,15.816],[100.081,15.808],[100.127,15.814],[100.126,15.82],[100.17,15.81],[100.188,15.853],[100.174,15.859],[100.184,15.868],[100.17,15.88],[100.175,15.886],[100.169,15.918],[100.173,15.925],[100.169,15.932],[100.175,15.933],[100.174,15.942],[100.163,15.96],[100.15,15.953],[100.136,15.959],[100.13,15.954],[100.135,15.938],[100.121,15.931],[100.112,15.945],[100.097,15.949],[100.09,15.959],[100.076,15.93],[100.065,15.925],[100.057,15.929],[100.034,15.895],[100.053,15.879],[100.044,15.869],[100.012,15.862],[100.014,15.858],[99.993,15.846]]]]}},{"type":"Feature","id":222,"properties":{"id":222,"en":"Kap Choeng","th":"กาบเชิง","prov":"สุรินทร์","code":"32"},"geometry":{"type":"MultiPolygon","coordinates":[[[[103.739,14.377],[103.731,14.393],[103.742,14.416],[103.734,14.453],[103.759,14.469],[103.75,14.502],[103.734,14.511],[103.729,14.526],[103.717,14.535],[103.67,14.547],[103.632,14.572],[103.601,14.559],[103.57,14.56],[103.538,14.548],[103.512,14.56],[103.503,14.554],[103.498,14.518],[103.491,14.511],[103.466,14.509],[103.424,14.524],[103.401,14.512],[103.385,14.479],[103.401,14.398],[103.399,14.374],[103.406,14.369],[103.436,14.39],[103.45,14.368],[103.468,14.365],[103.473,14.376],[103.483,14.387],[103.494,14.386],[103.499,14.398],[103.517,14.404],[103.524,14.4],[103.529,14.41],[103.56,14.423],[103.584,14.425],[103.597,14.414],[103.608,14.416],[103.613,14.402],[103.623,14.397],[103.654,14.409],[103.657,14.419],[103.642,14.422],[103.653,14.436],[103.693,14.438],[103.709,14.43],[103.698,14.389],[103.702,14.379],[103.739,14.377]]]]}},{"type":"Feature","id":223,"properties":{"id":223,"en":"Kapho","th":"กะพ้อ","prov":"ปัตตานี","code":"94"},"geometry":{"type":"MultiPolygon","coordinates":[[[[101.587,6.626],[101.569,6.643],[101.56,6.626],[101.549,6.627],[101.537,6.643],[101.55,6.664],[101.511,6.676],[101.485,6.669],[101.499,6.638],[101.502,6.604],[101.52,6.591],[101.517,6.578],[101.535,6.557],[101.565,6.55],[101.595,6.568],[101.597,6.581],[101.574,6.601],[101.576,6.618],[101.587,6.626]]]]}},{"type":"Feature","id":224,"properties":{"id":224,"en":"Kapoe","th":"กะเปอร์","prov":"ระนอง","code":"85"},"geometry":{"type":"MultiPolygon","coordinates":[[[[98.515,9.577],[98.512,9.573],[98.52,9.572],[98.526,9.574],[98.515,9.577]]],[[[98.478,9.582],[98.472,9.577],[98.483,9.571],[98.489,9.578],[98.478,9.582]]],[[[98.468,9.574],[98.474,9.585],[98.467,9.593],[98.467,9.587],[98.461,9.579],[98.468,9.574]]],[[[98.74,9.601],[98.721,9.629],[98.697,9.636],[98.672,9.655],[98.654,9.653],[98.648,9.664],[98.66,9.685],[98.646,9.691],[98.65,9.701],[98.639,9.714],[98.601,9.669],[98.601,9.66],[98.585,9.649],[98.588,9.639],[98.557,9.616],[98.528,9.635],[98.515,9.635],[98.495,9.616],[98.479,9.635],[98.47,9.625],[98.463,9.628],[98.468,9.597],[98.492,9.592],[98.508,9.596],[98.523,9.581],[98.535,9.578],[98.533,9.569],[98.491,9.548],[98.5,9.513],[98.493,9.497],[98.502,9.492],[98.503,9.484],[98.567,9.486],[98.661,9.448],[98.668,9.449],[98.667,9.465],[98.694,9.47],[98.705,9.486],[98.716,9.487],[98.717,9.499],[98.736,9.523],[98.747,9.535],[98.764,9.537],[98.769,9.545],[98.758,9.56],[98.759,9.574],[98.739,9.583],[98.74,9.601]]]]}},{"type":"Feature","id":225,"properties":{"id":225,"en":"Kapong","th":"กะปง","prov":"พังงา","code":"82"},"geometry":{"type":"MultiPolygon","coordinates":[[[[98.537,8.661],[98.546,8.674],[98.57,8.682],[98.595,8.712],[98.602,8.782],[98.595,8.801],[98.555,8.814],[98.553,8.83],[98.533,8.845],[98.536,8.858],[98.514,8.861],[98.505,8.881],[98.446,8.895],[98.437,8.874],[98.401,8.839],[98.408,8.79],[98.402,8.768],[98.391,8.767],[98.379,8.756],[98.364,8.76],[98.353,8.735],[98.329,8.729],[98.322,8.715],[98.327,8.704],[98.311,8.674],[98.326,8.665],[98.326,8.655],[98.336,8.642],[98.35,8.642],[98.357,8.629],[98.369,8.639],[98.385,8.642],[98.396,8.631],[98.411,8.629],[98.419,8.634],[98.431,8.626],[98.439,8.632],[98.463,8.623],[98.47,8.608],[98.494,8.602],[98.515,8.624],[98.53,8.654],[98.527,8.662],[98.537,8.661]]]]}},{"type":"Feature","id":226,"properties":{"id":226,"en":"Kaset Sombun","th":"เกษตรสมบูรณ์","prov":"ชัยภูมิ","code":"36"},"geometry":{"type":"MultiPolygon","coordinates":[[[[101.967,16.467],[101.957,16.483],[101.928,16.481],[101.891,16.496],[101.858,16.489],[101.853,16.493],[101.837,16.479],[101.813,16.476],[101.811,16.445],[101.805,16.441],[101.798,16.444],[101.796,16.453],[101.782,16.457],[101.749,16.484],[101.749,16.458],[101.732,16.464],[101.726,16.454],[101.724,16.467],[101.704,16.468],[101.702,16.456],[101.681,16.451],[101.675,16.441],[101.676,16.423],[101.688,16.432],[101.711,16.419],[101.757,16.363],[101.815,16.323],[101.842,16.294],[101.859,16.245],[101.859,16.222],[101.851,16.197],[101.817,16.163],[101.846,16.146],[101.824,16.087],[101.843,16.052],[101.887,16.047],[101.915,16.027],[101.945,16.039],[101.965,16.095],[101.991,16.11],[101.978,16.127],[102.006,16.157],[101.994,16.187],[101.995,16.205],[102.029,16.193],[102.033,16.219],[102.025,16.252],[102.047,16.245],[102.056,16.253],[102.092,16.257],[102.077,16.279],[102.063,16.289],[102.065,16.315],[102.058,16.333],[102.047,16.339],[102.031,16.331],[102.034,16.358],[102.043,16.369],[102.035,16.367],[102.037,16.375],[102.029,16.372],[102.027,16.378],[102.008,16.37],[101.999,16.381],[101.994,16.405],[101.97,16.452],[101.977,16.457],[101.967,16.467]]]]}},{"type":"Feature","id":227,"properties":{"id":227,"en":"Kaset Wisai","th":"เกษตรวิสัย","prov":"ร้อยเอ็ด","code":"45"},"geometry":{"type":"MultiPolygon","coordinates":[[[[103.42,15.721],[103.411,15.709],[103.416,15.701],[103.407,15.7],[103.422,15.679],[103.437,15.672],[103.439,15.678],[103.467,15.676],[103.471,15.67],[103.474,15.676],[103.494,15.671],[103.493,15.635],[103.487,15.594],[103.47,15.581],[103.464,15.57],[103.467,15.56],[103.444,15.545],[103.418,15.541],[103.427,15.525],[103.421,15.524],[103.421,15.506],[103.401,15.445],[103.403,15.436],[103.433,15.455],[103.478,15.453],[103.492,15.438],[103.503,15.439],[103.516,15.429],[103.532,15.426],[103.543,15.44],[103.55,15.438],[103.555,15.454],[103.562,15.452],[103.579,15.466],[103.616,15.469],[103.629,15.458],[103.64,15.458],[103.649,15.486],[103.676,15.525],[103.69,15.577],[103.681,15.664],[103.7,15.754],[103.695,15.771],[103.619,15.781],[103.615,15.769],[103.569,15.749],[103.42,15.721]]]]}},{"type":"Feature","id":228,"properties":{"id":228,"en":"Kathu","th":"กะทู้","prov":"ภูเก็ต","code":"83"},"geometry":{"type":"MultiPolygon","coordinates":[[[[98.35,7.944],[98.331,7.95],[98.317,7.942],[98.305,7.966],[98.276,7.97],[98.283,7.962],[98.282,7.953],[98.263,7.949],[98.258,7.935],[98.262,7.923],[98.275,7.924],[98.292,7.916],[98.297,7.907],[98.289,7.886],[98.273,7.886],[98.265,7.893],[98.261,7.886],[98.265,7.88],[98.272,7.882],[98.275,7.874],[98.292,7.871],[98.329,7.871],[98.343,7.877],[98.368,7.901],[98.368,7.908],[98.36,7.906],[98.359,7.915],[98.366,7.935],[98.359,7.931],[98.35,7.944]]]]}},{"type":"Feature","id":229,"properties":{"id":229,"en":"Khaen Dong","th":"แคนดง","prov":"บุรีรัมย์","code":"31"},"geometry":{"type":"MultiPolygon","coordinates":[[[[103.156,15.237],[103.201,15.241],[103.206,15.262],[103.201,15.289],[103.194,15.29],[103.203,15.295],[103.2,15.307],[103.215,15.308],[103.213,15.303],[103.223,15.3],[103.237,15.316],[103.232,15.324],[103.231,15.317],[103.219,15.322],[103.224,15.33],[103.219,15.336],[103.21,15.331],[103.212,15.343],[103.202,15.343],[103.196,15.336],[103.187,15.358],[103.197,15.359],[103.194,15.366],[103.182,15.368],[103.178,15.359],[103.171,15.364],[103.156,15.353],[103.164,15.365],[103.155,15.365],[103.157,15.373],[103.148,15.376],[103.155,15.379],[103.154,15.385],[103.148,15.381],[103.141,15.388],[103.146,15.403],[103.138,15.412],[103.134,15.4],[103.107,15.409],[103.099,15.402],[103.102,15.388],[103.085,15.383],[103.064,15.36],[103.046,15.303],[103.033,15.291],[103.03,15.251],[103.044,15.247],[103.05,15.253],[103.057,15.251],[103.06,15.262],[103.071,15.263],[103.086,15.257],[103.087,15.249],[103.156,15.237]]]]}},{"type":"Feature","id":230,"properties":{"id":230,"en":"Khai Bang Rachan","th":"ค่ายบางระจัน","prov":"สิงห์บุรี","code":"17"},"geometry":{"type":"MultiPolygon","coordinates":[[[[100.215,14.84],[100.204,14.809],[100.215,14.807],[100.217,14.798],[100.272,14.799],[100.295,14.781],[100.299,14.79],[100.314,14.79],[100.311,14.798],[100.329,14.802],[100.349,14.78],[100.376,14.8],[100.372,14.806],[100.393,14.817],[100.389,14.837],[100.389,14.846],[100.378,14.85],[100.386,14.868],[100.376,14.872],[100.367,14.871],[100.356,14.85],[100.321,14.849],[100.306,14.828],[100.271,14.827],[100.275,14.847],[100.263,14.869],[100.253,14.867],[100.248,14.857],[100.254,14.847],[100.251,14.84],[100.24,14.839],[100.239,14.844],[100.215,14.84]]]]}},{"type":"Feature","id":231,"properties":{"id":231,"en":"Kham Khuean Kaeo","th":"","prov":"","code":"35"},"geometry":{"type":"MultiPolygon","coordinates":[[[[104.419,15.746],[104.401,15.752],[104.393,15.74],[104.366,15.738],[104.332,15.761],[104.319,15.744],[104.307,15.744],[104.292,15.773],[104.279,15.761],[104.253,15.766],[104.258,15.751],[104.246,15.737],[104.204,15.697],[104.168,15.675],[104.177,15.671],[104.175,15.664],[104.188,15.665],[104.184,15.657],[104.172,15.66],[104.179,15.639],[104.17,15.633],[104.191,15.633],[104.182,15.621],[104.187,15.609],[104.213,15.615],[104.204,15.596],[104.216,15.6],[104.213,15.592],[104.222,15.579],[104.235,15.581],[104.244,15.599],[104.254,15.589],[104.286,15.597],[104.317,15.574],[104.354,15.561],[104.368,15.546],[104.383,15.545],[104.386,15.536],[104.4,15.546],[104.413,15.536],[104.431,15.539],[104.442,15.555],[104.481,15.537],[104.5,15.559],[104.499,15.568],[104.512,15.564],[104.505,15.587],[104.492,15.586],[104.489,15.595],[104.481,15.591],[104.483,15.586],[104.462,15.589],[104.458,15.596],[104.467,15.601],[104.461,15.61],[104.466,15.617],[104.464,15.628],[104.45,15.618],[104.44,15.618],[104.448,15.637],[104.438,15.649],[104.444,15.65],[104.446,15.661],[104.436,15.667],[104.445,15.67],[104.439,15.677],[104.444,15.683],[104.436,15.686],[104.44,15.7],[104.419,15.698],[104.427,15.72],[104.422,15.723],[104.431,15.738],[104.419,15.746]]]]}},{"type":"Feature","id":232,"properties":{"id":232,"en":"Kham Muang","th":"คำม่วง","prov":"กาฬสินธุ์","code":"46"},"geometry":{"type":"MultiPolygon","coordinates":[[[[103.662,17.02],[103.647,17.024],[103.653,17.048],[103.64,17.058],[103.639,17.071],[103.628,17.076],[103.621,17.093],[103.607,17.1],[103.592,17.094],[103.579,17.102],[103.575,17.091],[103.548,17.089],[103.548,17.08],[103.539,17.078],[103.537,17.066],[103.53,17.063],[103.569,17.009],[103.582,17.002],[103.579,16.99],[103.568,16.99],[103.565,16.984],[103.593,16.961],[103.597,16.951],[103.587,16.918],[103.594,16.892],[103.588,16.887],[103.587,16.871],[103.595,16.862],[103.588,16.84],[103.607,16.823],[103.62,16.831],[103.633,16.829],[103.63,16.805],[103.645,16.797],[103.626,16.778],[103.627,16.771],[103.663,16.767],[103.675,16.778],[103.677,16.797],[103.683,16.804],[103.676,16.822],[103.686,16.854],[103.704,16.853],[103.712,16.858],[103.713,16.872],[103.727,16.88],[103.732,16.914],[103.739,16.923],[103.75,16.925],[103.753,16.948],[103.763,16.964],[103.75,16.973],[103.74,16.971],[103.74,16.99],[103.721,16.981],[103.728,17.008],[103.695,17.034],[103.677,17.032],[103.674,17.021],[103.662,17.02]]]]}},{"type":"Feature","id":233,"properties":{"id":233,"en":"Kham Sakaesaeng","th":"","prov":"","code":"30"},"geometry":{"type":"MultiPolygon","coordinates":[[[[102.291,15.371],[102.294,15.407],[102.262,15.427],[102.255,15.447],[102.227,15.466],[102.175,15.463],[102.088,15.432],[102.061,15.413],[102.044,15.415],[102.049,15.387],[102.071,15.377],[102.061,15.355],[102.067,15.343],[102.08,15.334],[102.086,15.318],[102.118,15.308],[102.139,15.309],[102.144,15.291],[102.159,15.279],[102.185,15.28],[102.191,15.321],[102.239,15.335],[102.291,15.371]]]]}},{"type":"Feature","id":234,"properties":{"id":234,"en":"Kham Ta Kla","th":"คำตากล้า","prov":"สกลนคร","code":"47"},"geometry":{"type":"MultiPolygon","coordinates":[[[[103.918,17.822],[103.925,17.834],[103.923,17.855],[103.915,17.859],[103.911,17.851],[103.9,17.849],[103.905,17.88],[103.875,17.876],[103.866,17.864],[103.868,17.88],[103.856,17.883],[103.836,17.87],[103.796,17.877],[103.794,17.871],[103.811,17.858],[103.795,17.842],[103.765,17.883],[103.769,17.891],[103.787,17.892],[103.775,17.909],[103.782,17.932],[103.765,17.921],[103.757,17.922],[103.766,17.956],[103.749,17.926],[103.753,17.915],[103.747,17.911],[103.722,17.926],[103.714,17.943],[103.701,17.941],[103.698,17.933],[103.702,17.924],[103.672,17.91],[103.681,17.888],[103.674,17.884],[103.679,17.854],[103.668,17.839],[103.651,17.838],[103.633,17.826],[103.658,17.795],[103.674,17.787],[103.707,17.791],[103.715,17.783],[103.721,17.79],[103.761,17.755],[103.771,17.766],[103.797,17.774],[103.817,17.745],[103.848,17.725],[103.855,17.742],[103.866,17.74],[103.863,17.729],[103.885,17.737],[103.9,17.733],[103.895,17.738],[103.902,17.813],[103.918,17.822]]]]}},{"type":"Feature","id":235,"properties":{"id":235,"en":"Kham Thale So","th":"","prov":"","code":"30"},"geometry":{"type":"MultiPolygon","coordinates":[[[[101.836,15.074],[101.851,15.071],[101.884,15.046],[101.888,14.994],[101.901,14.965],[101.9,14.941],[101.905,14.932],[101.915,14.938],[101.934,14.93],[101.95,14.939],[101.965,14.94],[101.984,14.947],[101.994,14.959],[101.974,15.005],[101.993,15.035],[101.993,15.089],[101.973,15.087],[101.928,15.108],[101.889,15.111],[101.861,15.105],[101.836,15.074]]]]}},{"type":"Feature","id":236,"properties":{"id":236,"en":"Khamcha-I","th":"คำชะอี","prov":"มุกดาหาร","code":"49"},"geometry":{"type":"MultiPolygon","coordinates":[[[[104.199,16.66],[104.195,16.65],[104.175,16.636],[104.18,16.625],[104.173,16.609],[104.177,16.598],[104.205,16.584],[104.205,16.565],[104.226,16.551],[104.221,16.542],[104.242,16.545],[104.256,16.535],[104.28,16.532],[104.301,16.537],[104.338,16.508],[104.355,16.511],[104.358,16.501],[104.375,16.497],[104.375,16.49],[104.391,16.47],[104.434,16.462],[104.446,16.472],[104.446,16.484],[104.435,16.494],[104.435,16.511],[104.444,16.52],[104.448,16.538],[104.475,16.528],[104.487,16.53],[104.505,16.521],[104.516,16.559],[104.509,16.567],[104.51,16.583],[104.498,16.589],[104.503,16.594],[104.478,16.609],[104.474,16.62],[104.465,16.621],[104.457,16.634],[104.473,16.681],[104.468,16.688],[104.459,16.687],[104.47,16.706],[104.451,16.714],[104.443,16.712],[104.406,16.683],[104.402,16.698],[104.407,16.708],[104.383,16.73],[104.375,16.749],[104.345,16.748],[104.325,16.739],[104.309,16.762],[104.284,16.759],[104.262,16.742],[104.269,16.738],[104.263,16.736],[104.266,16.727],[104.261,16.727],[104.254,16.704],[104.241,16.705],[104.228,16.681],[104.199,16.66]]]]}},{"type":"Feature","id":238,"properties":{"id":238,"en":"Khanom","th":"ขนอม","prov":"นครศรีธรรมราช","code":"80"},"geometry":{"type":"MultiPolygon","coordinates":[[[[99.772,9.096],[99.785,9.089],[99.8,9.094],[99.808,9.082],[99.807,9.087],[99.817,9.091],[99.809,9.1],[99.816,9.121],[99.833,9.124],[99.848,9.118],[99.862,9.089],[99.875,9.098],[99.882,9.087],[99.909,9.09],[99.897,9.119],[99.88,9.128],[99.874,9.159],[99.877,9.206],[99.881,9.209],[99.864,9.248],[99.848,9.254],[99.843,9.294],[99.83,9.31],[99.819,9.297],[99.799,9.305],[99.806,9.315],[99.801,9.319],[99.797,9.309],[99.796,9.318],[99.792,9.309],[99.785,9.311],[99.786,9.317],[99.78,9.309],[99.769,9.323],[99.763,9.291],[99.772,9.28],[99.772,9.261],[99.762,9.268],[99.748,9.263],[99.754,9.221],[99.747,9.204],[99.739,9.2],[99.739,9.17],[99.732,9.16],[99.721,9.155],[99.72,9.145],[99.734,9.128],[99.733,9.12],[99.722,9.114],[99.741,9.114],[99.772,9.096]]],[[[99.774,9.325],[99.768,9.325],[99.78,9.32],[99.774,9.325]]]]}},{"type":"Feature","id":239,"properties":{"id":239,"en":"Khanu Woralaksaburi","th":"ขาณุวรลักษบุรี","prov":"กำแพงเพชร","code":"62"},"geometry":{"type":"MultiPolygon","coordinates":[[[[99.984,16.118],[99.966,16.133],[99.919,16.126],[99.914,16.136],[99.901,16.125],[99.875,16.132],[99.864,16.149],[99.878,16.161],[99.877,16.169],[99.855,16.155],[99.84,16.154],[99.828,16.14],[99.805,16.14],[99.792,16.129],[99.783,16.138],[99.756,16.129],[99.72,16.134],[99.712,16.125],[99.684,16.132],[99.67,16.122],[99.65,16.129],[99.645,16.122],[99.629,16.118],[99.589,16.116],[99.576,16.124],[99.562,16.103],[99.551,16.1],[99.553,16.093],[99.537,16.084],[99.521,16.055],[99.508,16.053],[99.505,16.045],[99.44,16.036],[99.427,16.018],[99.414,16.016],[99.431,15.978],[99.418,15.967],[99.407,15.961],[99.393,15.974],[99.338,15.963],[99.333,15.951],[99.344,15.935],[99.349,15.923],[99.358,15.926],[99.374,15.915],[99.392,15.917],[99.411,15.91],[99.426,15.92],[99.431,15.909],[99.466,15.901],[99.477,15.902],[99.479,15.922],[99.502,15.928],[99.531,15.92],[99.538,15.925],[99.554,15.916],[99.555,15.907],[99.594,15.906],[99.599,15.898],[99.624,15.887],[99.629,15.876],[99.634,15.885],[99.646,15.886],[99.662,15.875],[99.658,15.862],[99.664,15.855],[99.698,15.877],[99.723,15.873],[99.744,15.858],[99.751,15.881],[99.774,15.903],[99.769,15.922],[99.786,15.927],[99.805,15.921],[99.807,15.944],[99.825,15.951],[99.828,15.963],[99.847,15.982],[99.845,16.023],[99.874,16.037],[99.895,16.039],[99.91,16.052],[99.931,16.053],[99.941,16.072],[99.984,16.118]]]]}},{"type":"Feature","id":240,"properties":{"id":240,"en":"Khao Chaison","th":"เขาชัยสน","prov":"พัทลุง","code":"93"},"geometry":{"type":"MultiPolygon","coordinates":[[[[100.276,7.478],[100.273,7.497],[100.261,7.497],[100.237,7.539],[100.233,7.576],[100.158,7.576],[100.157,7.571],[100.117,7.561],[100.103,7.537],[100.088,7.535],[100.079,7.524],[100.067,7.488],[100.034,7.484],[100.045,7.467],[100.036,7.458],[100.033,7.445],[100.009,7.439],[100.006,7.429],[99.994,7.42],[100.005,7.383],[100,7.378],[100.001,7.364],[100.027,7.358],[100.056,7.368],[100.065,7.373],[100.065,7.368],[100.077,7.363],[100.092,7.367],[100.109,7.36],[100.099,7.383],[100.103,7.38],[100.101,7.386],[100.11,7.391],[100.109,7.398],[100.128,7.411],[100.125,7.425],[100.135,7.433],[100.146,7.463],[100.155,7.461],[100.172,7.475],[100.173,7.468],[100.181,7.467],[100.189,7.479],[100.276,7.478]]]]}},{"type":"Feature","id":241,"properties":{"id":241,"en":"Khao Chakan","th":"เขาฉกรรจ์","prov":"สระแก้ว","code":"27"},"geometry":{"type":"MultiPolygon","coordinates":[[[[101.915,13.586],[101.9,13.551],[101.874,13.524],[101.885,13.525],[101.898,13.511],[101.882,13.491],[101.894,13.472],[101.933,13.475],[101.944,13.493],[101.956,13.495],[101.955,13.504],[101.961,13.505],[101.968,13.523],[101.983,13.524],[101.988,13.538],[101.997,13.541],[102,13.558],[102.023,13.559],[102.026,13.565],[102.034,13.557],[102.043,13.575],[102.076,13.569],[102.096,13.578],[102.095,13.586],[102.078,13.6],[102.095,13.618],[102.083,13.632],[102.087,13.644],[102.092,13.64],[102.117,13.662],[102.148,13.658],[102.157,13.653],[102.157,13.664],[102.135,13.676],[102.154,13.685],[102.147,13.69],[102.144,13.728],[102.088,13.763],[102.09,13.759],[102.079,13.756],[102.08,13.745],[102.074,13.741],[102.06,13.749],[102.044,13.745],[102.034,13.703],[102.012,13.703],[101.999,13.715],[101.985,13.68],[101.943,13.692],[101.948,13.665],[101.939,13.647],[101.942,13.617],[101.91,13.605],[101.915,13.586]]]]}},{"type":"Feature","id":242,"properties":{"id":242,"en":"Khao Chamao","th":"เขาชะเมา","prov":"ระยอง","code":"21"},"geometry":{"type":"MultiPolygon","coordinates":[[[[101.578,13.109],[101.582,13.098],[101.592,13.092],[101.583,13.062],[101.599,13.057],[101.603,13.034],[101.591,13.01],[101.582,13.01],[101.585,13.002],[101.573,12.993],[101.569,12.979],[101.612,12.981],[101.619,12.956],[101.607,12.918],[101.625,12.89],[101.644,12.88],[101.646,12.89],[101.665,12.883],[101.666,12.896],[101.685,12.899],[101.707,12.87],[101.707,12.854],[101.717,12.837],[101.723,12.837],[101.721,12.843],[101.731,12.84],[101.736,12.831],[101.749,12.859],[101.81,12.885],[101.79,12.944],[101.778,12.954],[101.757,12.94],[101.753,12.951],[101.747,12.949],[101.739,12.959],[101.738,12.982],[101.756,13.007],[101.752,13.029],[101.761,13.036],[101.759,13.048],[101.75,13.049],[101.738,13.034],[101.725,13.03],[101.717,13.035],[101.703,13.072],[101.707,13.078],[101.699,13.081],[101.693,13.093],[101.7,13.109],[101.686,13.114],[101.696,13.147],[101.661,13.154],[101.657,13.162],[101.635,13.16],[101.622,13.141],[101.582,13.129],[101.578,13.109]]]]}},{"type":"Feature","id":243,"properties":{"id":243,"en":"Khao Khitchakut","th":"เขาคิชฌกูฏ","prov":"จันทบุรี","code":"22"},"geometry":{"type":"MultiPolygon","coordinates":[[[[101.959,12.904],[101.986,12.922],[102.004,12.92],[102.012,12.879],[102.024,12.87],[102.011,12.85],[102.018,12.844],[102.022,12.827],[102.032,12.83],[102.041,12.814],[102.04,12.808],[102.033,12.81],[102.041,12.8],[102.043,12.782],[102.057,12.779],[102.056,12.786],[102.07,12.779],[102.079,12.786],[102.08,12.773],[102.071,12.77],[102.068,12.759],[102.08,12.737],[102.096,12.749],[102.101,12.736],[102.119,12.748],[102.128,12.778],[102.155,12.784],[102.169,12.797],[102.169,12.804],[102.182,12.807],[102.194,12.831],[102.194,12.868],[102.21,12.88],[102.234,12.885],[102.23,12.902],[102.202,12.926],[102.203,12.933],[102.175,12.967],[102.174,12.986],[102.186,12.996],[102.178,13.008],[102.172,13.013],[102.166,13.039],[102.157,13.048],[102.154,13.083],[102.141,13.107],[102.154,13.129],[102.149,13.133],[102.123,13.129],[102.115,13.136],[102.111,13.152],[102.137,13.159],[102.139,13.173],[102.133,13.179],[102.138,13.185],[102.133,13.195],[102.113,13.197],[102.074,13.187],[102.05,13.169],[102.044,13.152],[102.055,13.138],[102.058,13.118],[102.053,13.099],[102.032,13.089],[102.027,13.073],[102.011,13.067],[102.017,13.065],[102.022,13.052],[102.021,13.016],[102.013,13.017],[101.988,12.968],[101.975,12.986],[101.962,12.978],[101.961,12.963],[101.972,12.944],[101.964,12.937],[101.959,12.904]]]]}},{"type":"Feature","id":244,"properties":{"id":244,"en":"Khao Kho","th":"เขาค้อ","prov":"เพชรบูรณ์","code":"67"},"geometry":{"type":"MultiPolygon","coordinates":[[[[101.067,16.903],[101.057,16.908],[101.043,16.904],[101.031,16.893],[101.026,16.873],[101.013,16.858],[100.993,16.856],[100.973,16.842],[100.981,16.835],[100.979,16.826],[100.962,16.831],[100.954,16.826],[100.959,16.81],[100.953,16.793],[100.918,16.792],[100.903,16.802],[100.906,16.783],[100.895,16.771],[100.901,16.76],[100.92,16.759],[100.923,16.746],[100.914,16.731],[100.931,16.717],[100.931,16.711],[100.923,16.712],[100.924,16.702],[100.934,16.696],[100.929,16.686],[100.938,16.687],[100.943,16.681],[100.933,16.681],[100.923,16.663],[100.915,16.67],[100.886,16.666],[100.884,16.656],[100.862,16.639],[100.865,16.622],[100.861,16.614],[100.853,16.614],[100.855,16.598],[100.848,16.593],[100.851,16.584],[100.846,16.578],[100.851,16.577],[100.859,16.548],[100.846,16.542],[100.849,16.523],[100.834,16.52],[100.834,16.504],[100.871,16.509],[100.88,16.503],[100.88,16.49],[100.891,16.494],[100.903,16.485],[100.927,16.507],[100.939,16.505],[100.943,16.515],[100.962,16.513],[100.966,16.494],[100.983,16.491],[100.993,16.477],[101.006,16.472],[101.007,16.478],[101.02,16.481],[101.031,16.473],[101.047,16.479],[101.065,16.466],[101.081,16.482],[101.116,16.48],[101.093,16.502],[101.092,16.513],[101.103,16.514],[101.113,16.531],[101.108,16.545],[101.086,16.547],[101.075,16.557],[101.06,16.555],[101.051,16.562],[101.057,16.587],[101.071,16.586],[101.067,16.595],[101.072,16.606],[101.052,16.628],[101.051,16.644],[101.059,16.653],[101.048,16.658],[101.049,16.673],[101.07,16.681],[101.098,16.68],[101.105,16.687],[101.088,16.697],[101.088,16.703],[101.104,16.737],[101.1,16.755],[101.109,16.782],[101.091,16.788],[101.076,16.822],[101.056,16.823],[101.061,16.882],[101.079,16.9],[101.067,16.903]]]]}},{"type":"Feature","id":245,"properties":{"id":245,"en":"Khao Phanom","th":"เขาพนม","prov":"กระบี่","code":"81"},"geometry":{"type":"MultiPolygon","coordinates":[[[[98.908,8.294],[98.915,8.278],[98.934,8.279],[98.946,8.262],[98.961,8.256],[98.972,8.259],[99.004,8.229],[99.014,8.229],[99.018,8.21],[99.013,8.162],[99.03,8.149],[99.042,8.164],[99.08,8.177],[99.09,8.208],[99.098,8.212],[99.098,8.231],[99.122,8.234],[99.121,8.225],[99.13,8.22],[99.129,8.189],[99.148,8.184],[99.148,8.179],[99.168,8.178],[99.174,8.159],[99.188,8.157],[99.192,8.163],[99.223,8.171],[99.226,8.157],[99.215,8.153],[99.217,8.126],[99.232,8.122],[99.238,8.113],[99.251,8.112],[99.259,8.122],[99.28,8.122],[99.297,8.129],[99.298,8.141],[99.288,8.151],[99.289,8.16],[99.304,8.17],[99.308,8.192],[99.32,8.197],[99.323,8.208],[99.314,8.235],[99.323,8.251],[99.334,8.257],[99.336,8.268],[99.33,8.292],[99.299,8.306],[99.3,8.315],[99.291,8.309],[99.282,8.311],[99.281,8.304],[99.257,8.302],[99.209,8.336],[99.201,8.362],[99.205,8.366],[99.186,8.363],[99.18,8.372],[99.151,8.359],[99.124,8.368],[99.062,8.36],[99.036,8.362],[98.975,8.41],[98.973,8.418],[98.948,8.423],[98.939,8.438],[98.941,8.457],[98.926,8.448],[98.928,8.378],[98.921,8.371],[98.926,8.355],[98.917,8.341],[98.918,8.327],[98.909,8.317],[98.908,8.294]]]]}},{"type":"Feature","id":246,"properties":{"id":246,"en":"Khao Saming","th":"เขาสมิง","prov":"ตราด","code":"23"},"geometry":{"type":"MultiPolygon","coordinates":[[[[102.389,12.645],[102.394,12.64],[102.39,12.633],[102.402,12.615],[102.396,12.615],[102.397,12.608],[102.388,12.61],[102.388,12.604],[102.419,12.579],[102.423,12.569],[102.399,12.567],[102.397,12.574],[102.38,12.583],[102.376,12.596],[102.359,12.597],[102.345,12.589],[102.337,12.564],[102.305,12.556],[102.317,12.537],[102.315,12.524],[102.338,12.514],[102.333,12.499],[102.342,12.477],[102.337,12.464],[102.32,12.453],[102.33,12.445],[102.325,12.427],[102.368,12.403],[102.372,12.388],[102.346,12.365],[102.347,12.342],[102.338,12.327],[102.309,12.303],[102.286,12.299],[102.283,12.281],[102.314,12.257],[102.326,12.259],[102.33,12.253],[102.337,12.257],[102.347,12.252],[102.353,12.263],[102.376,12.273],[102.377,12.288],[102.398,12.272],[102.403,12.283],[102.412,12.286],[102.403,12.294],[102.408,12.303],[102.445,12.306],[102.463,12.297],[102.477,12.299],[102.481,12.322],[102.5,12.325],[102.494,12.338],[102.499,12.358],[102.493,12.365],[102.5,12.371],[102.499,12.38],[102.519,12.386],[102.517,12.399],[102.525,12.408],[102.522,12.437],[102.536,12.443],[102.562,12.478],[102.551,12.506],[102.529,12.516],[102.519,12.511],[102.498,12.513],[102.483,12.493],[102.481,12.533],[102.467,12.562],[102.442,12.587],[102.443,12.603],[102.415,12.619],[102.404,12.642],[102.389,12.645]]]]}},{"type":"Feature","id":247,"properties":{"id":247,"en":"Khao Suan Kwang","th":"เขาสวนกวาง","prov":"ขอนแก่น","code":"40"},"geometry":{"type":"MultiPolygon","coordinates":[[[[102.71,17.087],[102.7,17.087],[102.696,17.066],[102.679,17.051],[102.682,17.017],[102.669,16.994],[102.684,16.958],[102.721,16.959],[102.728,16.954],[102.727,16.944],[102.74,16.936],[102.734,16.928],[102.741,16.895],[102.731,16.88],[102.735,16.844],[102.724,16.834],[102.729,16.822],[102.737,16.82],[102.756,16.835],[102.763,16.821],[102.821,16.815],[102.872,16.786],[102.924,16.791],[102.95,16.805],[102.929,16.838],[102.913,16.839],[102.889,16.865],[102.883,16.875],[102.876,16.873],[102.873,16.881],[102.86,16.884],[102.823,16.863],[102.822,16.875],[102.81,16.892],[102.809,16.915],[102.821,16.938],[102.804,16.955],[102.823,16.973],[102.801,16.988],[102.787,17.016],[102.764,17.026],[102.751,17.042],[102.718,17.054],[102.71,17.087]]]]}},{"type":"Feature","id":248,"properties":{"id":248,"en":"Khao Wong","th":"เขาวง","prov":"กาฬสินธุ์","code":"46"},"geometry":{"type":"MultiPolygon","coordinates":[[[[104.099,16.784],[104.087,16.777],[104.065,16.741],[104.054,16.742],[104.036,16.73],[104.03,16.706],[104.021,16.703],[104.013,16.687],[103.991,16.68],[104.012,16.676],[104.092,16.621],[104.119,16.604],[104.135,16.607],[104.138,16.597],[104.158,16.606],[104.177,16.598],[104.173,16.609],[104.18,16.625],[104.175,16.636],[104.195,16.65],[104.199,16.66],[104.162,16.679],[104.17,16.697],[104.154,16.699],[104.151,16.716],[104.131,16.739],[104.131,16.749],[104.143,16.76],[104.136,16.771],[104.115,16.766],[104.099,16.784]]]]}},{"type":"Feature","id":249,"properties":{"id":249,"en":"Khao Yoi","th":"","prov":"","code":"76"},"geometry":{"type":"MultiPolygon","coordinates":[[[[99.856,13.329],[99.829,13.34],[99.809,13.34],[99.804,13.329],[99.782,13.332],[99.757,13.343],[99.701,13.318],[99.688,13.3],[99.692,13.287],[99.705,13.285],[99.716,13.271],[99.717,13.261],[99.732,13.261],[99.731,13.252],[99.755,13.226],[99.751,13.21],[99.765,13.204],[99.771,13.186],[99.791,13.18],[99.782,13.158],[99.789,13.156],[99.785,13.145],[99.796,13.118],[99.846,13.13],[99.842,13.153],[99.855,13.16],[99.866,13.154],[99.886,13.172],[99.904,13.177],[99.9,13.184],[99.91,13.212],[99.908,13.223],[99.877,13.229],[99.875,13.235],[99.884,13.246],[99.877,13.251],[99.86,13.245],[99.852,13.308],[99.856,13.329]]]]}},{"type":"Feature","id":250,"properties":{"id":250,"en":"Khemarat","th":"เขมราฐ","prov":"อุบลราชธานี","code":"34"},"geometry":{"type":"MultiPolygon","coordinates":[[[[105.01,16],[105.026,15.984],[104.998,15.947],[105.006,15.934],[105.087,15.887],[105.082,15.873],[105.112,15.858],[105.162,15.801],[105.186,15.832],[105.217,15.842],[105.233,15.857],[105.243,15.879],[105.252,15.881],[105.254,15.893],[105.242,15.888],[105.221,15.896],[105.208,15.893],[105.17,15.909],[105.165,15.904],[105.151,15.908],[105.136,15.902],[105.129,15.904],[105.132,15.91],[105.137,15.907],[105.154,15.923],[105.213,15.954],[105.239,15.985],[105.24,16.003],[105.308,15.991],[105.393,15.992],[105.416,15.986],[105.426,15.993],[105.418,16.012],[105.365,16.021],[105.353,16.029],[105.313,16.03],[105.298,16.039],[105.212,16.05],[105.133,16.08],[105.119,16.077],[105.102,16.091],[105.083,16.086],[105.06,16.098],[105.042,16.094],[105.024,16.052],[105.007,16.033],[105.003,16.019],[105.01,16]]]]}},{"type":"Feature","id":251,"properties":{"id":251,"en":"Khian Sa","th":"เคียนซา","prov":"สุราษฎร์ธานี","code":"84"},"geometry":{"type":"MultiPolygon","coordinates":[[[[99.193,8.886],[99.177,8.876],[99.173,8.858],[99.161,8.859],[99.146,8.842],[99.118,8.831],[99.092,8.811],[99.086,8.814],[99.094,8.828],[99.067,8.84],[99.044,8.812],[99.016,8.803],[99.014,8.788],[98.996,8.785],[98.985,8.798],[98.933,8.799],[98.924,8.805],[98.909,8.783],[98.909,8.761],[98.898,8.757],[98.903,8.744],[98.898,8.718],[98.922,8.708],[98.934,8.686],[98.982,8.695],[98.996,8.681],[99.019,8.686],[99.038,8.671],[99.044,8.678],[99.065,8.666],[99.097,8.673],[99.112,8.663],[99.113,8.653],[99.123,8.642],[99.141,8.634],[99.157,8.638],[99.172,8.647],[99.184,8.635],[99.195,8.643],[99.211,8.636],[99.215,8.647],[99.259,8.654],[99.275,8.652],[99.285,8.644],[99.277,8.661],[99.286,8.669],[99.276,8.669],[99.271,8.684],[99.275,8.682],[99.272,8.688],[99.282,8.694],[99.272,8.702],[99.263,8.697],[99.276,8.708],[99.271,8.722],[99.262,8.728],[99.259,8.721],[99.252,8.736],[99.244,8.73],[99.246,8.743],[99.241,8.74],[99.238,8.755],[99.23,8.754],[99.243,8.757],[99.24,8.766],[99.246,8.774],[99.236,8.797],[99.227,8.796],[99.222,8.805],[99.227,8.809],[99.227,8.825],[99.245,8.852],[99.22,8.862],[99.211,8.881],[99.189,8.878],[99.193,8.886]]]]}},{"type":"Feature","id":252,"properties":{"id":252,"en":"Khiri Mat","th":"คีรีมาศ","prov":"สุโขทัย","code":"64"},"geometry":{"type":"MultiPolygon","coordinates":[[[[99.605,16.785],[99.622,16.757],[99.643,16.744],[99.654,16.746],[99.675,16.728],[99.693,16.732],[99.696,16.717],[99.709,16.725],[99.72,16.723],[99.745,16.744],[99.742,16.73],[99.756,16.722],[99.76,16.685],[99.769,16.683],[99.793,16.687],[99.81,16.699],[99.803,16.71],[99.814,16.72],[99.828,16.724],[99.833,16.715],[99.845,16.715],[99.847,16.727],[99.864,16.741],[99.868,16.76],[99.877,16.765],[99.88,16.787],[99.889,16.792],[99.887,16.848],[99.846,16.859],[99.84,16.866],[99.844,16.875],[99.839,16.883],[99.817,16.885],[99.803,16.894],[99.81,16.949],[99.806,16.956],[99.791,16.957],[99.789,16.966],[99.746,16.965],[99.717,16.958],[99.687,16.966],[99.657,16.959],[99.641,16.968],[99.617,16.961],[99.622,16.957],[99.619,16.918],[99.608,16.91],[99.624,16.906],[99.633,16.861],[99.611,16.823],[99.605,16.785]]]]}},{"type":"Feature","id":253,"properties":{"id":253,"en":"Khiri Rat Nikhom","th":"คีรีรัฐนิคม","prov":"สุราษฎร์ธานี","code":"84"},"geometry":{"type":"MultiPolygon","coordinates":[[[[98.92,8.872],[98.902,8.859],[98.898,8.843],[98.886,8.841],[98.884,8.825],[98.895,8.82],[98.905,8.789],[98.914,8.786],[98.924,8.805],[98.933,8.799],[98.985,8.798],[98.996,8.785],[99.014,8.788],[99.02,8.797],[99.016,8.808],[99.043,8.854],[99.045,8.867],[99.034,8.871],[99.01,8.897],[99.054,8.908],[99.082,8.926],[99.072,8.939],[99.07,8.965],[99.062,8.969],[99.071,8.972],[99.076,8.993],[99.073,9.004],[99.062,9.013],[99.061,9.026],[99.069,9.031],[99.073,9.049],[99.066,9.054],[99.068,9.074],[99.044,9.073],[99.026,9.088],[99.026,9.102],[99.018,9.11],[99.027,9.128],[99.005,9.122],[98.995,9.134],[98.985,9.134],[98.971,9.124],[98.963,9.128],[98.951,9.153],[98.915,9.159],[98.908,9.153],[98.895,9.156],[98.891,9.163],[98.876,9.158],[98.771,9.205],[98.784,9.17],[98.8,9.169],[98.803,9.163],[98.801,9.126],[98.811,9.106],[98.807,9.085],[98.816,9.08],[98.823,9.063],[98.813,9.034],[98.821,8.999],[98.875,8.996],[98.901,8.983],[98.893,8.975],[98.945,8.953],[98.95,8.909],[98.941,8.897],[98.939,8.87],[98.92,8.872]]]]}},{"type":"Feature","id":254,"properties":{"id":254,"en":"Khlong Hat","th":"คลองหาด","prov":"สระแก้ว","code":"27"},"geometry":{"type":"MultiPolygon","coordinates":[[[[102.335,13.642],[102.294,13.643],[102.259,13.616],[102.221,13.63],[102.194,13.614],[102.18,13.615],[102.174,13.604],[102.154,13.612],[102.163,13.595],[102.177,13.589],[102.183,13.567],[102.192,13.559],[102.197,13.544],[102.187,13.539],[102.184,13.527],[102.194,13.524],[102.194,13.513],[102.204,13.507],[102.213,13.483],[102.223,13.483],[102.242,13.469],[102.235,13.467],[102.234,13.417],[102.224,13.408],[102.222,13.358],[102.245,13.339],[102.255,13.339],[102.274,13.331],[102.273,13.318],[102.281,13.318],[102.284,13.304],[102.296,13.299],[102.297,13.29],[102.311,13.287],[102.323,13.295],[102.321,13.303],[102.331,13.309],[102.33,13.316],[102.354,13.299],[102.358,13.306],[102.357,13.325],[102.345,13.348],[102.361,13.405],[102.361,13.443],[102.355,13.447],[102.359,13.481],[102.325,13.485],[102.323,13.468],[102.307,13.473],[102.315,13.48],[102.309,13.517],[102.322,13.532],[102.327,13.571],[102.319,13.582],[102.327,13.588],[102.337,13.622],[102.335,13.642]]]]}},{"type":"Feature","id":255,"properties":{"id":255,"en":"Khlong Hoi Khong","th":"คลองหอยโข่ง","prov":"สงขลา","code":"90"},"geometry":{"type":"MultiPolygon","coordinates":[[[[100.211,6.846],[100.206,6.842],[100.227,6.817],[100.237,6.787],[100.26,6.777],[100.266,6.785],[100.269,6.781],[100.278,6.787],[100.304,6.787],[100.309,6.793],[100.334,6.79],[100.342,6.78],[100.353,6.781],[100.358,6.809],[100.38,6.818],[100.386,6.828],[100.397,6.821],[100.408,6.845],[100.426,6.837],[100.44,6.842],[100.45,6.836],[100.465,6.85],[100.468,6.86],[100.458,6.862],[100.459,6.893],[100.447,6.931],[100.44,6.93],[100.44,6.94],[100.421,6.932],[100.402,6.941],[100.343,6.927],[100.316,6.897],[100.302,6.9],[100.274,6.886],[100.248,6.849],[100.238,6.857],[100.211,6.846]]]]}},{"type":"Feature","id":256,"properties":{"id":256,"en":"Khlong Khlung","th":"คลองขลุง","prov":"กำแพงเพชร","code":"62"},"geometry":{"type":"MultiPolygon","coordinates":[[[[99.896,16.236],[99.878,16.26],[99.862,16.258],[99.857,16.266],[99.844,16.264],[99.828,16.274],[99.801,16.268],[99.763,16.283],[99.758,16.288],[99.763,16.295],[99.76,16.303],[99.774,16.31],[99.783,16.329],[99.772,16.347],[99.721,16.347],[99.686,16.323],[99.64,16.302],[99.557,16.294],[99.553,16.286],[99.539,16.284],[99.532,16.267],[99.513,16.267],[99.5,16.256],[99.49,16.246],[99.479,16.214],[99.483,16.197],[99.476,16.186],[99.497,16.153],[99.508,16.152],[99.539,16.156],[99.549,16.149],[99.587,16.162],[99.612,16.156],[99.631,16.163],[99.66,16.155],[99.664,16.139],[99.651,16.129],[99.668,16.122],[99.684,16.132],[99.712,16.125],[99.72,16.134],[99.756,16.129],[99.783,16.138],[99.792,16.129],[99.805,16.14],[99.828,16.14],[99.84,16.154],[99.855,16.155],[99.877,16.169],[99.878,16.204],[99.896,16.236]]]]}},{"type":"Feature","id":257,"properties":{"id":257,"en":"Khlong Khuean","th":"","prov":"","code":"24"},"geometry":{"type":"MultiPolygon","coordinates":[[[[101.15,13.852],[101.129,13.845],[101.123,13.831],[101.112,13.837],[101.103,13.835],[101.118,13.794],[101.115,13.779],[101.124,13.773],[101.12,13.751],[101.128,13.738],[101.134,13.739],[101.141,13.713],[101.15,13.71],[101.157,13.695],[101.166,13.699],[101.168,13.712],[101.18,13.714],[101.186,13.726],[101.2,13.723],[101.21,13.74],[101.18,13.735],[101.17,13.754],[101.179,13.761],[101.182,13.751],[101.192,13.748],[101.194,13.76],[101.204,13.767],[101.202,13.78],[101.191,13.785],[101.197,13.795],[101.181,13.798],[101.188,13.809],[101.169,13.825],[101.157,13.826],[101.162,13.853],[101.15,13.852]]]]}},{"type":"Feature","id":258,"properties":{"id":258,"en":"Khlong Lan","th":"คลองลาน","prov":"กำแพงเพชร","code":"62"},"geometry":{"type":"MultiPolygon","coordinates":[[[[99.422,16.146],[99.425,16.178],[99.442,16.186],[99.423,16.198],[99.427,16.225],[99.401,16.236],[99.375,16.238],[99.348,16.268],[99.354,16.284],[99.365,16.292],[99.386,16.29],[99.42,16.349],[99.4,16.342],[99.388,16.355],[99.368,16.351],[99.363,16.374],[99.351,16.373],[99.339,16.385],[99.311,16.394],[99.302,16.405],[99.309,16.423],[99.298,16.425],[99.28,16.455],[99.26,16.461],[99.262,16.465],[99.243,16.486],[99.219,16.479],[99.211,16.468],[99.206,16.473],[99.201,16.462],[99.178,16.443],[99.17,16.449],[99.163,16.444],[99.156,16.454],[99.132,16.444],[99.114,16.443],[99.116,16.431],[99.125,16.43],[99.127,16.42],[99.101,16.389],[99.073,16.394],[99.065,16.406],[99.031,16.422],[99.02,16.419],[99.016,16.387],[99.022,16.382],[99.036,16.384],[99.042,16.375],[99.043,16.339],[99.052,16.334],[99.053,16.323],[99.053,16.309],[99.042,16.292],[99.049,16.26],[99.081,16.209],[99.068,16.165],[99.051,16.161],[99.05,16.138],[99.081,16.125],[99.094,16.103],[99.107,16.102],[99.108,16.085],[99.118,16.094],[99.131,16.089],[99.145,16.093],[99.163,16.108],[99.171,16.107],[99.216,16.064],[99.228,16.042],[99.245,16.041],[99.246,16.032],[99.253,16.031],[99.276,16.044],[99.298,16.045],[99.307,16.056],[99.313,16.052],[99.32,16.07],[99.336,16.06],[99.346,16.063],[99.352,16.056],[99.371,16.058],[99.389,16.074],[99.396,16.065],[99.399,16.075],[99.404,16.073],[99.414,16.084],[99.428,16.086],[99.438,16.099],[99.454,16.101],[99.453,16.122],[99.421,16.13],[99.418,16.142],[99.422,16.146]]]]}},{"type":"Feature","id":259,"properties":{"id":259,"en":"Khlong Luang","th":"คลองหลวง","prov":"ปทุมธานี","code":"13"},"geometry":{"type":"MultiPolygon","coordinates":[[[[100.582,14.129],[100.601,13.996],[100.679,14.01],[100.756,14.045],[100.755,14.211],[100.62,14.143],[100.62,14.129],[100.607,14.136],[100.582,14.129]]]]}},{"type":"Feature","id":262,"properties":{"id":262,"en":"Khlong Thom","th":"คลองท่อม","prov":"กระบี่","code":"81"},"geometry":{"type":"MultiPolygon","coordinates":[[[[99.159,8.178],[99.144,8.176],[99.142,8.169],[99.124,8.161],[99.111,8.136],[99.118,8.133],[99.117,8.126],[99.099,8.103],[99.108,8.087],[99.098,8.052],[99.091,8.047],[99.091,8.032],[99.099,8.027],[99.095,8.01],[99.104,7.992],[99.106,7.977],[99.099,7.972],[99.102,7.953],[99.08,7.942],[99.069,7.925],[99.07,7.916],[99.082,7.92],[99.084,7.911],[99.064,7.854],[99.073,7.852],[99.08,7.84],[99.1,7.843],[99.097,7.831],[99.102,7.82],[99.117,7.826],[99.129,7.817],[99.137,7.752],[99.146,7.741],[99.153,7.742],[99.169,7.729],[99.179,7.703],[99.195,7.692],[99.203,7.697],[99.206,7.687],[99.196,7.671],[99.204,7.67],[99.213,7.679],[99.227,7.672],[99.236,7.678],[99.259,7.657],[99.279,7.681],[99.287,7.68],[99.292,7.69],[99.301,7.689],[99.308,7.701],[99.313,7.734],[99.306,7.755],[99.289,7.763],[99.288,7.775],[99.302,7.791],[99.303,7.806],[99.287,7.81],[99.294,7.825],[99.279,7.849],[99.297,7.864],[99.32,7.869],[99.332,7.883],[99.339,7.911],[99.332,7.935],[99.302,7.982],[99.302,7.999],[99.286,7.994],[99.272,8.042],[99.256,8.058],[99.263,8.078],[99.256,8.081],[99.253,8.098],[99.239,8.103],[99.232,8.122],[99.217,8.126],[99.215,8.153],[99.226,8.157],[99.223,8.171],[99.182,8.157],[99.172,8.16],[99.171,8.175],[99.159,8.178]]]]}},{"type":"Feature","id":264,"properties":{"id":264,"en":"Khlong Yai","th":"คลองใหญ่","prov":"ตราด","code":"23"},"geometry":{"type":"MultiPolygon","coordinates":[[[[102.768,11.984],[102.785,11.944],[102.782,11.929],[102.773,11.924],[102.775,11.912],[102.87,11.791],[102.9,11.736],[102.893,11.733],[102.901,11.732],[102.907,11.712],[102.901,11.687],[102.906,11.656],[102.909,11.65],[102.916,11.654],[102.912,11.703],[102.912,11.746],[102.905,11.768],[102.892,11.787],[102.882,11.79],[102.886,11.8],[102.867,11.806],[102.863,11.824],[102.853,11.826],[102.835,11.854],[102.82,11.89],[102.816,11.934],[102.801,11.949],[102.791,11.976],[102.784,11.978],[102.782,11.985],[102.779,11.97],[102.768,11.984]]]]}},{"type":"Feature","id":265,"properties":{"id":265,"en":"Khlung","th":"ขลุง","prov":"จันทบุรี","code":"22"},"geometry":{"type":"MultiPolygon","coordinates":[[[[102.241,12.296],[102.235,12.297],[102.238,12.286],[102.241,12.296]]],[[[102.491,12.757],[102.48,12.753],[102.457,12.762],[102.444,12.757],[102.432,12.765],[102.424,12.758],[102.41,12.773],[102.395,12.758],[102.378,12.761],[102.371,12.78],[102.376,12.79],[102.365,12.805],[102.352,12.813],[102.328,12.814],[102.321,12.809],[102.326,12.791],[102.314,12.757],[102.326,12.741],[102.322,12.734],[102.333,12.725],[102.333,12.715],[102.316,12.72],[102.307,12.715],[102.302,12.722],[102.3,12.716],[102.286,12.722],[102.276,12.716],[102.283,12.704],[102.281,12.683],[102.299,12.652],[102.297,12.641],[102.262,12.64],[102.236,12.615],[102.206,12.582],[102.21,12.532],[102.169,12.513],[102.148,12.494],[102.15,12.48],[102.169,12.47],[102.162,12.458],[102.169,12.457],[102.166,12.449],[102.179,12.437],[102.193,12.431],[102.217,12.439],[102.222,12.42],[102.201,12.39],[102.212,12.368],[102.201,12.356],[102.223,12.329],[102.254,12.307],[102.258,12.293],[102.265,12.3],[102.309,12.303],[102.338,12.327],[102.347,12.342],[102.345,12.361],[102.372,12.388],[102.368,12.403],[102.325,12.427],[102.33,12.445],[102.32,12.453],[102.337,12.464],[102.342,12.477],[102.333,12.499],[102.338,12.514],[102.315,12.524],[102.317,12.537],[102.305,12.556],[102.337,12.564],[102.345,12.589],[102.359,12.597],[102.376,12.596],[102.38,12.583],[102.397,12.574],[102.399,12.567],[102.423,12.569],[102.419,12.579],[102.388,12.604],[102.388,12.61],[102.397,12.608],[102.396,12.615],[102.402,12.615],[102.39,12.633],[102.394,12.64],[102.384,12.662],[102.385,12.68],[102.394,12.679],[102.393,12.687],[102.403,12.693],[102.401,12.699],[102.424,12.711],[102.425,12.723],[102.431,12.723],[102.441,12.737],[102.474,12.736],[102.491,12.757]]]]}},{"type":"Feature","id":266,"properties":{"id":266,"en":"Kho Wang","th":"ค้อวัง","prov":"ยโสธร","code":"35"},"geometry":{"type":"MultiPolygon","coordinates":[[[[104.407,15.289],[104.409,15.324],[104.413,15.33],[104.431,15.327],[104.447,15.345],[104.433,15.347],[104.439,15.36],[104.432,15.378],[104.434,15.368],[104.418,15.366],[104.407,15.388],[104.392,15.386],[104.383,15.393],[104.383,15.401],[104.392,15.406],[104.386,15.443],[104.372,15.457],[104.361,15.46],[104.353,15.433],[104.333,15.428],[104.31,15.441],[104.299,15.43],[104.276,15.434],[104.264,15.419],[104.233,15.403],[104.244,15.378],[104.274,15.366],[104.297,15.345],[104.354,15.345],[104.369,15.321],[104.377,15.331],[104.384,15.33],[104.388,15.313],[104.382,15.295],[104.407,15.289]]]]}},{"type":"Feature","id":267,"properties":{"id":267,"en":"Khok Charoen","th":"โคกเจริญ","prov":"ลพบุรี","code":"16"},"geometry":{"type":"MultiPolygon","coordinates":[[[[100.977,15.336],[100.984,15.346],[100.977,15.359],[100.977,15.401],[100.973,15.405],[100.977,15.415],[100.947,15.407],[100.931,15.416],[100.931,15.427],[100.924,15.433],[100.932,15.466],[100.929,15.488],[100.904,15.496],[100.9,15.513],[100.888,15.518],[100.885,15.529],[100.853,15.525],[100.854,15.548],[100.839,15.563],[100.791,15.538],[100.769,15.534],[100.758,15.526],[100.759,15.519],[100.746,15.513],[100.753,15.502],[100.766,15.499],[100.771,15.491],[100.766,15.485],[100.772,15.466],[100.762,15.461],[100.734,15.447],[100.717,15.448],[100.71,15.44],[100.69,15.446],[100.707,15.424],[100.728,15.41],[100.725,15.388],[100.732,15.387],[100.733,15.368],[100.727,15.357],[100.735,15.341],[100.781,15.328],[100.8,15.315],[100.817,15.332],[100.85,15.32],[100.87,15.325],[100.944,15.291],[100.953,15.291],[100.952,15.314],[100.977,15.336]]]]}},{"type":"Feature","id":268,"properties":{"id":268,"en":"Khok Pho","th":"โคกโพธิ์","prov":"ปัตตานี","code":"94"},"geometry":{"type":"MultiPolygon","coordinates":[[[[101.208,6.723],[101.196,6.732],[101.185,6.761],[101.153,6.761],[101.143,6.772],[101.124,6.778],[101.115,6.791],[101.08,6.791],[101.054,6.801],[101.029,6.78],[101.032,6.742],[101.017,6.726],[101.04,6.719],[101.039,6.706],[101.057,6.713],[101.064,6.685],[101.049,6.663],[101.069,6.644],[101.101,6.637],[101.104,6.628],[101.112,6.628],[101.134,6.609],[101.15,6.61],[101.179,6.599],[101.214,6.596],[101.224,6.606],[101.202,6.634],[101.198,6.647],[101.206,6.651],[101.184,6.662],[101.188,6.696],[101.208,6.723]]]]}},{"type":"Feature","id":269,"properties":{"id":269,"en":"Khok Pho Chai","th":"","prov":"","code":"40"},"geometry":{"type":"MultiPolygon","coordinates":[[[[102.493,16.079],[102.479,16.096],[102.465,16.101],[102.466,16.117],[102.451,16.127],[102.447,16.154],[102.415,16.153],[102.414,16.14],[102.42,16.131],[102.413,16.107],[102.408,16.107],[102.401,16.133],[102.381,16.156],[102.345,16.161],[102.315,16.115],[102.283,16.086],[102.28,16.072],[102.286,16.07],[102.302,16.038],[102.313,16.042],[102.327,16.03],[102.337,16.039],[102.344,16.035],[102.352,16.026],[102.351,16.01],[102.359,16.003],[102.37,16.003],[102.373,15.996],[102.384,15.997],[102.39,15.978],[102.392,15.987],[102.41,15.983],[102.413,15.995],[102.418,15.991],[102.421,15.998],[102.423,15.991],[102.435,16.005],[102.43,16.01],[102.439,16.015],[102.433,16.015],[102.433,16.025],[102.454,16.029],[102.453,16.046],[102.446,16.054],[102.464,16.06],[102.481,16.051],[102.481,16.062],[102.49,16.064],[102.493,16.079]]]]}},{"type":"Feature","id":270,"properties":{"id":270,"en":"Khok Samrong","th":"โคกสำโรง","prov":"ลพบุรี","code":"16"},"geometry":{"type":"MultiPolygon","coordinates":[[[[100.611,14.936],[100.662,14.94],[100.679,14.949],[100.682,14.957],[100.711,14.962],[100.741,14.949],[100.758,14.924],[100.783,14.924],[100.83,14.941],[100.834,14.972],[100.824,14.977],[100.84,14.978],[100.856,14.969],[100.874,14.972],[100.871,14.991],[100.88,14.999],[100.9,14.998],[100.908,15.004],[100.9,15.012],[100.911,15.029],[100.9,15.035],[100.924,15.069],[100.933,15.102],[100.935,15.166],[100.898,15.148],[100.856,15.155],[100.836,15.149],[100.804,15.151],[100.791,15.14],[100.78,15.142],[100.783,15.161],[100.775,15.157],[100.767,15.171],[100.743,15.187],[100.716,15.183],[100.7,15.168],[100.636,15.141],[100.646,15.124],[100.641,15.121],[100.647,15.076],[100.658,15.064],[100.624,15.037],[100.611,15.037],[100.611,15.03],[100.62,15.025],[100.615,15.014],[100.622,14.996],[100.606,14.981],[100.624,14.975],[100.618,14.954],[100.622,14.949],[100.611,14.936]]]]}},{"type":"Feature","id":271,"properties":{"id":271,"en":"Khok Si Suphan","th":"โคกศรีสุพรรณ","prov":"สกลนคร","code":"47"},"geometry":{"type":"MultiPolygon","coordinates":[[[[104.327,17.131],[104.315,17.136],[104.277,17.085],[104.266,17.082],[104.259,17.07],[104.235,17.067],[104.238,17.042],[104.226,17.035],[104.218,17.037],[104.212,17.027],[104.198,17.021],[104.199,16.991],[104.207,16.989],[104.222,16.97],[104.246,16.967],[104.267,16.92],[104.286,16.929],[104.301,16.927],[104.321,16.968],[104.318,16.976],[104.331,16.975],[104.351,16.985],[104.357,17.006],[104.398,17.023],[104.395,17.038],[104.383,17.036],[104.384,17.046],[104.363,17.057],[104.362,17.065],[104.353,17.06],[104.351,17.069],[104.362,17.073],[104.364,17.08],[104.359,17.095],[104.363,17.103],[104.353,17.104],[104.353,17.115],[104.341,17.111],[104.336,17.115],[104.34,17.12],[104.329,17.123],[104.327,17.131]]]]}},{"type":"Feature","id":272,"properties":{"id":272,"en":"Khok Sung","th":"","prov":"","code":"27"},"geometry":{"type":"MultiPolygon","coordinates":[[[[102.656,13.736],[102.688,13.75],[102.712,13.77],[102.732,13.773],[102.733,13.785],[102.724,13.794],[102.767,13.857],[102.732,13.874],[102.72,13.893],[102.706,13.9],[102.676,13.897],[102.671,13.908],[102.68,13.928],[102.649,13.905],[102.644,13.927],[102.582,13.946],[102.574,13.937],[102.533,13.94],[102.53,13.93],[102.538,13.926],[102.537,13.917],[102.544,13.913],[102.545,13.905],[102.534,13.892],[102.545,13.868],[102.535,13.863],[102.536,13.853],[102.656,13.736]]]]}},{"type":"Feature","id":273,"properties":{"id":273,"en":"Khon Buri","th":"ครบุรี","prov":"นครราชสีมา","code":"30"},"geometry":{"type":"MultiPolygon","coordinates":[[[[102.131,14.64],[102.1,14.626],[102.094,14.602],[102.098,14.595],[102.042,14.539],[102.045,14.531],[102.031,14.522],[102.051,14.513],[102.04,14.479],[102.046,14.47],[102.045,14.452],[102.063,14.425],[102.054,14.408],[102.069,14.406],[102.055,14.391],[102.07,14.357],[102.065,14.348],[102.049,14.344],[102.045,14.325],[102.025,14.318],[102.021,14.299],[102.011,14.296],[102.011,14.287],[102.001,14.282],[102.018,14.255],[102.015,14.243],[101.995,14.231],[101.967,14.228],[102.007,14.203],[102.035,14.198],[102.069,14.166],[102.12,14.149],[102.133,14.138],[102.168,14.144],[102.172,14.16],[102.166,14.172],[102.182,14.196],[102.196,14.191],[102.203,14.177],[102.212,14.174],[102.21,14.154],[102.217,14.145],[102.248,14.14],[102.269,14.147],[102.272,14.129],[102.289,14.135],[102.307,14.12],[102.326,14.128],[102.335,14.121],[102.357,14.132],[102.367,14.201],[102.362,14.223],[102.376,14.239],[102.355,14.273],[102.364,14.292],[102.379,14.3],[102.367,14.315],[102.38,14.34],[102.365,14.354],[102.366,14.374],[102.373,14.375],[102.379,14.399],[102.38,14.468],[102.393,14.501],[102.413,14.524],[102.415,14.562],[102.431,14.592],[102.375,14.604],[102.367,14.62],[102.354,14.607],[102.331,14.599],[102.281,14.613],[102.241,14.615],[102.226,14.598],[102.17,14.592],[102.166,14.613],[102.16,14.607],[102.157,14.615],[102.15,14.615],[102.153,14.65],[102.131,14.64]]]]}},{"type":"Feature","id":274,"properties":{"id":274,"en":"Khon San","th":"คอนสาร","prov":"ชัยภูมิ","code":"36"},"geometry":{"type":"MultiPolygon","coordinates":[[[[101.955,16.63],[101.938,16.636],[101.92,16.627],[101.91,16.634],[101.905,16.628],[101.906,16.635],[101.89,16.645],[101.874,16.642],[101.869,16.65],[101.854,16.65],[101.853,16.658],[101.833,16.658],[101.823,16.65],[101.82,16.655],[101.805,16.653],[101.774,16.629],[101.779,16.647],[101.765,16.655],[101.754,16.652],[101.751,16.668],[101.744,16.67],[101.741,16.661],[101.725,16.652],[101.689,16.687],[101.655,16.689],[101.636,16.681],[101.62,16.685],[101.604,16.707],[101.59,16.708],[101.586,16.723],[101.553,16.728],[101.553,16.711],[101.571,16.691],[101.577,16.661],[101.572,16.648],[101.565,16.648],[101.526,16.68],[101.511,16.677],[101.511,16.647],[101.526,16.621],[101.5,16.61],[101.494,16.571],[101.5,16.572],[101.497,16.561],[101.508,16.555],[101.51,16.559],[101.52,16.55],[101.515,16.543],[101.503,16.546],[101.505,16.539],[101.496,16.54],[101.483,16.524],[101.472,16.529],[101.464,16.501],[101.473,16.489],[101.473,16.477],[101.449,16.452],[101.456,16.454],[101.493,16.43],[101.507,16.431],[101.522,16.402],[101.541,16.398],[101.545,16.39],[101.569,16.38],[101.583,16.394],[101.656,16.427],[101.676,16.423],[101.675,16.441],[101.681,16.451],[101.702,16.456],[101.704,16.468],[101.724,16.467],[101.726,16.454],[101.732,16.464],[101.749,16.458],[101.749,16.484],[101.782,16.457],[101.796,16.453],[101.798,16.444],[101.805,16.441],[101.811,16.445],[101.809,16.466],[101.816,16.478],[101.837,16.479],[101.853,16.493],[101.858,16.489],[101.891,16.496],[101.928,16.481],[101.957,16.483],[101.967,16.467],[101.977,16.47],[102.015,16.458],[102.044,16.461],[102.074,16.501],[102.038,16.512],[102.023,16.559],[102.006,16.558],[101.988,16.566],[101.992,16.585],[101.977,16.587],[101.983,16.59],[101.977,16.61],[101.972,16.615],[101.969,16.612],[101.969,16.618],[101.955,16.617],[101.951,16.623],[101.955,16.63]]]]}},{"type":"Feature","id":275,"properties":{"id":275,"en":"Khon Sawan","th":"คอนสวรรค์","prov":"ชัยภูมิ","code":"36"},"geometry":{"type":"MultiPolygon","coordinates":[[[[102.141,15.982],[102.174,15.937],[102.184,15.902],[102.208,15.881],[102.209,15.86],[102.221,15.827],[102.231,15.821],[102.234,15.811],[102.23,15.799],[102.245,15.798],[102.24,15.781],[102.253,15.77],[102.258,15.772],[102.257,15.782],[102.27,15.785],[102.276,15.781],[102.307,15.792],[102.312,15.808],[102.328,15.803],[102.326,15.821],[102.319,15.826],[102.324,15.834],[102.316,15.847],[102.321,15.848],[102.32,15.865],[102.338,15.874],[102.356,15.909],[102.362,15.929],[102.355,15.931],[102.364,15.932],[102.369,15.948],[102.375,15.946],[102.365,15.965],[102.372,15.968],[102.372,15.975],[102.386,15.981],[102.387,15.993],[102.375,16],[102.373,15.996],[102.368,16.007],[102.364,16.001],[102.355,16.005],[102.352,16.026],[102.344,16.035],[102.337,16.039],[102.327,16.03],[102.313,16.042],[102.302,16.038],[102.286,16.07],[102.269,16.073],[102.25,16.06],[102.183,15.989],[102.164,15.981],[102.141,15.982]]]]}},{"type":"Feature","id":276,"properties":{"id":276,"en":"Khong","th":"คง","prov":"นครราชสีมา","code":"30"},"geometry":{"type":"MultiPolygon","coordinates":[[[[102.033,15.502],[102.035,15.478],[102.01,15.458],[102.017,15.448],[102.048,15.433],[102.044,15.415],[102.061,15.413],[102.088,15.432],[102.175,15.463],[102.227,15.466],[102.255,15.447],[102.262,15.427],[102.294,15.407],[102.291,15.371],[102.32,15.384],[102.37,15.369],[102.376,15.361],[102.34,15.32],[102.34,15.292],[102.348,15.279],[102.387,15.281],[102.4,15.298],[102.41,15.272],[102.421,15.274],[102.43,15.296],[102.442,15.3],[102.442,15.311],[102.457,15.319],[102.454,15.325],[102.478,15.338],[102.485,15.337],[102.485,15.346],[102.5,15.347],[102.496,15.356],[102.508,15.358],[102.508,15.368],[102.529,15.37],[102.526,15.379],[102.505,15.394],[102.461,15.412],[102.433,15.399],[102.47,15.459],[102.461,15.467],[102.435,15.469],[102.378,15.5],[102.365,15.493],[102.349,15.504],[102.332,15.502],[102.318,15.526],[102.29,15.53],[102.247,15.547],[102.245,15.539],[102.221,15.52],[102.191,15.519],[102.179,15.53],[102.165,15.526],[102.155,15.541],[102.149,15.535],[102.11,15.542],[102.103,15.54],[102.109,15.534],[102.103,15.527],[102.033,15.502]]]]}},{"type":"Feature","id":277,"properties":{"id":277,"en":"Khong Chai","th":"ฆ้องชัย","prov":"กาฬสินธุ์","code":"46"},"geometry":{"type":"MultiPolygon","coordinates":[[[[103.548,16.214],[103.549,16.23],[103.529,16.27],[103.513,16.265],[103.498,16.281],[103.475,16.271],[103.475,16.285],[103.453,16.276],[103.464,16.311],[103.498,16.301],[103.524,16.318],[103.515,16.343],[103.482,16.34],[103.452,16.32],[103.423,16.315],[103.418,16.306],[103.404,16.257],[103.415,16.239],[103.432,16.233],[103.439,16.224],[103.447,16.228],[103.448,16.218],[103.443,16.216],[103.448,16.213],[103.44,16.206],[103.451,16.205],[103.444,16.198],[103.456,16.192],[103.448,16.192],[103.453,16.182],[103.472,16.192],[103.48,16.208],[103.493,16.203],[103.504,16.209],[103.502,16.2],[103.517,16.195],[103.532,16.219],[103.54,16.222],[103.535,16.213],[103.548,16.214]]]]}},{"type":"Feature","id":278,"properties":{"id":278,"en":"Khong Chiam","th":"โขงเจียม","prov":"อุบลราชธานี","code":"34"},"geometry":{"type":"MultiPolygon","coordinates":[[[[105.556,15.258],[105.583,15.26],[105.592,15.274],[105.582,15.306],[105.585,15.316],[105.574,15.329],[105.504,15.316],[105.473,15.336],[105.468,15.352],[105.493,15.386],[105.561,15.399],[105.578,15.408],[105.592,15.425],[105.603,15.48],[105.593,15.51],[105.608,15.546],[105.625,15.565],[105.637,15.633],[105.632,15.667],[105.581,15.623],[105.496,15.569],[105.479,15.541],[105.455,15.519],[105.422,15.52],[105.411,15.483],[105.386,15.483],[105.381,15.472],[105.39,15.467],[105.399,15.447],[105.394,15.431],[105.389,15.428],[105.387,15.398],[105.402,15.381],[105.363,15.368],[105.345,15.371],[105.351,15.363],[105.346,15.336],[105.353,15.326],[105.364,15.324],[105.367,15.301],[105.371,15.296],[105.406,15.303],[105.446,15.264],[105.467,15.278],[105.468,15.303],[105.485,15.301],[105.495,15.31],[105.495,15.289],[105.501,15.282],[105.523,15.276],[105.531,15.294],[105.548,15.28],[105.544,15.264],[105.556,15.258]]]]}},{"type":"Feature","id":279,"properties":{"id":279,"en":"Khu Mueang","th":"","prov":"","code":"31"},"geometry":{"type":"MultiPolygon","coordinates":[[[[103.134,15.24],[103.087,15.249],[103.086,15.257],[103.071,15.263],[103.06,15.262],[103.057,15.251],[103.05,15.253],[103.044,15.247],[103.03,15.251],[103.033,15.291],[103.046,15.303],[103.064,15.36],[103.085,15.383],[103.102,15.388],[103.099,15.402],[103.107,15.409],[103.089,15.421],[103.1,15.43],[103.097,15.437],[103.092,15.432],[103.083,15.435],[103.086,15.427],[103.071,15.431],[103.068,15.426],[103.062,15.431],[103.063,15.443],[103.057,15.433],[103.051,15.444],[103.057,15.449],[103.049,15.453],[103.044,15.44],[103.034,15.443],[103.022,15.43],[103.01,15.437],[103.007,15.433],[103.012,15.43],[103.001,15.428],[102.993,15.414],[102.981,15.427],[102.982,15.416],[102.976,15.429],[102.965,15.419],[102.967,15.408],[102.958,15.403],[102.962,15.407],[102.957,15.411],[102.952,15.404],[102.955,15.383],[102.986,15.374],[102.977,15.344],[102.985,15.322],[102.952,15.313],[102.968,15.291],[102.955,15.272],[102.961,15.264],[102.959,15.219],[102.986,15.198],[103.007,15.202],[103.02,15.195],[103.005,15.181],[102.983,15.112],[103.001,15.119],[103.003,15.129],[103.017,15.134],[103.048,15.117],[103.063,15.135],[103.08,15.132],[103.088,15.143],[103.124,15.136],[103.144,15.143],[103.151,15.152],[103.148,15.178],[103.129,15.203],[103.134,15.24]]]]}},{"type":"Feature","id":280,"properties":{"id":280,"en":"Khuan Don","th":"ควนโดน","prov":"สตูล","code":"91"},"geometry":{"type":"MultiPolygon","coordinates":[[[[100.192,6.809],[100.158,6.819],[100.132,6.815],[100.121,6.821],[100.091,6.818],[100.081,6.841],[100.072,6.837],[100.044,6.843],[100.04,6.837],[100.025,6.839],[100.016,6.825],[99.999,6.823],[100.007,6.805],[100.018,6.801],[100.028,6.792],[100.04,6.795],[100.057,6.758],[100.054,6.754],[100.084,6.74],[100.078,6.724],[100.098,6.721],[100.102,6.73],[100.11,6.728],[100.119,6.722],[100.124,6.689],[100.133,6.692],[100.171,6.682],[100.179,6.683],[100.171,6.693],[100.179,6.697],[100.186,6.717],[100.207,6.73],[100.207,6.749],[100.216,6.758],[100.193,6.788],[100.192,6.809]]]]}},{"type":"Feature","id":281,"properties":{"id":281,"en":"Khuan Kalong","th":"ควนกาหลง","prov":"สตูล","code":"91"},"geometry":{"type":"MultiPolygon","coordinates":[[[[100.207,6.896],[100.186,6.912],[100.168,6.912],[100.146,6.925],[100.122,6.924],[100.12,6.936],[100.102,6.949],[100.095,6.965],[100.079,6.963],[100.083,6.998],[100.063,7.018],[100.066,7.031],[100.075,7.033],[100.079,7.041],[100.064,7.057],[100.055,7.095],[100.057,7.108],[100.052,7.11],[100.038,7.109],[100.026,7.079],[100.002,7.063],[99.992,7.067],[99.992,7.057],[99.972,7.041],[99.985,7.024],[99.987,6.999],[99.982,6.987],[99.986,6.976],[100.005,6.968],[100.001,6.949],[99.922,6.928],[99.917,6.92],[99.904,6.923],[99.898,6.914],[99.888,6.911],[99.865,6.912],[99.863,6.885],[99.872,6.88],[99.87,6.873],[99.883,6.869],[99.889,6.877],[99.926,6.875],[99.954,6.881],[99.954,6.866],[99.971,6.861],[99.962,6.84],[99.983,6.832],[99.99,6.82],[100.016,6.825],[100.025,6.839],[100.04,6.837],[100.044,6.843],[100.06,6.843],[100.072,6.837],[100.081,6.841],[100.091,6.818],[100.121,6.821],[100.132,6.815],[100.158,6.819],[100.184,6.809],[100.196,6.815],[100.199,6.836],[100.211,6.843],[100.211,6.857],[100.221,6.871],[100.207,6.896]]]]}},{"type":"Feature","id":282,"properties":{"id":282,"en":"Khuan Khanun","th":"ควนขนุน","prov":"พัทลุง","code":"93"},"geometry":{"type":"MultiPolygon","coordinates":[[[[99.985,7.863],[99.981,7.847],[99.994,7.845],[99.98,7.801],[99.933,7.796],[99.94,7.779],[99.919,7.768],[99.923,7.715],[99.906,7.689],[99.929,7.673],[99.928,7.665],[99.938,7.659],[99.976,7.662],[99.979,7.641],[99.998,7.635],[100.015,7.639],[100.054,7.656],[100.057,7.694],[100.068,7.699],[100.072,7.712],[100.085,7.71],[100.11,7.731],[100.135,7.738],[100.144,7.728],[100.218,7.712],[100.217,7.728],[100.177,7.876],[100.141,7.868],[100.127,7.878],[100.104,7.878],[100.092,7.871],[100.073,7.841],[100.064,7.844],[100.056,7.838],[100.034,7.847],[100.019,7.845],[99.985,7.863]]]]}},{"type":"Feature","id":283,"properties":{"id":283,"en":"Khuan Niang","th":"ควนเนียง","prov":"สงขลา","code":"90"},"geometry":{"type":"MultiPolygon","coordinates":[[[[100.462,7.187],[100.439,7.25],[100.424,7.261],[100.401,7.263],[100.388,7.273],[100.377,7.313],[100.374,7.304],[100.357,7.298],[100.36,7.278],[100.342,7.275],[100.342,7.251],[100.335,7.239],[100.317,7.231],[100.34,7.208],[100.339,7.19],[100.329,7.175],[100.325,7.141],[100.338,7.137],[100.338,7.129],[100.35,7.124],[100.334,7.103],[100.332,7.088],[100.34,7.078],[100.352,7.074],[100.384,7.086],[100.4,7.085],[100.407,7.091],[100.411,7.11],[100.43,7.127],[100.429,7.134],[100.438,7.133],[100.437,7.144],[100.446,7.149],[100.462,7.187]]]]}},{"type":"Feature","id":284,"properties":{"id":284,"en":"Khueang Nai","th":"เขื่องใน","prov":"อุบลราชธานี","code":"34"},"geometry":{"type":"MultiPolygon","coordinates":[[[[104.512,15.564],[104.499,15.568],[104.5,15.559],[104.481,15.537],[104.442,15.555],[104.431,15.539],[104.413,15.536],[104.4,15.546],[104.386,15.536],[104.384,15.494],[104.39,15.49],[104.372,15.457],[104.386,15.443],[104.392,15.406],[104.383,15.401],[104.383,15.393],[104.392,15.386],[104.407,15.388],[104.418,15.366],[104.434,15.368],[104.432,15.378],[104.439,15.36],[104.433,15.347],[104.447,15.345],[104.431,15.327],[104.413,15.33],[104.409,15.324],[104.407,15.289],[104.453,15.279],[104.47,15.268],[104.504,15.268],[104.523,15.253],[104.577,15.252],[104.575,15.257],[104.59,15.269],[104.602,15.269],[104.609,15.282],[104.616,15.264],[104.621,15.275],[104.642,15.272],[104.644,15.243],[104.661,15.236],[104.652,15.246],[104.658,15.258],[104.665,15.258],[104.679,15.226],[104.69,15.225],[104.682,15.238],[104.692,15.254],[104.691,15.271],[104.709,15.286],[104.708,15.307],[104.698,15.309],[104.692,15.321],[104.673,15.334],[104.684,15.358],[104.688,15.402],[104.677,15.399],[104.674,15.383],[104.658,15.388],[104.651,15.42],[104.656,15.444],[104.648,15.454],[104.633,15.444],[104.63,15.465],[104.64,15.459],[104.629,15.479],[104.63,15.489],[104.614,15.489],[104.609,15.482],[104.596,15.499],[104.596,15.513],[104.571,15.514],[104.572,15.534],[104.56,15.545],[104.566,15.556],[104.553,15.555],[104.546,15.542],[104.536,15.552],[104.528,15.551],[104.526,15.558],[104.511,15.56],[104.512,15.564]]]]}},{"type":"Feature","id":285,"properties":{"id":285,"en":"Khukhan","th":"ขุขันธ์","prov":"ศรีสะเกษ","code":"33"},"geometry":{"type":"MultiPolygon","coordinates":[[[[104.057,14.622],[104.085,14.626],[104.093,14.615],[104.12,14.613],[104.121,14.628],[104.135,14.631],[104.136,14.637],[104.155,14.631],[104.167,14.639],[104.192,14.631],[104.198,14.583],[104.211,14.577],[104.248,14.579],[104.249,14.555],[104.241,14.544],[104.26,14.529],[104.256,14.502],[104.262,14.509],[104.288,14.516],[104.286,14.532],[104.295,14.54],[104.287,14.547],[104.285,14.604],[104.313,14.648],[104.285,14.676],[104.296,14.704],[104.311,14.717],[104.296,14.734],[104.311,14.749],[104.305,14.79],[104.29,14.797],[104.275,14.831],[104.293,14.887],[104.272,14.897],[104.218,14.895],[104.193,14.882],[104.138,14.9],[104.134,14.886],[104.131,14.873],[104.137,14.856],[104.127,14.847],[104.128,14.826],[104.12,14.813],[104.12,14.79],[104.128,14.774],[104.124,14.769],[104.067,14.767],[104.041,14.759],[104.037,14.749],[103.999,14.748],[104.004,14.721],[104.049,14.674],[104.056,14.652],[104.051,14.633],[104.057,14.622]]]]}},{"type":"Feature","id":286,"properties":{"id":286,"en":"Khun Han","th":"ขุนหาญ","prov":"ศรีสะเกษ","code":"33"},"geometry":{"type":"MultiPolygon","coordinates":[[[[104.488,14.75],[104.439,14.73],[104.426,14.74],[104.415,14.736],[104.422,14.707],[104.402,14.697],[104.396,14.683],[104.347,14.669],[104.313,14.648],[104.286,14.61],[104.287,14.547],[104.295,14.54],[104.286,14.532],[104.288,14.516],[104.262,14.509],[104.256,14.502],[104.251,14.47],[104.264,14.438],[104.262,14.42],[104.278,14.413],[104.286,14.399],[104.291,14.4],[104.323,14.372],[104.349,14.368],[104.397,14.374],[104.407,14.366],[104.416,14.372],[104.436,14.357],[104.462,14.359],[104.463,14.345],[104.474,14.347],[104.48,14.364],[104.498,14.373],[104.507,14.454],[104.496,14.466],[104.493,14.482],[104.517,14.525],[104.537,14.543],[104.534,14.586],[104.552,14.617],[104.527,14.631],[104.517,14.649],[104.53,14.656],[104.543,14.681],[104.505,14.737],[104.488,14.75]]]]}},{"type":"Feature","id":287,"properties":{"id":287,"en":"Khun Tan","th":"ขุนตาล","prov":"เชียงราย","code":"57"},"geometry":{"type":"MultiPolygon","coordinates":[[[[100.257,19.988],[100.251,19.975],[100.26,19.973],[100.263,19.915],[100.252,19.909],[100.258,19.903],[100.249,19.904],[100.251,19.885],[100.235,19.883],[100.232,19.866],[100.217,19.861],[100.221,19.858],[100.215,19.84],[100.202,19.838],[100.204,19.825],[100.198,19.832],[100.193,19.819],[100.174,19.807],[100.179,19.806],[100.18,19.794],[100.19,19.792],[100.198,19.781],[100.214,19.767],[100.255,19.763],[100.263,19.78],[100.274,19.781],[100.312,19.818],[100.352,19.901],[100.369,19.921],[100.372,19.954],[100.312,19.974],[100.31,19.984],[100.316,19.985],[100.304,19.986],[100.299,20.004],[100.295,20.004],[100.298,19.994],[100.285,19.982],[100.257,19.988]]]]}},{"type":"Feature","id":288,"properties":{"id":288,"en":"Khun Yuam","th":"ขุนยวม","prov":"แม่ฮ่องสอน","code":"58"},"geometry":{"type":"MultiPolygon","coordinates":[[[[98.157,18.937],[98.141,18.934],[98.117,18.939],[98.102,18.935],[98.067,18.948],[98.06,18.944],[98.053,18.972],[98.043,18.967],[98.048,18.958],[98.03,18.959],[98.022,18.945],[98.005,18.953],[97.976,18.946],[97.957,18.966],[97.968,18.979],[97.966,19.009],[97.955,19.005],[97.942,19.016],[97.901,19.022],[97.896,19.047],[97.839,19.067],[97.829,19.092],[97.811,19.091],[97.792,19.074],[97.769,19.073],[97.764,19.066],[97.771,19.056],[97.769,19.045],[97.76,19.039],[97.736,19.04],[97.737,18.978],[97.722,18.968],[97.705,18.968],[97.707,18.958],[97.692,18.949],[97.684,18.953],[97.668,18.948],[97.667,18.932],[97.689,18.925],[97.689,18.916],[97.704,18.898],[97.72,18.886],[97.736,18.887],[97.741,18.881],[97.739,18.867],[97.749,18.844],[97.739,18.827],[97.746,18.812],[97.753,18.808],[97.748,18.798],[97.753,18.767],[97.763,18.758],[97.752,18.737],[97.755,18.72],[97.774,18.689],[97.767,18.669],[97.772,18.655],[97.767,18.633],[97.774,18.619],[97.771,18.599],[97.784,18.593],[97.817,18.606],[97.83,18.602],[97.862,18.622],[97.871,18.613],[97.877,18.617],[97.888,18.609],[97.917,18.621],[97.937,18.614],[97.944,18.624],[97.958,18.624],[97.967,18.617],[97.969,18.626],[98.003,18.652],[98.051,18.663],[98.072,18.675],[98.086,18.669],[98.105,18.677],[98.107,18.688],[98.1,18.704],[98.108,18.713],[98.102,18.735],[98.094,18.738],[98.121,18.759],[98.122,18.776],[98.093,18.777],[98.085,18.796],[98.088,18.804],[98.078,18.821],[98.092,18.87],[98.13,18.912],[98.144,18.912],[98.157,18.92],[98.157,18.937]]]]}},{"type":"Feature","id":289,"properties":{"id":289,"en":"Khura Buri","th":"คุระบุรี","prov":"พังงา","code":"82"},"geometry":{"type":"MultiPolygon","coordinates":[[[[97.643,8.486],[97.639,8.485],[97.647,8.476],[97.654,8.478],[97.643,8.486]]],[[[97.644,8.572],[97.643,8.571],[97.647,8.569],[97.644,8.572]]],[[[97.632,8.574],[97.637,8.559],[97.639,8.567],[97.632,8.574]]],[[[97.64,8.592],[97.636,8.597],[97.639,8.587],[97.64,8.592]]],[[[97.647,8.668],[97.637,8.66],[97.646,8.632],[97.653,8.629],[97.652,8.663],[97.647,8.668]]],[[[97.648,8.682],[97.641,8.681],[97.647,8.677],[97.653,8.677],[97.648,8.682]]],[[[98.349,8.986],[98.339,8.995],[98.343,8.988],[98.349,8.986]]],[[[97.814,9.06],[97.819,9.068],[97.809,9.084],[97.806,9.08],[97.814,9.06]]],[[[98.289,9.167],[98.262,9.166],[98.262,9.14],[98.255,9.127],[98.249,9.126],[98.247,9.033],[98.287,9.029],[98.31,9.048],[98.334,9.08],[98.325,9.116],[98.308,9.139],[98.298,9.139],[98.299,9.154],[98.289,9.167]]],[[[98.339,9.143],[98.313,9.18],[98.309,9.169],[98.311,9.154],[98.332,9.126],[98.339,9.143]]],[[[98.317,9.252],[98.306,9.264],[98.298,9.243],[98.282,9.228],[98.277,9.209],[98.264,9.206],[98.264,9.178],[98.26,9.168],[98.284,9.179],[98.286,9.19],[98.295,9.196],[98.289,9.208],[98.296,9.223],[98.304,9.227],[98.317,9.252]]],[[[98.506,9.309],[98.48,9.304],[98.482,9.311],[98.471,9.322],[98.466,9.314],[98.456,9.316],[98.448,9.33],[98.44,9.333],[98.437,9.327],[98.417,9.335],[98.407,9.348],[98.402,9.347],[98.401,9.33],[98.385,9.329],[98.377,9.29],[98.36,9.283],[98.369,9.276],[98.364,9.262],[98.346,9.242],[98.348,9.235],[98.367,9.228],[98.369,9.207],[98.359,9.207],[98.35,9.219],[98.334,9.216],[98.329,9.223],[98.316,9.197],[98.32,9.18],[98.34,9.153],[98.339,9.136],[98.347,9.127],[98.343,9.117],[98.352,9.095],[98.374,9.1],[98.364,9.093],[98.369,9.079],[98.378,9.081],[98.376,9.071],[98.386,9.063],[98.38,9.057],[98.37,9.06],[98.366,9.07],[98.353,9.07],[98.329,9.055],[98.319,9.031],[98.327,9.016],[98.348,9.002],[98.387,9.033],[98.398,9.035],[98.384,9.027],[98.36,8.994],[98.377,8.992],[98.389,8.973],[98.41,8.964],[98.432,8.942],[98.45,8.951],[98.452,8.966],[98.494,8.985],[98.506,8.983],[98.511,8.998],[98.489,9.016],[98.485,9.034],[98.475,9.044],[98.473,9.064],[98.495,9.081],[98.481,9.124],[98.484,9.14],[98.503,9.154],[98.493,9.187],[98.5,9.213],[98.525,9.235],[98.531,9.254],[98.525,9.283],[98.528,9.297],[98.506,9.309]]],[[[97.867,9.375],[97.862,9.371],[97.867,9.365],[97.867,9.375]]],[[[97.897,9.396],[97.892,9.398],[97.896,9.394],[97.897,9.396]]],[[[97.865,9.424],[97.856,9.423],[97.852,9.412],[97.84,9.416],[97.846,9.403],[97.86,9.397],[97.87,9.39],[97.872,9.379],[97.883,9.381],[97.874,9.404],[97.863,9.405],[97.87,9.412],[97.865,9.424]]],[[[97.833,9.425],[97.829,9.419],[97.834,9.419],[97.833,9.425]]],[[[97.886,9.462],[97.87,9.454],[97.855,9.456],[97.852,9.446],[97.861,9.435],[97.847,9.437],[97.851,9.431],[97.866,9.431],[97.88,9.414],[97.878,9.422],[97.872,9.442],[97.879,9.442],[97.9,9.421],[97.904,9.426],[97.904,9.433],[97.893,9.44],[97.903,9.453],[97.886,9.462]]]]}},{"type":"Feature","id":290,"properties":{"id":290,"en":"Khwao Sin Rin","th":"","prov":"","code":"32"},"geometry":{"type":"MultiPolygon","coordinates":[[[[103.588,15.088],[103.538,14.976],[103.554,14.962],[103.55,14.953],[103.592,14.939],[103.6,14.944],[103.616,14.941],[103.625,14.954],[103.638,14.952],[103.636,14.944],[103.647,14.947],[103.661,14.948],[103.669,14.971],[103.68,14.972],[103.693,15.037],[103.671,15.042],[103.659,15.055],[103.588,15.088]]]]}},{"type":"Feature","id":291,"properties":{"id":291,"en":"Klaeng","th":"แกลง","prov":"ระยอง","code":"21"},"geometry":{"type":"MultiPolygon","coordinates":[[[[101.692,12.608],[101.695,12.612],[101.688,12.618],[101.685,12.611],[101.692,12.608]]],[[[101.81,12.885],[101.749,12.859],[101.746,12.842],[101.734,12.83],[101.731,12.84],[101.721,12.843],[101.723,12.837],[101.717,12.837],[101.707,12.854],[101.707,12.87],[101.685,12.899],[101.666,12.896],[101.665,12.883],[101.646,12.89],[101.642,12.879],[101.62,12.896],[101.607,12.918],[101.619,12.956],[101.612,12.981],[101.569,12.979],[101.566,12.967],[101.575,12.959],[101.576,12.94],[101.589,12.926],[101.584,12.916],[101.602,12.873],[101.585,12.856],[101.586,12.84],[101.577,12.834],[101.571,12.841],[101.552,12.842],[101.552,12.831],[101.505,12.846],[101.508,12.799],[101.522,12.786],[101.526,12.767],[101.521,12.727],[101.53,12.72],[101.519,12.711],[101.513,12.683],[101.521,12.665],[101.514,12.655],[101.512,12.631],[101.556,12.627],[101.566,12.632],[101.564,12.645],[101.576,12.652],[101.609,12.652],[101.646,12.642],[101.672,12.684],[101.724,12.705],[101.761,12.706],[101.784,12.693],[101.791,12.701],[101.785,12.711],[101.799,12.723],[101.795,12.736],[101.803,12.74],[101.799,12.75],[101.807,12.756],[101.812,12.75],[101.82,12.754],[101.822,12.791],[101.818,12.801],[101.828,12.81],[101.831,12.825],[101.825,12.842],[101.826,12.858],[101.816,12.872],[101.817,12.901],[101.81,12.885]]]]}},{"type":"Feature","id":292,"properties":{"id":292,"en":"Ko Chan","th":"","prov":"","code":"20"},"geometry":{"type":"MultiPolygon","coordinates":[[[[101.547,13.386],[101.532,13.427],[101.518,13.423],[101.511,13.411],[101.502,13.41],[101.491,13.428],[101.495,13.435],[101.49,13.445],[101.468,13.425],[101.435,13.45],[101.402,13.45],[101.409,13.47],[101.395,13.475],[101.372,13.469],[101.367,13.464],[101.376,13.458],[101.369,13.448],[101.342,13.432],[101.334,13.434],[101.33,13.427],[101.304,13.441],[101.283,13.431],[101.283,13.424],[101.271,13.417],[101.266,13.372],[101.273,13.369],[101.269,13.354],[101.328,13.344],[101.344,13.332],[101.345,13.34],[101.388,13.35],[101.419,13.373],[101.442,13.359],[101.463,13.361],[101.473,13.349],[101.516,13.38],[101.547,13.386]]]]}},{"type":"Feature","id":293,"properties":{"id":293,"en":"Ko Chang","th":"เกาะช้าง","prov":"ตราด","code":"23"},"geometry":{"type":"MultiPolygon","coordinates":[[[[102.453,11.892],[102.453,11.9],[102.446,11.9],[102.453,11.892]]],[[[102.398,11.909],[102.393,11.906],[102.401,11.9],[102.398,11.897],[102.408,11.893],[102.417,11.901],[102.398,11.909]]],[[[102.364,11.924],[102.365,11.929],[102.354,11.922],[102.343,11.907],[102.344,11.9],[102.348,11.902],[102.364,11.924]]],[[[102.445,11.951],[102.437,11.951],[102.442,11.943],[102.439,11.95],[102.445,11.951]]],[[[102.498,11.959],[102.49,11.953],[102.501,11.955],[102.498,11.959]]],[[[102.474,11.93],[102.483,11.956],[102.478,11.961],[102.469,11.954],[102.467,11.934],[102.474,11.93]]],[[[102.388,11.989],[102.384,11.985],[102.388,11.978],[102.388,11.989]]],[[[102.252,12.157],[102.268,12.145],[102.269,12.133],[102.249,12.137],[102.274,12.102],[102.277,12.066],[102.291,12.058],[102.294,12.042],[102.288,12.015],[102.298,11.994],[102.292,11.985],[102.302,11.98],[102.315,11.957],[102.319,11.963],[102.311,11.969],[102.317,11.974],[102.334,11.975],[102.362,11.962],[102.377,11.964],[102.372,11.999],[102.382,12.001],[102.4,11.979],[102.436,11.952],[102.437,11.97],[102.447,11.977],[102.43,11.989],[102.406,12.031],[102.398,12.036],[102.391,12.029],[102.398,12.048],[102.385,12.049],[102.383,12.068],[102.366,12.083],[102.353,12.113],[102.34,12.117],[102.322,12.136],[102.292,12.144],[102.279,12.141],[102.279,12.147],[102.27,12.144],[102.252,12.157]]],[[[102.247,12.163],[102.244,12.16],[102.249,12.158],[102.247,12.163]]]]}},{"type":"Feature","id":294,"properties":{"id":294,"en":"Ko Kha","th":"เกาะคา","prov":"ลำปาง","code":"52"},"geometry":{"type":"MultiPolygon","coordinates":[[[[99.217,18.19],[99.218,18.176],[99.253,18.158],[99.262,18.142],[99.275,18.145],[99.294,18.106],[99.293,18.094],[99.303,18.089],[99.276,18.054],[99.277,18.048],[99.293,18.046],[99.29,18.029],[99.279,18.018],[99.287,18.009],[99.274,17.984],[99.279,17.979],[99.3,17.983],[99.303,17.979],[99.356,17.994],[99.359,18.013],[99.418,18.007],[99.443,18.024],[99.442,18.033],[99.43,18.032],[99.433,18.042],[99.425,18.05],[99.441,18.082],[99.429,18.107],[99.435,18.127],[99.426,18.136],[99.432,18.154],[99.425,18.169],[99.434,18.216],[99.411,18.232],[99.405,18.265],[99.391,18.261],[99.353,18.271],[99.345,18.285],[99.326,18.298],[99.288,18.293],[99.284,18.278],[99.293,18.274],[99.295,18.259],[99.29,18.25],[99.251,18.213],[99.229,18.21],[99.217,18.19]]]]}},{"type":"Feature","id":295,"properties":{"id":295,"en":"Ko Kut","th":"","prov":"","code":""},"geometry":{"type":"MultiPolygon","coordinates":[[[[102.517,11.725],[102.513,11.726],[102.521,11.708],[102.526,11.716],[102.517,11.725]]],[[[102.555,11.761],[102.547,11.759],[102.548,11.738],[102.535,11.724],[102.541,11.705],[102.536,11.697],[102.528,11.696],[102.535,11.666],[102.524,11.657],[102.544,11.638],[102.545,11.623],[102.533,11.619],[102.53,11.615],[102.536,11.611],[102.526,11.606],[102.54,11.603],[102.548,11.591],[102.551,11.597],[102.565,11.594],[102.572,11.589],[102.571,11.574],[102.594,11.563],[102.593,11.594],[102.601,11.607],[102.587,11.606],[102.596,11.618],[102.592,11.621],[102.603,11.626],[102.595,11.629],[102.608,11.645],[102.601,11.677],[102.609,11.689],[102.601,11.7],[102.591,11.694],[102.58,11.712],[102.564,11.698],[102.564,11.722],[102.571,11.732],[102.555,11.761]]],[[[102.395,11.772],[102.395,11.777],[102.388,11.775],[102.395,11.772]]],[[[102.385,11.811],[102.381,11.799],[102.384,11.782],[102.387,11.776],[102.388,11.783],[102.393,11.797],[102.385,11.811]]],[[[102.472,11.84],[102.468,11.822],[102.445,11.82],[102.444,11.811],[102.448,11.807],[102.452,11.814],[102.468,11.812],[102.484,11.799],[102.487,11.79],[102.488,11.813],[102.505,11.812],[102.512,11.826],[102.481,11.828],[102.471,11.833],[102.472,11.84]]],[[[102.53,11.835],[102.533,11.843],[102.526,11.855],[102.519,11.832],[102.53,11.835]]]]}},{"type":"Feature","id":296,"properties":{"id":296,"en":"Ko Lanta","th":"เกาะลันตา","prov":"กระบี่","code":"81"},"geometry":{"type":"MultiPolygon","coordinates":[[[[99.12,7.543],[99.133,7.526],[99.137,7.534],[99.12,7.543]]],[[[99.143,7.593],[99.147,7.582],[99.149,7.588],[99.143,7.593]]],[[[99.151,7.616],[99.147,7.612],[99.151,7.609],[99.151,7.616]]],[[[99.14,7.641],[99.145,7.615],[99.15,7.628],[99.14,7.641]]],[[[99.07,7.687],[99.04,7.685],[99.039,7.656],[99.025,7.645],[99.018,7.651],[99.019,7.644],[99.026,7.643],[99.032,7.63],[99.027,7.622],[99.034,7.601],[99.035,7.564],[99.067,7.499],[99.098,7.467],[99.11,7.482],[99.11,7.497],[99.087,7.54],[99.076,7.563],[99.08,7.598],[99.088,7.595],[99.091,7.603],[99.096,7.594],[99.102,7.602],[99.112,7.602],[99.118,7.597],[99.116,7.586],[99.12,7.588],[99.125,7.61],[99.117,7.625],[99.127,7.634],[99.13,7.649],[99.11,7.686],[99.093,7.679],[99.07,7.687]]],[[[99.114,7.689],[99.112,7.693],[99.112,7.689],[99.114,7.689]]],[[[99.13,7.742],[99.126,7.75],[99.125,7.745],[99.13,7.742]]],[[[99.064,7.854],[99.048,7.853],[99.044,7.834],[99.017,7.823],[99.031,7.797],[99.022,7.786],[99.027,7.775],[99.02,7.764],[99.041,7.703],[99.096,7.692],[99.108,7.707],[99.116,7.76],[99.13,7.76],[99.137,7.752],[99.129,7.817],[99.117,7.826],[99.102,7.82],[99.097,7.831],[99.1,7.843],[99.08,7.84],[99.073,7.852],[99.064,7.854]]]]}},{"type":"Feature","id":297,"properties":{"id":297,"en":"Ko Pha-Ngan","th":"เกาะพะงัน","prov":"สุราษฎร์ธานี","code":"84"},"geometry":{"type":"MultiPolygon","coordinates":[[[[100.027,9.804],[100.017,9.802],[100.006,9.787],[99.991,9.803],[99.983,9.799],[99.971,9.792],[99.961,9.768],[99.964,9.751],[99.975,9.747],[99.981,9.713],[100.024,9.697],[100.039,9.693],[100.076,9.666],[100.068,9.677],[100.078,9.683],[100.074,9.691],[100.082,9.697],[100.075,9.714],[100.081,9.736],[100.073,9.766],[100.066,9.773],[100.057,9.772],[100.062,9.787],[100.035,9.793],[100.027,9.804]]],[[[99.828,10.125],[99.823,10.125],[99.82,10.112],[99.827,10.105],[99.827,10.09],[99.817,10.081],[99.815,10.069],[99.828,10.066],[99.828,10.059],[99.832,10.066],[99.84,10.067],[99.856,10.091],[99.854,10.102],[99.846,10.103],[99.851,10.111],[99.845,10.123],[99.828,10.125]]]]}},{"type":"Feature","id":298,"properties":{"id":298,"en":"Ko Samui","th":"เกาะสมุย","prov":"สุราษฎร์ธานี","code":"84"},"geometry":{"type":"MultiPolygon","coordinates":[[[[99.964,9.31],[99.951,9.312],[99.96,9.303],[99.964,9.31]]],[[[99.983,9.378],[99.977,9.373],[99.972,9.367],[99.978,9.368],[99.983,9.378]]],[[[99.953,9.396],[99.936,9.383],[99.927,9.356],[99.936,9.357],[99.958,9.361],[99.96,9.371],[99.951,9.38],[99.953,9.396]]],[[[99.678,9.462],[99.682,9.469],[99.675,9.474],[99.667,9.467],[99.678,9.462]]],[[[100.083,9.541],[100.08,9.538],[100.087,9.533],[100.083,9.541]]],[[[99.69,9.553],[99.683,9.551],[99.682,9.542],[99.668,9.538],[99.661,9.514],[99.682,9.506],[99.7,9.51],[99.701,9.521],[99.708,9.547],[99.69,9.553]]],[[[99.664,9.543],[99.666,9.558],[99.662,9.555],[99.658,9.546],[99.664,9.543]]],[[[100.069,9.594],[100.066,9.577],[100.059,9.571],[100.062,9.564],[100.053,9.557],[100.041,9.565],[100.027,9.562],[100.017,9.575],[99.997,9.571],[99.983,9.587],[99.919,9.577],[99.912,9.571],[99.927,9.558],[99.935,9.535],[99.934,9.5],[99.928,9.492],[99.919,9.491],[99.935,9.456],[99.937,9.429],[99.928,9.423],[99.93,9.417],[99.958,9.419],[99.966,9.409],[99.987,9.422],[100.01,9.42],[100.017,9.424],[100.028,9.451],[100.04,9.452],[100.05,9.468],[100.074,9.471],[100.056,9.502],[100.057,9.513],[100.062,9.529],[100.078,9.541],[100.076,9.548],[100.091,9.57],[100.08,9.575],[100.08,9.588],[100.074,9.587],[100.069,9.594]]],[[[99.669,9.641],[99.661,9.637],[99.673,9.607],[99.685,9.614],[99.682,9.631],[99.669,9.641]]],[[[99.668,9.652],[99.664,9.661],[99.659,9.655],[99.669,9.649],[99.676,9.649],[99.668,9.652]]],[[[99.689,9.664],[99.679,9.665],[99.678,9.654],[99.682,9.651],[99.689,9.664]]],[[[99.684,9.681],[99.679,9.681],[99.684,9.677],[99.684,9.681]]],[[[99.677,9.705],[99.67,9.695],[99.678,9.693],[99.677,9.705]]]]}},{"type":"Feature","id":299,"properties":{"id":299,"en":"Ko Si Chang","th":"เกาะสีชัง","prov":"ชลบุรี","code":"20"},"geometry":{"type":"MultiPolygon","coordinates":[[[[100.808,13.179],[100.801,13.178],[100.798,13.163],[100.805,13.155],[100.799,13.148],[100.807,13.145],[100.803,13.139],[100.809,13.125],[100.822,13.141],[100.809,13.161],[100.808,13.179]]]]}},{"type":"Feature","id":300,"properties":{"id":300,"en":"Ko Yao","th":"เกาะยาว","prov":"พังงา","code":"82"},"geometry":{"type":"MultiPolygon","coordinates":[[[[98.514,7.951],[98.517,7.96],[98.513,7.954],[98.514,7.951]]],[[[98.53,8.115],[98.533,8.094],[98.529,8.089],[98.526,8.096],[98.524,8.089],[98.531,8.071],[98.543,8.066],[98.538,8.063],[98.549,8.055],[98.546,8.048],[98.554,8.027],[98.565,8.033],[98.584,8.009],[98.58,7.991],[98.566,7.99],[98.571,7.974],[98.565,7.959],[98.577,7.924],[98.577,7.901],[98.582,7.895],[98.58,7.913],[98.589,7.915],[98.597,7.888],[98.614,7.965],[98.6,8.018],[98.6,8.035],[98.61,8.044],[98.592,8.066],[98.6,8.083],[98.587,8.076],[98.572,8.078],[98.53,8.115]]],[[[98.535,8.156],[98.539,8.138],[98.558,8.126],[98.558,8.13],[98.535,8.156]]],[[[98.539,8.167],[98.538,8.186],[98.534,8.173],[98.539,8.167]]],[[[98.636,8.186],[98.627,8.186],[98.626,8.176],[98.621,8.183],[98.601,8.155],[98.588,8.119],[98.576,8.114],[98.562,8.12],[98.586,8.097],[98.605,8.1],[98.608,8.083],[98.618,8.08],[98.628,8.126],[98.622,8.13],[98.634,8.141],[98.63,8.151],[98.639,8.179],[98.636,8.186]]],[[[98.638,8.2],[98.634,8.194],[98.639,8.19],[98.638,8.2]]],[[[98.492,8.201],[98.486,8.183],[98.491,8.175],[98.492,8.166],[98.495,8.176],[98.492,8.201]]]]}},{"type":"Feature","id":301,"properties":{"id":301,"en":"Kong Krailat","th":"กงไกรลาศ","prov":"สุโขทัย","code":"64"},"geometry":{"type":"MultiPolygon","coordinates":[[[[100.111,16.915],[100.11,16.945],[100.104,16.968],[100.098,16.97],[100.107,16.975],[100.1,16.975],[100.094,16.992],[100.087,16.988],[100.077,16.992],[100.079,17.002],[100.071,17.001],[100.061,17.013],[100.044,17.011],[100.041,17.022],[100.023,17.026],[100.005,17.044],[100.014,17.073],[100.006,17.073],[99.998,17.086],[99.99,17.078],[99.983,17.083],[99.966,17.073],[99.955,17.054],[99.949,17.004],[99.925,17.009],[99.888,16.969],[99.884,16.944],[99.889,16.935],[99.869,16.923],[99.87,16.911],[99.846,16.889],[99.841,16.87],[99.846,16.859],[99.887,16.848],[99.89,16.798],[99.93,16.811],[99.942,16.826],[99.941,16.864],[99.971,16.86],[99.993,16.868],[100.001,16.863],[100.011,16.889],[100.044,16.895],[100.065,16.884],[100.077,16.893],[100.085,16.889],[100.1,16.9],[100.101,16.915],[100.111,16.915]]]]}},{"type":"Feature","id":302,"properties":{"id":302,"en":"Kong Ra","th":"กงหรา","prov":"พัทลุง","code":"93"},"geometry":{"type":"MultiPolygon","coordinates":[[[[100.012,7.439],[100.013,7.45],[100.003,7.453],[100.02,7.473],[100.017,7.493],[100.031,7.52],[100.012,7.529],[99.989,7.53],[99.988,7.52],[99.977,7.512],[99.964,7.511],[99.965,7.522],[99.953,7.509],[99.939,7.514],[99.926,7.499],[99.913,7.498],[99.911,7.489],[99.906,7.492],[99.881,7.476],[99.867,7.484],[99.847,7.47],[99.877,7.417],[99.885,7.413],[99.902,7.379],[99.896,7.364],[99.904,7.356],[99.904,7.336],[99.912,7.32],[99.963,7.314],[99.973,7.326],[99.986,7.322],[100.005,7.341],[100.02,7.346],[100.016,7.357],[100.001,7.364],[100,7.378],[100.005,7.383],[99.994,7.42],[100.012,7.439]]]]}},{"type":"Feature","id":303,"properties":{"id":303,"en":"Kosamphi Nakhon","th":"โกสัมพีนคร","prov":"กำแพงเพชร","code":"62"},"geometry":{"type":"MultiPolygon","coordinates":[[[[99.237,16.484],[99.229,16.498],[99.243,16.489],[99.248,16.497],[99.271,16.507],[99.284,16.498],[99.296,16.505],[99.296,16.514],[99.307,16.525],[99.315,16.524],[99.327,16.533],[99.351,16.523],[99.38,16.52],[99.393,16.54],[99.404,16.537],[99.442,16.555],[99.448,16.55],[99.476,16.565],[99.456,16.583],[99.436,16.623],[99.424,16.635],[99.399,16.64],[99.368,16.633],[99.378,16.659],[99.375,16.676],[99.384,16.686],[99.369,16.722],[99.369,16.736],[99.353,16.742],[99.336,16.738],[99.329,16.765],[99.313,16.771],[99.306,16.769],[99.302,16.74],[99.296,16.719],[99.283,16.706],[99.282,16.69],[99.271,16.685],[99.272,16.669],[99.247,16.663],[99.242,16.623],[99.255,16.603],[99.25,16.59],[99.254,16.579],[99.256,16.569],[99.245,16.554],[99.248,16.55],[99.24,16.534],[99.219,16.528],[99.2,16.531],[99.191,16.539],[99.191,16.531],[99.181,16.532],[99.171,16.522],[99.168,16.511],[99.174,16.511],[99.166,16.503],[99.162,16.507],[99.154,16.499],[99.14,16.5],[99.122,16.474],[99.107,16.481],[99.099,16.473],[99.074,16.467],[99.031,16.426],[99.06,16.404],[99.065,16.406],[99.073,16.394],[99.101,16.389],[99.127,16.42],[99.125,16.43],[99.116,16.431],[99.114,16.443],[99.132,16.444],[99.156,16.454],[99.163,16.444],[99.17,16.449],[99.178,16.443],[99.201,16.462],[99.206,16.473],[99.211,16.468],[99.219,16.479],[99.237,16.484]]]]}},{"type":"Feature","id":304,"properties":{"id":304,"en":"Kosum Phisai","th":"โกสุมพิสัย","prov":"มหาสารคาม","code":"44"},"geometry":{"type":"MultiPolygon","coordinates":[[[[102.844,16.151],[102.854,16.126],[102.877,16.128],[102.888,16.119],[102.9,16.125],[102.92,16.12],[102.927,16.106],[102.942,16.101],[102.968,16.112],[103.008,16.104],[103.043,16.172],[103.054,16.154],[103.079,16.143],[103.12,16.171],[103.122,16.182],[103.132,16.188],[103.129,16.198],[103.151,16.196],[103.143,16.209],[103.158,16.224],[103.151,16.237],[103.159,16.257],[103.155,16.274],[103.162,16.283],[103.16,16.294],[103.175,16.314],[103.123,16.326],[103.108,16.334],[103.091,16.357],[103.086,16.366],[103.071,16.37],[103.029,16.349],[103.019,16.353],[103.004,16.347],[102.985,16.353],[102.98,16.368],[102.985,16.383],[102.976,16.387],[102.985,16.41],[102.977,16.417],[102.973,16.413],[102.975,16.425],[102.949,16.437],[102.949,16.422],[102.959,16.427],[102.957,16.413],[102.947,16.41],[102.946,16.403],[102.957,16.399],[102.949,16.389],[102.941,16.393],[102.94,16.386],[102.936,16.389],[102.938,16.377],[102.921,16.378],[102.928,16.367],[102.918,16.369],[102.905,16.358],[102.909,16.35],[102.899,16.349],[102.894,16.316],[102.867,16.299],[102.846,16.273],[102.851,16.257],[102.845,16.233],[102.851,16.223],[102.843,16.211],[102.848,16.199],[102.845,16.173],[102.857,16.159],[102.844,16.151]]]]}},{"type":"Feature","id":305,"properties":{"id":305,"en":"Kra Buri","th":"กระบุรี","prov":"ระนอง","code":"85"},"geometry":{"type":"MultiPolygon","coordinates":[[[[98.885,10.784],[98.876,10.788],[98.867,10.777],[98.858,10.776],[98.818,10.719],[98.801,10.707],[98.802,10.7],[98.791,10.684],[98.78,10.678],[98.784,10.651],[98.771,10.621],[98.781,10.616],[98.781,10.601],[98.786,10.606],[98.8,10.604],[98.802,10.586],[98.811,10.592],[98.798,10.559],[98.818,10.547],[98.809,10.54],[98.815,10.539],[98.813,10.53],[98.822,10.529],[98.817,10.5],[98.804,10.488],[98.806,10.483],[98.8,10.483],[98.809,10.472],[98.796,10.455],[98.8,10.448],[98.781,10.441],[98.767,10.406],[98.754,10.39],[98.743,10.325],[98.731,10.308],[98.706,10.229],[98.742,10.226],[98.765,10.207],[98.783,10.22],[98.803,10.207],[98.823,10.213],[98.827,10.201],[98.845,10.205],[98.87,10.201],[98.892,10.223],[98.89,10.236],[98.9,10.243],[98.895,10.25],[98.904,10.254],[98.909,10.267],[98.9,10.278],[98.901,10.289],[98.943,10.352],[98.931,10.365],[98.937,10.384],[98.929,10.386],[98.928,10.395],[98.902,10.398],[98.905,10.411],[98.894,10.416],[98.896,10.441],[98.884,10.457],[98.895,10.483],[98.911,10.49],[98.924,10.513],[98.945,10.517],[98.952,10.535],[98.963,10.54],[98.944,10.558],[98.941,10.57],[98.957,10.579],[98.965,10.605],[98.959,10.616],[98.945,10.612],[98.948,10.644],[98.928,10.649],[98.93,10.673],[98.921,10.68],[98.908,10.677],[98.909,10.692],[98.895,10.682],[98.892,10.689],[98.89,10.696],[98.899,10.706],[98.914,10.748],[98.909,10.753],[98.898,10.752],[98.885,10.784]]]]}},{"type":"Feature","id":306,"properties":{"id":306,"en":"Kranuan","th":"","prov":"","code":"40"},"geometry":{"type":"MultiPolygon","coordinates":[[[[103.152,16.644],[103.151,16.662],[103.16,16.674],[103.145,16.702],[103.159,16.733],[103.146,16.754],[103.151,16.762],[103.171,16.771],[103.181,16.789],[103.184,16.821],[103.179,16.827],[103.18,16.84],[103.17,16.848],[103.174,16.864],[103.134,16.872],[103.141,16.856],[103.14,16.838],[103.123,16.818],[103.114,16.818],[103.104,16.829],[103.102,16.841],[103.114,16.853],[103.112,16.861],[103.12,16.872],[103.123,16.899],[103.101,16.913],[103.084,16.899],[103.072,16.902],[103.053,16.886],[103.044,16.888],[103.026,16.872],[103.002,16.865],[103.006,16.85],[103.018,16.842],[103.016,16.831],[103.006,16.826],[103.018,16.798],[103.014,16.78],[103,16.77],[102.988,16.749],[102.99,16.743],[103.002,16.751],[103.006,16.728],[102.988,16.706],[102.985,16.646],[102.99,16.635],[103,16.63],[103.078,16.622],[103.136,16.634],[103.15,16.627],[103.152,16.644]]]]}},{"type":"Feature","id":307,"properties":{"id":307,"en":"Krasae Sin","th":"","prov":"","code":"90"},"geometry":{"type":"MultiPolygon","coordinates":[[[[100.273,7.497],[100.296,7.495],[100.356,7.528],[100.361,7.61],[100.369,7.61],[100.359,7.655],[100.35,7.666],[100.36,7.679],[100.35,7.692],[100.343,7.718],[100.22,7.695],[100.237,7.539],[100.261,7.497],[100.273,7.497]]]]}},{"type":"Feature","id":308,"properties":{"id":308,"en":"Krasang","th":"กระสัง","prov":"บุรีรัมย์","code":"31"},"geometry":{"type":"MultiPolygon","coordinates":[[[[103.192,14.901],[103.173,14.856],[103.185,14.841],[103.193,14.809],[103.2,14.797],[103.24,14.786],[103.262,14.765],[103.292,14.785],[103.288,14.807],[103.294,14.813],[103.298,14.807],[103.307,14.808],[103.309,14.814],[103.314,14.811],[103.319,14.827],[103.346,14.831],[103.341,14.838],[103.351,14.84],[103.367,14.861],[103.375,14.86],[103.377,14.871],[103.385,14.871],[103.379,14.876],[103.394,14.889],[103.389,14.894],[103.401,14.892],[103.405,14.897],[103.398,14.902],[103.405,14.912],[103.399,14.913],[103.402,14.919],[103.412,14.917],[103.425,14.928],[103.428,14.942],[103.417,14.958],[103.429,14.971],[103.42,14.972],[103.421,14.977],[103.431,14.978],[103.42,14.986],[103.427,14.993],[103.41,15.003],[103.425,15.026],[103.422,15.031],[103.436,15.029],[103.448,15.045],[103.439,15.058],[103.423,15.065],[103.442,15.087],[103.429,15.082],[103.431,15.1],[103.44,15.099],[103.442,15.106],[103.426,15.105],[103.427,15.116],[103.417,15.111],[103.387,15.121],[103.368,15.109],[103.349,15.111],[103.312,15.092],[103.307,15.08],[103.286,15.074],[103.292,15.04],[103.25,14.987],[103.262,14.962],[103.229,14.937],[103.218,14.937],[103.21,14.928],[103.211,14.915],[103.192,14.901]]]]}},{"type":"Feature","id":309,"properties":{"id":309,"en":"Krathum Baen","th":"กระทุ่มแบน","prov":"สมุทรสาคร","code":"74"},"geometry":{"type":"MultiPolygon","coordinates":[[[[100.228,13.604],[100.271,13.605],[100.286,13.622],[100.313,13.62],[100.336,13.639],[100.35,13.64],[100.347,13.655],[100.339,13.655],[100.334,13.681],[100.332,13.712],[100.339,13.713],[100.333,13.721],[100.324,13.717],[100.309,13.725],[100.301,13.72],[100.304,13.715],[100.29,13.718],[100.284,13.714],[100.287,13.694],[100.244,13.675],[100.241,13.68],[100.227,13.673],[100.224,13.681],[100.21,13.685],[100.189,13.674],[100.182,13.689],[100.171,13.681],[100.17,13.675],[100.18,13.664],[100.207,13.651],[100.207,13.643],[100.219,13.638],[100.232,13.644],[100.23,13.627],[100.213,13.626],[100.215,13.621],[100.227,13.621],[100.228,13.604]]]]}},{"type":"Feature","id":310,"properties":{"id":310,"en":"Krok Phra","th":"โกรกพระ","prov":"นครสวรรค์","code":"60"},"geometry":{"type":"MultiPolygon","coordinates":[[[[100.141,15.61],[100.137,15.62],[100.104,15.619],[100.092,15.608],[100.082,15.61],[100.073,15.624],[100.054,15.616],[100.039,15.619],[100.032,15.637],[100.04,15.656],[100.05,15.635],[100.063,15.637],[100.061,15.667],[100.042,15.681],[100.023,15.673],[100.004,15.68],[99.985,15.675],[99.972,15.682],[99.969,15.675],[99.938,15.676],[99.932,15.672],[99.941,15.627],[99.937,15.598],[99.945,15.504],[99.96,15.507],[100,15.484],[100.01,15.492],[100.007,15.501],[100.041,15.514],[100.052,15.533],[100.08,15.541],[100.091,15.539],[100.12,15.567],[100.139,15.571],[100.135,15.601],[100.141,15.61]]]]}},{"type":"Feature","id":311,"properties":{"id":311,"en":"Krong Pinang","th":"กรงปินัง","prov":"ยะลา","code":"95"},"geometry":{"type":"MultiPolygon","coordinates":[[[[101.326,6.392],[101.306,6.423],[101.304,6.446],[101.283,6.469],[101.249,6.454],[101.249,6.469],[101.242,6.465],[101.228,6.487],[101.217,6.473],[101.214,6.454],[101.208,6.453],[101.197,6.432],[101.202,6.428],[101.2,6.4],[101.211,6.354],[101.221,6.351],[101.247,6.322],[101.261,6.324],[101.267,6.307],[101.299,6.296],[101.282,6.316],[101.292,6.336],[101.292,6.347],[101.286,6.342],[101.286,6.348],[101.293,6.355],[101.267,6.363],[101.284,6.38],[101.326,6.392]]]]}},{"type":"Feature","id":312,"properties":{"id":312,"en":"Ku Kaeo","th":"","prov":"","code":"41"},"geometry":{"type":"MultiPolygon","coordinates":[[[[103.171,17.236],[103.162,17.214],[103.148,17.212],[103.13,17.222],[103.102,17.213],[103.084,17.221],[103.082,17.214],[103.105,17.152],[103.131,17.13],[103.132,17.114],[103.145,17.115],[103.155,17.101],[103.179,17.106],[103.193,17.098],[103.19,17.123],[103.212,17.099],[103.245,17.112],[103.231,17.136],[103.211,17.148],[103.207,17.167],[103.221,17.174],[103.219,17.192],[103.202,17.216],[103.171,17.236]]]]}},{"type":"Feature","id":313,"properties":{"id":313,"en":"Kuchinarai","th":"กุฉินารายณ์","prov":"กาฬสินธุ์","code":"46"},"geometry":{"type":"MultiPolygon","coordinates":[[[[103.823,16.47],[103.844,16.462],[103.866,16.471],[103.885,16.454],[103.904,16.447],[103.91,16.454],[103.914,16.439],[103.928,16.434],[103.948,16.444],[103.974,16.431],[104.001,16.445],[104.03,16.443],[104.038,16.437],[104.035,16.416],[104.045,16.391],[104.065,16.398],[104.071,16.41],[104.085,16.409],[104.098,16.422],[104.129,16.429],[104.137,16.424],[104.145,16.429],[104.147,16.438],[104.171,16.446],[104.19,16.43],[104.218,16.438],[104.238,16.429],[104.239,16.455],[104.225,16.468],[104.226,16.479],[104.239,16.492],[104.241,16.518],[104.223,16.529],[104.226,16.551],[104.205,16.565],[104.206,16.577],[104.205,16.584],[104.186,16.597],[104.163,16.605],[104.138,16.597],[104.135,16.607],[104.109,16.607],[104.069,16.641],[104.012,16.676],[103.99,16.679],[103.991,16.674],[103.972,16.662],[103.969,16.634],[103.965,16.635],[103.969,16.623],[103.962,16.618],[103.961,16.6],[103.942,16.579],[103.945,16.571],[103.934,16.563],[103.915,16.574],[103.891,16.568],[103.893,16.553],[103.881,16.515],[103.857,16.511],[103.853,16.501],[103.815,16.485],[103.813,16.48],[103.823,16.47]]]]}},{"type":"Feature","id":314,"properties":{"id":314,"en":"Kui Buri","th":"กุยบุรี","prov":"ประจวบคีรีขันธ์","code":"77"},"geometry":{"type":"MultiPolygon","coordinates":[[[[100.02,12.191],[100.016,12.185],[99.989,12.181],[99.981,12.17],[99.957,12.175],[99.949,12.187],[99.932,12.187],[99.924,12.179],[99.891,12.184],[99.867,12.178],[99.848,12.182],[99.851,12.189],[99.842,12.195],[99.829,12.198],[99.823,12.192],[99.803,12.209],[99.78,12.202],[99.772,12.19],[99.743,12.189],[99.736,12.194],[99.722,12.181],[99.711,12.185],[99.703,12.181],[99.68,12.197],[99.676,12.245],[99.66,12.245],[99.648,12.237],[99.635,12.244],[99.617,12.243],[99.595,12.239],[99.585,12.227],[99.589,12.216],[99.582,12.175],[99.565,12.17],[99.573,12.158],[99.569,12.137],[99.555,12.113],[99.556,12.094],[99.533,12.066],[99.532,12.053],[99.541,12.034],[99.536,12.017],[99.576,12.007],[99.592,11.993],[99.594,11.978],[99.706,12.024],[99.761,12.037],[99.773,12.03],[99.786,12.039],[99.794,12.033],[99.821,12.041],[99.849,12.023],[99.866,12.022],[99.873,12.061],[99.894,12.062],[99.891,12.053],[99.9,12.054],[99.91,12.043],[99.943,12.082],[99.963,12.087],[99.968,12.099],[99.961,12.111],[99.968,12.134],[100.02,12.191]]]]}},{"type":"Feature","id":315,"properties":{"id":315,"en":"Kumphawapi","th":"กุมภวาปี","prov":"อุดรธานี","code":"41"},"geometry":{"type":"MultiPolygon","coordinates":[[[[103.098,16.913],[103.098,16.931],[103.111,16.942],[103.117,16.961],[103.112,16.967],[103.1,16.957],[103.081,16.963],[103.065,16.993],[103.068,17.008],[103.052,17.023],[103.049,17.04],[103.069,17.054],[103.121,17.071],[103.134,17.089],[103.155,17.101],[103.145,17.115],[103.132,17.114],[103.131,17.13],[103.105,17.152],[103.089,17.203],[103.081,17.195],[103.043,17.195],[103.035,17.232],[103.028,17.232],[103.026,17.245],[103.014,17.245],[103.014,17.23],[103.004,17.222],[102.996,17.201],[102.988,17.21],[102.971,17.206],[102.964,17.196],[102.927,17.203],[102.873,17.221],[102.869,17.229],[102.852,17.234],[102.837,17.257],[102.824,17.263],[102.799,17.246],[102.828,17.239],[102.842,17.217],[102.857,17.168],[102.885,17.155],[102.874,17.148],[102.878,17.118],[102.89,17.109],[102.887,17.086],[102.874,17.081],[102.878,17.056],[102.87,17.06],[102.842,17.013],[102.869,17.002],[102.876,16.992],[102.883,17],[102.904,16.994],[102.918,17.004],[102.932,16.996],[102.973,17.004],[102.995,17.002],[103.011,17.014],[103.026,17.001],[103.018,16.989],[103.019,16.978],[103.034,16.956],[103.033,16.945],[103.022,16.939],[103.021,16.931],[103.029,16.914],[103.027,16.896],[103.036,16.884],[103.053,16.886],[103.072,16.902],[103.084,16.899],[103.098,16.913]]]]}},{"type":"Feature","id":316,"properties":{"id":316,"en":"Kusuman","th":"","prov":"","code":"47"},"geometry":{"type":"MultiPolygon","coordinates":[[[[104.413,17.361],[104.407,17.379],[104.415,17.395],[104.41,17.408],[104.418,17.418],[104.414,17.427],[104.401,17.43],[104.391,17.422],[104.396,17.415],[104.386,17.412],[104.374,17.421],[104.339,17.422],[104.318,17.432],[104.287,17.432],[104.265,17.419],[104.227,17.414],[104.205,17.418],[104.198,17.429],[104.184,17.422],[104.181,17.429],[104.172,17.429],[104.17,17.418],[104.176,17.413],[104.157,17.417],[104.154,17.407],[104.145,17.41],[104.144,17.402],[104.151,17.402],[104.153,17.394],[104.141,17.396],[104.14,17.384],[104.127,17.382],[104.126,17.399],[104.109,17.392],[104.11,17.402],[104.096,17.404],[104.091,17.402],[104.096,17.398],[104.092,17.39],[104.102,17.39],[104.098,17.378],[104.089,17.376],[104.091,17.384],[104.077,17.394],[104.077,17.379],[104.071,17.378],[104.105,17.312],[104.153,17.319],[104.182,17.316],[104.193,17.323],[104.203,17.319],[104.208,17.326],[104.209,17.316],[104.233,17.31],[104.23,17.3],[104.264,17.293],[104.275,17.281],[104.269,17.27],[104.312,17.264],[104.336,17.264],[104.338,17.272],[104.37,17.29],[104.406,17.28],[104.403,17.308],[104.418,17.315],[104.424,17.338],[104.413,17.361]]]]}},{"type":"Feature","id":317,"properties":{"id":317,"en":"Kut Bak","th":"กุดบาก","prov":"สกลนคร","code":"47"},"geometry":{"type":"MultiPolygon","coordinates":[[[[103.74,16.971],[103.765,16.999],[103.772,17.022],[103.811,17.044],[103.884,17.039],[103.9,17.023],[103.925,17.014],[103.986,17.038],[103.985,17.061],[103.974,17.069],[103.973,17.079],[103.979,17.09],[103.973,17.105],[103.96,17.116],[103.964,17.131],[103.949,17.148],[103.911,17.155],[103.915,17.169],[103.872,17.147],[103.86,17.156],[103.852,17.143],[103.86,17.124],[103.831,17.117],[103.819,17.121],[103.797,17.156],[103.801,17.169],[103.792,17.182],[103.735,17.134],[103.715,17.144],[103.698,17.133],[103.68,17.129],[103.672,17.133],[103.645,17.115],[103.668,17.106],[103.654,17.074],[103.666,17.054],[103.66,17.037],[103.662,17.02],[103.674,17.021],[103.677,17.032],[103.695,17.034],[103.728,17.008],[103.719,16.984],[103.724,16.981],[103.74,16.99],[103.74,16.971]]]]}},{"type":"Feature","id":318,"properties":{"id":318,"en":"Kut Chap","th":"","prov":"","code":"41"},"geometry":{"type":"MultiPolygon","coordinates":[[[[102.385,17.452],[102.438,17.338],[102.452,17.352],[102.46,17.343],[102.476,17.342],[102.49,17.35],[102.529,17.351],[102.533,17.353],[102.529,17.363],[102.544,17.362],[102.544,17.356],[102.577,17.359],[102.599,17.375],[102.595,17.384],[102.624,17.399],[102.617,17.407],[102.614,17.436],[102.631,17.443],[102.636,17.454],[102.659,17.46],[102.67,17.455],[102.684,17.464],[102.692,17.471],[102.701,17.469],[102.706,17.482],[102.672,17.531],[102.657,17.524],[102.636,17.534],[102.612,17.536],[102.593,17.514],[102.569,17.525],[102.554,17.521],[102.541,17.533],[102.495,17.512],[102.487,17.501],[102.476,17.502],[102.464,17.494],[102.457,17.497],[102.441,17.481],[102.426,17.492],[102.416,17.484],[102.415,17.461],[102.385,17.452]]]]}},{"type":"Feature","id":319,"properties":{"id":319,"en":"Kut Chum","th":"กุดชุม","prov":"ยโสธร","code":"35"},"geometry":{"type":"MultiPolygon","coordinates":[[[[104.274,16.226],[104.25,16.219],[104.247,16.193],[104.221,16.161],[104.211,16.157],[104.207,16.164],[104.198,16.15],[104.173,16.148],[104.163,16.132],[104.154,16.129],[104.151,16.117],[104.138,16.11],[104.117,16.116],[104.107,16.103],[104.107,16.098],[104.139,16.088],[104.172,16.084],[104.153,16.059],[104.127,16.049],[104.134,16.012],[104.182,16.014],[104.183,16.026],[104.195,16.036],[104.2,16.051],[104.22,16.052],[104.219,16.022],[104.236,16.019],[104.223,16.005],[104.259,15.988],[104.283,15.975],[104.306,15.939],[104.303,15.934],[104.32,15.936],[104.324,15.927],[104.335,15.928],[104.334,15.898],[104.345,15.903],[104.353,15.914],[104.378,15.903],[104.393,15.912],[104.41,15.932],[104.412,15.947],[104.437,15.967],[104.426,15.979],[104.439,15.992],[104.452,15.994],[104.447,16.018],[104.411,16.023],[104.384,16.048],[104.375,16.048],[104.37,16.077],[104.35,16.087],[104.357,16.093],[104.351,16.124],[104.339,16.13],[104.332,16.126],[104.321,16.137],[104.322,16.146],[104.292,16.181],[104.293,16.198],[104.274,16.226]]]]}},{"type":"Feature","id":320,"properties":{"id":320,"en":"Kut Khaopun","th":"","prov":"","code":"34"},"geometry":{"type":"MultiPolygon","coordinates":[[[[105.004,15.937],[104.963,15.861],[104.966,15.811],[104.96,15.792],[104.907,15.761],[104.93,15.762],[104.944,15.748],[104.956,15.75],[104.963,15.744],[104.962,15.735],[104.99,15.727],[105.024,15.759],[105.04,15.757],[105.035,15.741],[105.041,15.731],[105.052,15.75],[105.068,15.751],[105.089,15.763],[105.104,15.76],[105.107,15.748],[105.132,15.768],[105.147,15.761],[105.165,15.774],[105.167,15.79],[105.141,15.829],[105.112,15.858],[105.082,15.873],[105.087,15.887],[105.072,15.899],[105.049,15.906],[105.035,15.921],[105.004,15.937]]]]}},{"type":"Feature","id":321,"properties":{"id":321,"en":"Kut Rang","th":"","prov":"","code":"44"},"geometry":{"type":"MultiPolygon","coordinates":[[[[102.901,15.97],[102.896,15.946],[102.89,15.941],[102.9,15.912],[102.926,15.915],[102.935,15.906],[102.94,15.907],[102.958,15.933],[102.955,15.944],[102.968,15.942],[102.984,15.955],[102.986,15.967],[102.993,15.967],[103.003,15.992],[102.997,16.001],[102.999,16.024],[103.004,16.026],[103.001,16.04],[103.011,16.047],[103.028,16.041],[103.033,16.045],[103.026,16.051],[103.034,16.054],[103.041,16.079],[103.07,16.089],[103.079,16.101],[103.078,16.134],[103.07,16.147],[103.054,16.154],[103.047,16.171],[103.043,16.172],[103.036,16.153],[103.016,16.127],[103.008,16.104],[102.968,16.112],[102.942,16.101],[102.927,16.106],[102.92,16.12],[102.9,16.125],[102.888,16.119],[102.877,16.128],[102.868,16.125],[102.861,16.095],[102.848,16.072],[102.861,16.059],[102.859,16.039],[102.876,16.038],[102.894,16.025],[102.884,16.014],[102.909,15.985],[102.901,15.97]]]]}},{"type":"Feature","id":322,"properties":{"id":322,"en":"La-Ngu","th":"ละงู","prov":"สตูล","code":"91"},"geometry":{"type":"MultiPolygon","coordinates":[[[[99.777,6.781],[99.771,6.793],[99.768,6.789],[99.77,6.781],[99.777,6.781]]],[[[99.682,6.832],[99.677,6.823],[99.68,6.813],[99.682,6.832]]],[[[99.591,6.832],[99.585,6.832],[99.587,6.828],[99.591,6.832]]],[[[99.537,6.833],[99.528,6.834],[99.525,6.828],[99.531,6.825],[99.544,6.832],[99.537,6.833]]],[[[99.697,6.853],[99.684,6.841],[99.685,6.823],[99.693,6.815],[99.697,6.853]]],[[[99.594,6.851],[99.595,6.858],[99.59,6.86],[99.594,6.851]]],[[[99.865,6.912],[99.857,6.918],[99.863,6.937],[99.873,6.94],[99.873,6.957],[99.88,6.957],[99.888,6.971],[99.884,6.982],[99.892,6.976],[99.888,6.984],[99.897,6.983],[99.887,6.986],[99.886,6.993],[99.891,7.006],[99.883,7.03],[99.889,7.057],[99.874,7.079],[99.869,7.075],[99.876,7.064],[99.877,7.038],[99.864,7.031],[99.862,7.02],[99.854,7.019],[99.846,7.006],[99.835,7.013],[99.826,7.005],[99.811,7.01],[99.806,7.004],[99.793,7.014],[99.784,7.012],[99.792,6.984],[99.763,6.973],[99.756,6.956],[99.746,6.957],[99.73,6.981],[99.719,6.986],[99.716,6.991],[99.72,6.995],[99.712,6.998],[99.701,6.981],[99.683,6.971],[99.684,6.959],[99.699,6.97],[99.708,6.955],[99.704,6.949],[99.693,6.956],[99.681,6.944],[99.686,6.911],[99.678,6.899],[99.685,6.896],[99.697,6.87],[99.697,6.856],[99.721,6.862],[99.722,6.855],[99.748,6.842],[99.754,6.833],[99.773,6.842],[99.783,6.834],[99.797,6.813],[99.807,6.774],[99.813,6.77],[99.84,6.779],[99.838,6.79],[99.852,6.804],[99.84,6.811],[99.837,6.822],[99.859,6.828],[99.867,6.846],[99.887,6.85],[99.886,6.868],[99.87,6.873],[99.872,6.88],[99.863,6.885],[99.865,6.912]]]]}},{"type":"Feature","id":323,"properties":{"id":323,"en":"La-Un","th":"ละอุ่น","prov":"ระนอง","code":"85"},"geometry":{"type":"MultiPolygon","coordinates":[[[[98.706,10.229],[98.695,10.205],[98.674,10.179],[98.686,10.173],[98.702,10.183],[98.72,10.171],[98.744,10.17],[98.757,10.161],[98.732,10.162],[98.732,10.145],[98.715,10.141],[98.702,10.104],[98.688,10.101],[98.68,10.073],[98.685,10.061],[98.68,10.015],[98.692,10.004],[98.694,9.99],[98.71,9.965],[98.73,9.954],[98.745,9.916],[98.752,9.918],[98.756,9.934],[98.78,9.95],[98.814,9.936],[98.824,9.948],[98.828,9.978],[98.844,9.992],[98.867,9.995],[98.906,10.034],[98.903,10.055],[98.893,10.065],[98.858,10.061],[98.835,10.066],[98.863,10.093],[98.866,10.108],[98.864,10.119],[98.859,10.119],[98.859,10.13],[98.869,10.134],[98.87,10.154],[98.889,10.161],[98.889,10.17],[98.871,10.186],[98.875,10.204],[98.863,10.199],[98.842,10.207],[98.827,10.201],[98.823,10.213],[98.803,10.207],[98.783,10.22],[98.765,10.207],[98.742,10.226],[98.706,10.229]]]]}},{"type":"Feature","id":324,"properties":{"id":324,"en":"Laem Ngop","th":"แหลมงอบ","prov":"ตราด","code":"23"},"geometry":{"type":"MultiPolygon","coordinates":[[[[102.286,12.299],[102.265,12.3],[102.258,12.293],[102.266,12.276],[102.261,12.271],[102.288,12.234],[102.287,12.223],[102.277,12.223],[102.282,12.197],[102.296,12.187],[102.306,12.189],[102.326,12.18],[102.326,12.19],[102.346,12.199],[102.355,12.192],[102.368,12.194],[102.398,12.168],[102.415,12.17],[102.472,12.164],[102.475,12.173],[102.468,12.181],[102.478,12.187],[102.464,12.19],[102.458,12.21],[102.447,12.209],[102.432,12.226],[102.407,12.238],[102.403,12.252],[102.407,12.27],[102.392,12.272],[102.394,12.28],[102.377,12.288],[102.376,12.273],[102.353,12.263],[102.347,12.252],[102.337,12.257],[102.33,12.253],[102.283,12.278],[102.286,12.299]]]]}},{"type":"Feature","id":325,"properties":{"id":325,"en":"Laem Sing","th":"แหลมสิงห์","prov":"จันทบุรี","code":"22"},"geometry":{"type":"MultiPolygon","coordinates":[[[[102.185,12.519],[102.182,12.529],[102.171,12.522],[102.16,12.529],[102.139,12.511],[102.127,12.53],[102.115,12.518],[102.107,12.526],[102.094,12.521],[102.074,12.524],[102.064,12.533],[102.049,12.527],[102.015,12.552],[101.989,12.546],[101.982,12.549],[101.976,12.543],[102.007,12.531],[102.04,12.503],[102.043,12.496],[102.036,12.487],[102.047,12.49],[102.04,12.481],[102.044,12.472],[102.06,12.469],[102.056,12.482],[102.061,12.481],[102.081,12.471],[102.109,12.446],[102.126,12.42],[102.119,12.408],[102.127,12.405],[102.128,12.412],[102.137,12.412],[102.16,12.398],[102.2,12.358],[102.212,12.368],[102.201,12.39],[102.222,12.42],[102.217,12.439],[102.193,12.431],[102.179,12.437],[102.166,12.449],[102.169,12.457],[102.162,12.458],[102.169,12.47],[102.15,12.48],[102.148,12.494],[102.185,12.519]]]]}},{"type":"Feature","id":326,"properties":{"id":326,"en":"Lahan Sai","th":"ละหานทราย","prov":"บุรีรัมย์","code":"31"},"geometry":{"type":"MultiPolygon","coordinates":[[[[102.98,14.43],[102.982,14.438],[102.962,14.456],[102.953,14.479],[102.922,14.474],[102.918,14.484],[102.904,14.484],[102.899,14.503],[102.887,14.496],[102.87,14.496],[102.866,14.478],[102.854,14.478],[102.848,14.485],[102.843,14.481],[102.833,14.496],[102.817,14.498],[102.767,14.461],[102.757,14.44],[102.783,14.424],[102.756,14.409],[102.752,14.398],[102.757,14.392],[102.748,14.381],[102.769,14.374],[102.775,14.364],[102.8,14.35],[102.82,14.31],[102.819,14.27],[102.811,14.257],[102.825,14.23],[102.814,14.205],[102.829,14.19],[102.815,14.17],[102.829,14.158],[102.831,14.168],[102.842,14.157],[102.871,14.147],[102.879,14.176],[102.898,14.163],[102.927,14.173],[102.947,14.196],[102.959,14.197],[102.953,14.207],[102.999,14.214],[103.012,14.231],[103.022,14.229],[103.036,14.242],[103.038,14.251],[102.976,14.296],[102.959,14.33],[102.957,14.35],[102.97,14.379],[102.983,14.391],[102.966,14.422],[102.98,14.43]]]]}},{"type":"Feature","id":328,"properties":{"id":328,"en":"Lam Luk Ka","th":"ลำลูกกา","prov":"ปทุมธานี","code":"13"},"geometry":{"type":"MultiPolygon","coordinates":[[[[100.914,13.961],[100.915,14.068],[100.756,14.014],[100.692,13.985],[100.605,13.966],[100.607,13.954],[100.623,13.95],[100.626,13.938],[100.64,13.938],[100.641,13.931],[100.69,13.931],[100.687,13.916],[100.752,13.918],[100.793,13.931],[100.914,13.946],[100.914,13.961]]]]}},{"type":"Feature","id":329,"properties":{"id":329,"en":"Lam Plai Mat","th":"ลำปลายมาศ","prov":"บุรีรัมย์","code":"31"},"geometry":{"type":"MultiPolygon","coordinates":[[[[102.913,14.836],[102.923,14.936],[102.945,14.939],[102.951,14.947],[102.975,14.958],[102.988,14.996],[103.007,15.024],[102.993,15.046],[103.006,15.073],[102.991,15.073],[102.993,15.089],[102.981,15.106],[103.005,15.181],[103.02,15.195],[103.007,15.202],[102.986,15.198],[102.974,15.207],[102.966,15.192],[102.938,15.183],[102.917,15.182],[102.917,15.188],[102.899,15.175],[102.887,15.185],[102.866,15.164],[102.847,15.169],[102.836,15.157],[102.824,15.155],[102.787,15.102],[102.761,15.078],[102.764,15.072],[102.771,15.076],[102.775,15.066],[102.785,15.069],[102.787,15.053],[102.79,15.056],[102.805,15.04],[102.78,15.025],[102.781,15.012],[102.737,15.001],[102.714,14.985],[102.709,14.957],[102.697,14.934],[102.697,14.916],[102.71,14.888],[102.726,14.889],[102.769,14.908],[102.774,14.903],[102.79,14.907],[102.806,14.897],[102.793,14.884],[102.786,14.859],[102.789,14.851],[102.831,14.863],[102.84,14.857],[102.863,14.86],[102.876,14.831],[102.894,14.841],[102.913,14.836]]]]}},{"type":"Feature","id":330,"properties":{"id":330,"en":"Lam Sonthi","th":"ลำสนธิ","prov":"ลพบุรี","code":"16"},"geometry":{"type":"MultiPolygon","coordinates":[[[[101.363,15.047],[101.371,15.046],[101.382,15.068],[101.4,15.074],[101.396,15.099],[101.401,15.102],[101.402,15.153],[101.38,15.29],[101.386,15.346],[101.379,15.346],[101.376,15.377],[101.382,15.388],[101.378,15.39],[101.378,15.431],[101.386,15.487],[101.374,15.528],[101.37,15.573],[101.404,15.739],[101.391,15.746],[101.381,15.737],[101.341,15.756],[101.336,15.753],[101.338,15.719],[101.353,15.704],[101.36,15.686],[101.341,15.659],[101.343,15.636],[101.336,15.624],[101.329,15.606],[101.317,15.603],[101.307,15.551],[101.288,15.53],[101.289,15.525],[101.297,15.529],[101.304,15.52],[101.301,15.506],[101.307,15.472],[101.298,15.456],[101.301,15.438],[101.307,15.434],[101.302,15.426],[101.305,15.392],[101.299,15.38],[101.312,15.366],[101.311,15.354],[101.293,15.329],[101.306,15.324],[101.298,15.287],[101.308,15.267],[101.31,15.246],[101.302,15.226],[101.32,15.226],[101.331,15.208],[101.337,15.177],[101.353,15.164],[101.35,15.141],[101.363,15.108],[101.346,15.1],[101.352,15.065],[101.363,15.047]]]]}},{"type":"Feature","id":331,"properties":{"id":331,"en":"Lam Thamenchai","th":"ลำทะเมนชัย","prov":"นครราชสีมา","code":"30"},"geometry":{"type":"MultiPolygon","coordinates":[[[[102.868,15.166],[102.887,15.185],[102.899,15.175],[102.917,15.188],[102.917,15.182],[102.938,15.183],[102.966,15.192],[102.974,15.207],[102.959,15.219],[102.961,15.264],[102.955,15.272],[102.968,15.291],[102.952,15.313],[102.985,15.322],[102.977,15.344],[102.986,15.374],[102.94,15.384],[102.942,15.374],[102.923,15.368],[102.923,15.362],[102.919,15.369],[102.917,15.362],[102.912,15.365],[102.911,15.374],[102.901,15.381],[102.897,15.368],[102.886,15.375],[102.88,15.369],[102.874,15.375],[102.878,15.384],[102.861,15.396],[102.856,15.391],[102.855,15.398],[102.845,15.405],[102.846,15.319],[102.842,15.313],[102.847,15.294],[102.836,15.289],[102.825,15.266],[102.844,15.26],[102.849,15.245],[102.857,15.249],[102.874,15.242],[102.874,15.224],[102.86,15.207],[102.868,15.166]]]]}},{"type":"Feature","id":332,"properties":{"id":332,"en":"Lam Thap","th":"ลำทับ","prov":"กระบี่","code":"81"},"geometry":{"type":"MultiPolygon","coordinates":[[[[99.392,8.11],[99.385,8.144],[99.363,8.133],[99.304,8.134],[99.295,8.125],[99.259,8.122],[99.254,8.114],[99.238,8.113],[99.239,8.103],[99.253,8.098],[99.256,8.081],[99.263,8.078],[99.256,8.058],[99.272,8.042],[99.278,8.019],[99.286,7.994],[99.302,7.999],[99.302,7.982],[99.334,7.929],[99.355,7.932],[99.37,7.947],[99.388,7.944],[99.399,7.957],[99.393,7.966],[99.396,7.982],[99.415,8],[99.383,8.072],[99.385,8.083],[99.394,8.086],[99.392,8.11]]]]}},{"type":"Feature","id":333,"properties":{"id":333,"en":"Lamae","th":"ละแม","prov":"ชุมพร","code":"86"},"geometry":{"type":"MultiPolygon","coordinates":[[[[99.139,9.825],[99.113,9.839],[99.086,9.831],[99.088,9.845],[99.074,9.849],[99.027,9.798],[99.01,9.793],[98.999,9.81],[98.984,9.793],[98.968,9.81],[98.954,9.807],[98.946,9.823],[98.933,9.81],[98.909,9.807],[98.898,9.795],[98.882,9.79],[98.888,9.772],[98.879,9.741],[98.881,9.729],[98.895,9.723],[98.912,9.722],[98.939,9.681],[98.962,9.682],[98.965,9.676],[98.978,9.681],[98.982,9.672],[99.01,9.699],[99.02,9.693],[99.023,9.698],[99.032,9.696],[99.041,9.683],[99.058,9.689],[99.067,9.702],[99.081,9.696],[99.089,9.706],[99.135,9.708],[99.157,9.696],[99.139,9.825]]]]}},{"type":"Feature","id":334,"properties":{"id":334,"en":"Lamduan","th":"","prov":"","code":"32"},"geometry":{"type":"MultiPolygon","coordinates":[[[[103.759,14.769],[103.737,14.786],[103.706,14.776],[103.693,14.791],[103.667,14.804],[103.642,14.745],[103.607,14.704],[103.602,14.686],[103.61,14.681],[103.627,14.684],[103.617,14.662],[103.63,14.629],[103.681,14.652],[103.715,14.65],[103.723,14.657],[103.73,14.655],[103.739,14.677],[103.76,14.691],[103.77,14.735],[103.784,14.746],[103.782,14.761],[103.759,14.769]]]]}},{"type":"Feature","id":335,"properties":{"id":335,"en":"Lan Krabue","th":"ลานกระบือ","prov":"กำแพงเพชร","code":"62"},"geometry":{"type":"MultiPolygon","coordinates":[[[[99.853,16.735],[99.845,16.715],[99.833,16.715],[99.828,16.724],[99.814,16.72],[99.803,16.71],[99.81,16.699],[99.793,16.687],[99.757,16.684],[99.758,16.664],[99.741,16.65],[99.729,16.629],[99.737,16.624],[99.74,16.609],[99.723,16.588],[99.755,16.57],[99.747,16.531],[99.758,16.526],[99.771,16.534],[99.768,16.544],[99.832,16.534],[99.837,16.525],[99.85,16.533],[99.877,16.529],[99.892,16.538],[99.912,16.535],[99.916,16.518],[99.957,16.52],[99.959,16.507],[99.969,16.507],[99.97,16.498],[100.035,16.502],[100.025,16.52],[100.011,16.521],[100.015,16.583],[100.008,16.586],[100.004,16.579],[99.984,16.575],[99.971,16.58],[99.943,16.574],[99.925,16.579],[99.889,16.671],[99.892,16.686],[99.885,16.694],[99.891,16.698],[99.885,16.701],[99.897,16.706],[99.889,16.715],[99.884,16.711],[99.873,16.715],[99.872,16.725],[99.853,16.735]]]]}},{"type":"Feature","id":336,"properties":{"id":336,"en":"Lan Sak","th":"ลานสัก","prov":"อุทัยธานี","code":"61"},"geometry":{"type":"MultiPolygon","coordinates":[[[[99.348,15.366],[99.374,15.371],[99.388,15.361],[99.421,15.364],[99.442,15.357],[99.449,15.362],[99.469,15.35],[99.483,15.355],[99.483,15.347],[99.495,15.344],[99.505,15.357],[99.524,15.364],[99.539,15.382],[99.559,15.372],[99.562,15.362],[99.585,15.344],[99.615,15.333],[99.617,15.339],[99.646,15.342],[99.643,15.366],[99.653,15.39],[99.656,15.425],[99.666,15.418],[99.673,15.425],[99.699,15.427],[99.704,15.435],[99.694,15.465],[99.677,15.472],[99.667,15.493],[99.672,15.502],[99.666,15.51],[99.675,15.538],[99.673,15.561],[99.653,15.555],[99.622,15.578],[99.585,15.588],[99.571,15.602],[99.555,15.58],[99.526,15.571],[99.517,15.563],[99.504,15.562],[99.49,15.57],[99.47,15.565],[99.462,15.582],[99.455,15.582],[99.45,15.591],[99.426,15.605],[99.423,15.614],[99.379,15.625],[99.368,15.65],[99.372,15.664],[99.355,15.682],[99.333,15.692],[99.297,15.693],[99.277,15.717],[99.246,15.722],[99.213,15.78],[99.191,15.779],[99.186,15.769],[99.19,15.739],[99.177,15.726],[99.186,15.718],[99.178,15.71],[99.183,15.697],[99.176,15.692],[99.187,15.681],[99.187,15.655],[99.2,15.645],[99.197,15.619],[99.189,15.624],[99.186,15.619],[99.194,15.6],[99.184,15.593],[99.199,15.578],[99.188,15.57],[99.187,15.557],[99.173,15.554],[99.179,15.542],[99.192,15.543],[99.194,15.538],[99.202,15.543],[99.232,15.493],[99.235,15.469],[99.253,15.455],[99.257,15.439],[99.237,15.407],[99.25,15.409],[99.25,15.402],[99.261,15.399],[99.279,15.402],[99.297,15.382],[99.333,15.376],[99.348,15.366]]]]}},{"type":"Feature","id":337,"properties":{"id":337,"en":"Lan Saka","th":"ลานสกา","prov":"นครศรีธรรมราช","code":"80"},"geometry":{"type":"MultiPolygon","coordinates":[[[[99.721,8.302],[99.735,8.273],[99.753,8.271],[99.757,8.26],[99.764,8.267],[99.784,8.265],[99.798,8.281],[99.819,8.283],[99.816,8.294],[99.829,8.297],[99.828,8.308],[99.837,8.323],[99.85,8.32],[99.86,8.306],[99.874,8.326],[99.877,8.341],[99.893,8.345],[99.892,8.358],[99.898,8.362],[99.871,8.365],[99.861,8.374],[99.846,8.368],[99.853,8.416],[99.849,8.42],[99.845,8.413],[99.837,8.415],[99.831,8.43],[99.798,8.47],[99.782,8.474],[99.762,8.492],[99.728,8.494],[99.707,8.488],[99.697,8.455],[99.711,8.396],[99.702,8.385],[99.697,8.363],[99.713,8.351],[99.701,8.324],[99.72,8.313],[99.721,8.302]]]]}},{"type":"Feature","id":338,"properties":{"id":338,"en":"Lang Suan","th":"หลังสวน","prov":"ชุมพร","code":"86"},"geometry":{"type":"MultiPolygon","coordinates":[[[[99.191,10.049],[99.188,10.058],[99.186,10.051],[99.191,10.049]]],[[[98.882,10.005],[98.904,9.98],[98.932,9.968],[98.935,9.946],[98.947,9.94],[98.941,9.934],[98.967,9.935],[98.963,9.922],[98.979,9.898],[98.97,9.892],[98.973,9.882],[98.966,9.878],[98.978,9.863],[98.98,9.846],[98.968,9.843],[98.963,9.824],[98.946,9.823],[98.954,9.807],[98.968,9.81],[98.984,9.793],[98.999,9.81],[99.01,9.793],[99.027,9.798],[99.074,9.849],[99.088,9.845],[99.086,9.831],[99.113,9.839],[99.125,9.833],[99.139,9.825],[99.149,9.845],[99.163,9.848],[99.166,9.86],[99.157,9.893],[99.16,9.949],[99.15,9.983],[99.162,10.012],[99.176,10.008],[99.18,10.017],[99.173,10.029],[99.183,10.037],[99.182,10.043],[99.168,10.044],[99.154,10.065],[99.141,10.065],[99.132,10.074],[99.125,10.071],[99.119,10.058],[99.125,10.057],[99.128,10.028],[99.123,10.019],[99.04,10.053],[98.988,10.016],[98.959,10.021],[98.953,10.013],[98.943,10.013],[98.939,10.053],[98.923,10.069],[98.903,10.055],[98.905,10.027],[98.882,10.005]]]]}},{"type":"Feature","id":339,"properties":{"id":339,"en":"Lao Khwan","th":"เลาขวัญ","prov":"กาญจนบุรี","code":"71"},"geometry":{"type":"MultiPolygon","coordinates":[[[[99.57,14.461],[99.585,14.472],[99.626,14.459],[99.667,14.424],[99.697,14.424],[99.753,14.391],[99.769,14.391],[99.777,14.402],[99.796,14.396],[99.815,14.381],[99.826,14.386],[99.815,14.44],[99.825,14.473],[99.823,14.486],[99.828,14.49],[99.829,14.479],[99.833,14.482],[99.829,14.501],[99.815,14.515],[99.81,14.512],[99.805,14.526],[99.81,14.54],[99.793,14.553],[99.803,14.593],[99.798,14.602],[99.8,14.623],[99.818,14.629],[99.822,14.639],[99.808,14.647],[99.814,14.658],[99.802,14.673],[99.792,14.689],[99.797,14.706],[99.792,14.703],[99.783,14.719],[99.789,14.736],[99.756,14.747],[99.718,14.751],[99.678,14.784],[99.665,14.788],[99.659,14.803],[99.629,14.801],[99.61,14.785],[99.578,14.789],[99.571,14.78],[99.579,14.77],[99.569,14.712],[99.545,14.709],[99.533,14.668],[99.544,14.655],[99.542,14.64],[99.56,14.617],[99.554,14.602],[99.58,14.594],[99.599,14.577],[99.596,14.546],[99.589,14.526],[99.585,14.526],[99.578,14.479],[99.57,14.461]]]]}},{"type":"Feature","id":340,"properties":{"id":340,"en":"Lao Suea Kok","th":"","prov":"","code":"34"},"geometry":{"type":"MultiPolygon","coordinates":[[[[104.943,15.488],[104.932,15.492],[104.935,15.504],[104.918,15.504],[104.903,15.521],[104.9,15.539],[104.89,15.536],[104.891,15.544],[104.882,15.547],[104.879,15.537],[104.843,15.531],[104.854,15.478],[104.839,15.464],[104.836,15.449],[104.848,15.423],[104.847,15.395],[104.851,15.386],[104.857,15.385],[104.877,15.369],[104.888,15.368],[104.895,15.357],[104.917,15.356],[104.925,15.341],[104.935,15.341],[104.941,15.342],[104.935,15.356],[104.946,15.366],[104.946,15.381],[104.983,15.407],[104.991,15.399],[105.005,15.401],[105.007,15.417],[105.001,15.426],[104.943,15.488]]]]}},{"type":"Feature","id":341,"properties":{"id":341,"en":"Laplae","th":"ลับแล","prov":"อุตรดิตถ์","code":"53"},"geometry":{"type":"MultiPolygon","coordinates":[[[[99.894,17.807],[99.899,17.797],[99.922,17.786],[99.925,17.775],[99.912,17.765],[99.914,17.757],[99.939,17.735],[99.943,17.724],[99.963,17.712],[99.975,17.671],[99.976,17.65],[99.966,17.632],[99.977,17.622],[99.942,17.593],[99.924,17.586],[99.926,17.565],[99.941,17.55],[99.943,17.533],[99.97,17.512],[99.984,17.511],[100.014,17.48],[100.033,17.487],[100.08,17.512],[100.066,17.533],[100.076,17.59],[100.061,17.609],[100.076,17.619],[100.074,17.626],[100.066,17.628],[100.066,17.65],[100.073,17.659],[100.067,17.677],[100.087,17.678],[100.091,17.686],[100.087,17.717],[100.103,17.758],[100.093,17.774],[100.081,17.775],[100.063,17.8],[100.038,17.808],[100.024,17.823],[100.016,17.828],[100.014,17.823],[99.999,17.822],[99.989,17.835],[99.99,17.81],[99.977,17.797],[99.965,17.798],[99.959,17.778],[99.946,17.777],[99.907,17.806],[99.894,17.807]]]]}},{"type":"Feature","id":342,"properties":{"id":342,"en":"Lat Bua Luang","th":"ลาดบัวหลวง","prov":"พระนครศรีอยุธยา","code":"14"},"geometry":{"type":"MultiPolygon","coordinates":[[[[100.282,14.127],[100.3,14.14],[100.334,14.129],[100.344,14.115],[100.455,14.116],[100.456,14.129],[100.461,14.126],[100.461,14.151],[100.448,14.153],[100.443,14.167],[100.437,14.16],[100.425,14.161],[100.426,14.174],[100.414,14.179],[100.42,14.223],[100.404,14.217],[100.396,14.213],[100.367,14.218],[100.351,14.209],[100.351,14.225],[100.332,14.227],[100.302,14.217],[100.264,14.218],[100.261,14.202],[100.244,14.21],[100.236,14.204],[100.239,14.197],[100.225,14.194],[100.213,14.179],[100.284,14.17],[100.282,14.127]]]]}},{"type":"Feature","id":344,"properties":{"id":344,"en":"Lat Lum Kaeo","th":"","prov":"","code":"13"},"geometry":{"type":"MultiPolygon","coordinates":[[[[100.38,13.989],[100.382,13.995],[100.434,13.981],[100.453,13.967],[100.458,13.978],[100.462,13.972],[100.471,13.973],[100.471,13.997],[100.449,14.008],[100.45,14.016],[100.458,14.028],[100.483,14.015],[100.496,14.038],[100.497,14.047],[100.48,14.057],[100.48,14.071],[100.424,14.1],[100.422,14.114],[100.344,14.115],[100.332,14.067],[100.337,14.038],[100.356,14],[100.38,13.989]]]]}},{"type":"Feature","id":346,"properties":{"id":346,"en":"Lat Yao","th":"ลาดยาว","prov":"นครสวรรค์","code":"60"},"geometry":{"type":"MultiPolygon","coordinates":[[[[99.805,15.921],[99.786,15.927],[99.769,15.922],[99.774,15.903],[99.751,15.881],[99.744,15.858],[99.723,15.873],[99.698,15.877],[99.686,15.869],[99.683,15.863],[99.697,15.828],[99.682,15.813],[99.663,15.818],[99.641,15.808],[99.63,15.772],[99.642,15.738],[99.619,15.715],[99.64,15.707],[99.646,15.711],[99.66,15.701],[99.648,15.688],[99.629,15.681],[99.623,15.664],[99.639,15.675],[99.667,15.668],[99.706,15.686],[99.717,15.681],[99.734,15.688],[99.743,15.678],[99.765,15.661],[99.783,15.66],[99.795,15.642],[99.861,15.617],[99.866,15.619],[99.864,15.654],[99.932,15.672],[99.927,15.685],[99.93,15.707],[99.946,15.721],[99.933,15.748],[99.938,15.762],[99.934,15.777],[99.923,15.783],[99.904,15.778],[99.907,15.799],[99.9,15.799],[99.899,15.812],[99.891,15.813],[99.906,15.831],[99.93,15.838],[99.888,15.91],[99.881,15.914],[99.865,15.91],[99.86,15.902],[99.839,15.915],[99.827,15.912],[99.805,15.921]]]]}},{"type":"Feature","id":347,"properties":{"id":347,"en":"Li","th":"ลี้","prov":"ลำพูน","code":"51"},"geometry":{"type":"MultiPolygon","coordinates":[[[[98.807,18.137],[98.809,18.113],[98.797,18.086],[98.814,18.078],[98.807,18.073],[98.808,18.065],[98.797,18.057],[98.794,18.03],[98.779,18.014],[98.777,18.001],[98.787,17.999],[98.808,18.009],[98.833,17.987],[98.83,17.976],[98.841,17.964],[98.87,17.849],[98.86,17.856],[98.852,17.846],[98.852,17.822],[98.857,17.815],[98.827,17.799],[98.8,17.796],[98.792,17.813],[98.797,17.814],[98.794,17.824],[98.785,17.833],[98.777,17.831],[98.763,17.802],[98.743,17.806],[98.727,17.794],[98.713,17.799],[98.685,17.791],[98.688,17.78],[98.705,17.761],[98.703,17.744],[98.725,17.725],[98.726,17.715],[98.742,17.705],[98.746,17.693],[98.725,17.676],[98.684,17.665],[98.692,17.631],[98.683,17.597],[98.694,17.585],[98.702,17.557],[98.703,17.527],[98.697,17.514],[98.706,17.501],[98.705,17.486],[98.689,17.475],[98.681,17.447],[98.693,17.426],[98.719,17.466],[98.75,17.468],[98.764,17.484],[98.785,17.496],[98.814,17.499],[98.816,17.507],[98.829,17.515],[98.859,17.511],[98.872,17.492],[98.88,17.491],[98.879,17.498],[98.882,17.509],[98.91,17.537],[98.905,17.561],[98.911,17.582],[98.888,17.589],[98.887,17.602],[98.88,17.605],[98.881,17.627],[98.903,17.64],[98.906,17.649],[98.92,17.641],[98.938,17.641],[98.946,17.647],[98.96,17.64],[98.976,17.643],[98.99,17.634],[99,17.639],[99.019,17.615],[99.05,17.613],[99.062,17.637],[99.066,17.693],[99.088,17.704],[99.085,17.738],[99.104,17.741],[99.112,17.768],[99.126,17.771],[99.103,17.813],[99.082,17.812],[99.073,17.82],[99.066,17.813],[99.057,17.813],[99.044,17.845],[99.029,17.836],[99.004,17.843],[99.018,17.862],[99.021,17.879],[99.002,17.915],[99.013,17.932],[99.011,17.951],[98.998,17.964],[98.998,17.976],[98.985,17.996],[98.99,18.035],[98.997,18.042],[98.976,18.066],[98.979,18.081],[98.974,18.115],[98.979,18.139],[98.967,18.159],[98.959,18.166],[98.952,18.154],[98.924,18.141],[98.901,18.149],[98.826,18.132],[98.807,18.137]]]]}},{"type":"Feature","id":348,"properties":{"id":348,"en":"Loeng Nok Tha","th":"เลิงนกทา","prov":"ยโสธร","code":"35"},"geometry":{"type":"MultiPolygon","coordinates":[[[[104.766,16.196],[104.704,16.207],[104.692,16.215],[104.691,16.227],[104.67,16.231],[104.663,16.244],[104.658,16.226],[104.643,16.216],[104.628,16.211],[104.616,16.215],[104.6,16.227],[104.598,16.242],[104.585,16.237],[104.573,16.259],[104.556,16.261],[104.563,16.285],[104.55,16.312],[104.537,16.318],[104.511,16.317],[104.504,16.338],[104.473,16.346],[104.458,16.342],[104.388,16.349],[104.367,16.341],[104.348,16.323],[104.344,16.291],[104.329,16.271],[104.311,16.255],[104.297,16.253],[104.298,16.24],[104.274,16.226],[104.293,16.198],[104.292,16.181],[104.313,16.161],[104.322,16.141],[104.324,16.161],[104.351,16.133],[104.356,16.142],[104.36,16.132],[104.383,16.136],[104.389,16.166],[104.377,16.205],[104.39,16.221],[104.4,16.215],[104.408,16.216],[104.444,16.18],[104.451,16.133],[104.461,16.138],[104.473,16.126],[104.456,16.113],[104.455,16.095],[104.506,16.075],[104.53,16.085],[104.536,16.071],[104.548,16.074],[104.562,16.099],[104.605,16.109],[104.625,16.124],[104.679,16.12],[104.73,16.101],[104.764,16.104],[104.781,16.114],[104.802,16.095],[104.811,16.096],[104.825,16.155],[104.804,16.164],[104.789,16.157],[104.766,16.196]]]]}},{"type":"Feature","id":349,"properties":{"id":349,"en":"Lom Kao","th":"หล่มเก่า","prov":"เพชรบูรณ์","code":"67"},"geometry":{"type":"MultiPolygon","coordinates":[[[[101.079,16.9],[101.061,16.882],[101.056,16.823],[101.072,16.825],[101.096,16.812],[101.112,16.819],[101.132,16.807],[101.193,16.821],[101.198,16.836],[101.213,16.846],[101.258,16.849],[101.269,16.875],[101.27,16.903],[101.285,16.923],[101.311,16.919],[101.325,16.925],[101.327,16.937],[101.335,16.939],[101.361,16.932],[101.377,16.936],[101.387,16.929],[101.402,16.936],[101.417,16.932],[101.426,16.941],[101.423,16.956],[101.435,16.983],[101.432,17.007],[101.427,17.011],[101.488,17.005],[101.504,17.01],[101.492,17.033],[101.479,17.082],[101.468,17.093],[101.459,17.099],[101.462,17.106],[101.452,17.122],[101.457,17.126],[101.452,17.141],[101.412,17.167],[101.411,17.173],[101.395,17.178],[101.382,17.17],[101.356,17.171],[101.308,17.13],[101.307,17.12],[101.295,17.107],[101.273,17.096],[101.256,17.11],[101.244,17.109],[101.225,17.085],[101.229,17.067],[101.223,17.061],[101.206,17.069],[101.188,17.066],[101.173,17.054],[101.169,17.038],[101.115,17.021],[101.109,17.003],[101.115,17.001],[101.111,17.001],[101.113,16.942],[101.103,16.932],[101.101,16.912],[101.079,16.9]]]]}},{"type":"Feature","id":350,"properties":{"id":350,"en":"Lom Sak","th":"หล่มสัก","prov":"เพชรบูรณ์","code":"67"},"geometry":{"type":"MultiPolygon","coordinates":[[[[101.052,16.645],[101.063,16.636],[101.101,16.629],[101.142,16.631],[101.151,16.639],[101.155,16.613],[101.176,16.601],[101.184,16.584],[101.19,16.58],[101.195,16.586],[101.213,16.57],[101.217,16.561],[101.213,16.551],[101.234,16.546],[101.269,16.556],[101.3,16.546],[101.323,16.548],[101.343,16.561],[101.358,16.561],[101.354,16.569],[101.368,16.592],[101.406,16.595],[101.428,16.61],[101.45,16.606],[101.453,16.596],[101.466,16.6],[101.499,16.579],[101.5,16.61],[101.526,16.621],[101.509,16.656],[101.515,16.686],[101.511,16.757],[101.516,16.761],[101.524,16.79],[101.507,16.848],[101.503,16.858],[101.483,16.859],[101.475,16.84],[101.461,16.828],[101.457,16.831],[101.442,16.823],[101.443,16.837],[101.438,16.837],[101.434,16.85],[101.4,16.855],[101.409,16.868],[101.408,16.886],[101.424,16.894],[101.423,16.932],[101.408,16.931],[101.402,16.936],[101.387,16.929],[101.377,16.936],[101.361,16.932],[101.335,16.939],[101.327,16.937],[101.325,16.925],[101.311,16.919],[101.29,16.926],[101.27,16.903],[101.269,16.875],[101.258,16.849],[101.213,16.846],[101.198,16.836],[101.193,16.821],[101.132,16.807],[101.112,16.819],[101.096,16.812],[101.08,16.819],[101.091,16.788],[101.109,16.782],[101.1,16.755],[101.104,16.737],[101.088,16.703],[101.088,16.697],[101.105,16.685],[101.098,16.68],[101.052,16.676],[101.047,16.661],[101.059,16.653],[101.052,16.645]]]]}},{"type":"Feature","id":351,"properties":{"id":351,"en":"Long","th":"ลอง","prov":"แพร่","code":"54"},"geometry":{"type":"MultiPolygon","coordinates":[[[[99.972,18.044],[99.979,18.057],[99.978,18.089],[100.011,18.115],[100.016,18.129],[100.038,18.141],[100.037,18.148],[100.056,18.169],[100.064,18.189],[100.063,18.21],[100.077,18.236],[100.072,18.245],[100.077,18.255],[100.085,18.254],[100.09,18.277],[100.091,18.288],[100.075,18.31],[100.082,18.322],[100.072,18.336],[100.075,18.349],[100.058,18.35],[100.064,18.363],[100.051,18.359],[100.036,18.365],[100.039,18.388],[100.025,18.385],[99.997,18.403],[99.987,18.392],[99.967,18.393],[99.968,18.385],[99.955,18.377],[99.951,18.356],[99.94,18.352],[99.936,18.327],[99.906,18.28],[99.889,18.283],[99.872,18.278],[99.858,18.284],[99.851,18.256],[99.844,18.256],[99.834,18.236],[99.823,18.238],[99.81,18.227],[99.784,18.179],[99.754,18.14],[99.762,18.123],[99.739,18.109],[99.72,18.07],[99.69,18.065],[99.692,18.056],[99.669,18.042],[99.67,18.033],[99.688,18.017],[99.687,17.994],[99.678,17.985],[99.676,17.957],[99.663,17.955],[99.668,17.954],[99.667,17.947],[99.634,17.947],[99.643,17.939],[99.631,17.933],[99.634,17.911],[99.654,17.902],[99.676,17.904],[99.721,17.914],[99.739,17.924],[99.783,17.931],[99.792,17.925],[99.81,17.93],[99.837,17.924],[99.856,17.939],[99.868,17.939],[99.877,17.925],[99.883,17.926],[99.893,17.935],[99.884,17.942],[99.935,17.976],[99.943,17.995],[99.96,18.007],[99.975,18.034],[99.972,18.044]]]]}},{"type":"Feature","id":352,"properties":{"id":352,"en":"Lue Amnat","th":"ม่วงสามสิบ","prov":"อุบลราชธานี","code":"34"},"geometry":{"type":"MultiPolygon","coordinates":[[[[104.62,15.687],[104.641,15.687],[104.647,15.677],[104.673,15.676],[104.697,15.658],[104.714,15.661],[104.729,15.648],[104.742,15.658],[104.746,15.641],[104.777,15.629],[104.781,15.619],[104.788,15.621],[104.787,15.605],[104.801,15.596],[104.808,15.604],[104.802,15.61],[104.807,15.621],[104.813,15.625],[104.806,15.638],[104.813,15.652],[104.808,15.679],[104.777,15.712],[104.776,15.734],[104.764,15.75],[104.736,15.763],[104.724,15.785],[104.7,15.801],[104.698,15.794],[104.691,15.798],[104.692,15.787],[104.661,15.787],[104.636,15.776],[104.623,15.779],[104.61,15.773],[104.59,15.746],[104.591,15.735],[104.602,15.728],[104.604,15.719],[104.594,15.712],[104.595,15.705],[104.62,15.687]]]]}},{"type":"Feature","id":353,"properties":{"id":353,"en":"Mae Ai","th":"แม่อาย","prov":"เชียงใหม่","code":"50"},"geometry":{"type":"MultiPolygon","coordinates":[[[[99.362,19.777],[99.377,19.779],[99.382,19.811],[99.42,19.814],[99.421,19.823],[99.408,19.832],[99.415,19.845],[99.388,19.865],[99.381,19.889],[99.403,19.915],[99.42,19.918],[99.415,19.932],[99.419,19.953],[99.441,19.963],[99.466,20.005],[99.478,20.013],[99.466,20.026],[99.467,20.034],[99.505,20.054],[99.492,20.066],[99.491,20.079],[99.55,20.104],[99.559,20.098],[99.571,20.108],[99.573,20.119],[99.51,20.147],[99.495,20.133],[99.498,20.116],[99.445,20.098],[99.438,20.091],[99.396,20.09],[99.379,20.089],[99.365,20.099],[99.351,20.096],[99.332,20.111],[99.278,20.117],[99.246,20.113],[99.232,20.125],[99.223,20.121],[99.21,20.133],[99.192,20.128],[99.158,20.133],[99.125,20.116],[99.138,20.095],[99.136,20.082],[99.144,20.073],[99.144,20.048],[99.154,20.02],[99.21,19.986],[99.218,19.966],[99.244,19.96],[99.244,19.94],[99.25,19.934],[99.236,19.916],[99.253,19.909],[99.25,19.896],[99.265,19.895],[99.275,19.887],[99.288,19.891],[99.319,19.85],[99.317,19.845],[99.326,19.841],[99.362,19.777]]]]}},{"type":"Feature","id":354,"properties":{"id":354,"en":"Mae Chaem","th":"แม่แจ่ม","prov":"เชียงใหม่","code":"50"},"geometry":{"type":"MultiPolygon","coordinates":[[[[98.488,18.593],[98.487,18.628],[98.501,18.66],[98.495,18.668],[98.501,18.693],[98.498,18.713],[98.492,18.717],[98.497,18.719],[98.494,18.733],[98.488,18.733],[98.499,18.751],[98.496,18.764],[98.504,18.774],[98.526,18.78],[98.56,18.803],[98.531,18.837],[98.524,18.857],[98.517,18.86],[98.526,18.87],[98.527,18.888],[98.51,18.906],[98.486,18.915],[98.488,18.924],[98.478,18.927],[98.453,18.911],[98.458,18.894],[98.427,18.901],[98.383,18.881],[98.355,18.901],[98.356,18.907],[98.34,18.912],[98.342,18.919],[98.327,18.937],[98.291,18.924],[98.267,18.931],[98.243,18.921],[98.244,18.909],[98.21,18.87],[98.193,18.87],[98.188,18.878],[98.162,18.881],[98.156,18.888],[98.148,18.883],[98.131,18.883],[98.121,18.89],[98.102,18.885],[98.092,18.87],[98.078,18.821],[98.088,18.804],[98.085,18.796],[98.093,18.777],[98.122,18.776],[98.121,18.759],[98.094,18.738],[98.102,18.735],[98.108,18.713],[98.1,18.704],[98.107,18.688],[98.105,18.677],[98.113,18.67],[98.105,18.649],[98.117,18.635],[98.144,18.639],[98.161,18.626],[98.183,18.625],[98.182,18.61],[98.211,18.607],[98.213,18.591],[98.227,18.587],[98.237,18.572],[98.232,18.557],[98.209,18.538],[98.175,18.547],[98.17,18.525],[98.163,18.525],[98.154,18.512],[98.122,18.503],[98.106,18.458],[98.083,18.446],[98.074,18.43],[98.083,18.418],[98.094,18.421],[98.126,18.406],[98.123,18.394],[98.136,18.386],[98.145,18.363],[98.198,18.333],[98.207,18.31],[98.203,18.294],[98.193,18.285],[98.153,18.286],[98.138,18.281],[98.136,18.268],[98.143,18.252],[98.139,18.24],[98.147,18.227],[98.17,18.222],[98.171,18.233],[98.188,18.242],[98.188,18.258],[98.207,18.25],[98.214,18.221],[98.225,18.21],[98.239,18.218],[98.251,18.215],[98.262,18.233],[98.272,18.228],[98.296,18.233],[98.305,18.243],[98.306,18.257],[98.299,18.264],[98.308,18.283],[98.317,18.283],[98.323,18.275],[98.337,18.276],[98.351,18.288],[98.363,18.278],[98.368,18.283],[98.385,18.277],[98.397,18.267],[98.4,18.256],[98.421,18.247],[98.43,18.261],[98.458,18.268],[98.464,18.277],[98.464,18.307],[98.455,18.313],[98.453,18.325],[98.469,18.352],[98.471,18.389],[98.481,18.398],[98.489,18.422],[98.483,18.445],[98.475,18.45],[98.476,18.464],[98.499,18.486],[98.511,18.49],[98.504,18.5],[98.51,18.504],[98.503,18.506],[98.507,18.524],[98.498,18.526],[98.482,18.552],[98.478,18.584],[98.488,18.593]]]]}},{"type":"Feature","id":355,"properties":{"id":355,"en":"Mae Chai","th":"แม่ใจ","prov":"พะเยา","code":"56"},"geometry":{"type":"MultiPolygon","coordinates":[[[[99.914,19.432],[99.899,19.426],[99.875,19.455],[99.864,19.446],[99.844,19.445],[99.787,19.451],[99.775,19.442],[99.755,19.441],[99.731,19.424],[99.683,19.422],[99.696,19.381],[99.691,19.36],[99.708,19.344],[99.704,19.322],[99.719,19.323],[99.74,19.316],[99.773,19.29],[99.816,19.298],[99.82,19.312],[99.827,19.311],[99.826,19.326],[99.851,19.321],[99.865,19.331],[99.869,19.356],[99.89,19.352],[99.895,19.362],[99.888,19.378],[99.899,19.38],[99.898,19.393],[99.92,19.406],[99.914,19.432]]]]}},{"type":"Feature","id":356,"properties":{"id":356,"en":"Mae Chan","th":"แม่จัน","prov":"เชียงราย","code":"57"},"geometry":{"type":"MultiPolygon","coordinates":[[[[99.945,20.289],[99.931,20.279],[99.922,20.288],[99.893,20.258],[99.874,20.271],[99.867,20.264],[99.841,20.269],[99.834,20.263],[99.839,20.259],[99.824,20.246],[99.821,20.23],[99.806,20.23],[99.799,20.238],[99.791,20.229],[99.776,20.23],[99.762,20.189],[99.748,20.179],[99.756,20.166],[99.753,20.156],[99.758,20.156],[99.758,20.148],[99.746,20.141],[99.756,20.129],[99.752,20.125],[99.72,20.116],[99.707,20.123],[99.7,20.117],[99.691,20.125],[99.68,20.125],[99.673,20.123],[99.676,20.113],[99.644,20.107],[99.62,20.121],[99.596,20.152],[99.594,20.166],[99.577,20.167],[99.566,20.175],[99.542,20.173],[99.538,20.148],[99.518,20.153],[99.511,20.152],[99.513,20.147],[99.521,20.138],[99.569,20.124],[99.571,20.108],[99.559,20.098],[99.55,20.104],[99.491,20.079],[99.492,20.066],[99.551,20.025],[99.574,20.022],[99.575,20.039],[99.595,20.04],[99.605,20.067],[99.604,20.077],[99.614,20.084],[99.619,20.099],[99.643,20.093],[99.65,20.08],[99.682,20.068],[99.687,20.056],[99.684,20.028],[99.7,20.039],[99.724,20.031],[99.733,20.036],[99.737,20.053],[99.751,20.054],[99.762,20.065],[99.788,20.06],[99.811,20.08],[99.812,20.096],[99.854,20.116],[99.88,20.104],[99.889,20.106],[99.894,20.12],[99.915,20.115],[99.924,20.124],[99.928,20.117],[99.948,20.136],[99.954,20.126],[99.97,20.128],[99.982,20.105],[100.005,20.112],[100.028,20.109],[100.024,20.129],[100.037,20.127],[100.037,20.14],[100.057,20.137],[100.056,20.154],[100.069,20.148],[100.071,20.161],[100.082,20.16],[100.079,20.169],[100.067,20.172],[100.077,20.182],[100.09,20.183],[100.079,20.196],[100.084,20.204],[100.057,20.218],[100.056,20.214],[100.05,20.217],[100.046,20.2],[100.033,20.2],[100.036,20.211],[100.024,20.215],[100.024,20.237],[99.991,20.26],[99.981,20.26],[99.989,20.307],[99.98,20.3],[99.967,20.301],[99.958,20.289],[99.945,20.289]]]]}},{"type":"Feature","id":357,"properties":{"id":357,"en":"Mae Charim","th":"แม่จริม","prov":"น่าน","code":"55"},"geometry":{"type":"MultiPolygon","coordinates":[[[[101.174,18.901],[101.128,18.875],[101.109,18.851],[101.075,18.861],[101.061,18.871],[101.04,18.872],[101.027,18.858],[100.999,18.855],[100.993,18.846],[100.984,18.848],[100.984,18.813],[100.963,18.773],[100.958,18.74],[100.948,18.73],[100.954,18.716],[100.934,18.697],[100.921,18.695],[100.914,18.676],[100.923,18.659],[100.92,18.645],[100.927,18.624],[100.941,18.623],[100.973,18.601],[100.985,18.602],[100.986,18.592],[101,18.577],[101.012,18.57],[101.022,18.574],[101.031,18.56],[101.069,18.547],[101.104,18.521],[101.138,18.527],[101.149,18.552],[101.183,18.56],[101.187,18.58],[101.18,18.588],[101.182,18.612],[101.227,18.625],[101.242,18.64],[101.242,18.651],[101.25,18.657],[101.259,18.678],[101.273,18.688],[101.257,18.706],[101.235,18.712],[101.224,18.731],[101.236,18.741],[101.244,18.77],[101.253,18.772],[101.249,18.791],[101.259,18.809],[101.246,18.828],[101.246,18.838],[101.255,18.848],[101.249,18.896],[101.221,18.901],[101.218,18.894],[101.19,18.888],[101.174,18.901]]]]}},{"type":"Feature","id":358,"properties":{"id":358,"en":"Mae Fa Luang","th":"แม่ฟ้าหลวง","prov":"เชียงราย","code":"57"},"geometry":{"type":"MultiPolygon","coordinates":[[[[99.841,20.269],[99.811,20.336],[99.777,20.335],[99.771,20.342],[99.758,20.339],[99.73,20.35],[99.717,20.342],[99.718,20.328],[99.699,20.327],[99.681,20.316],[99.658,20.328],[99.644,20.344],[99.612,20.332],[99.558,20.358],[99.54,20.356],[99.516,20.363],[99.497,20.385],[99.489,20.384],[99.473,20.394],[99.458,20.393],[99.456,20.363],[99.488,20.346],[99.507,20.326],[99.505,20.294],[99.518,20.266],[99.523,20.233],[99.534,20.232],[99.545,20.218],[99.556,20.217],[99.561,20.204],[99.55,20.175],[99.594,20.166],[99.596,20.152],[99.629,20.113],[99.657,20.108],[99.676,20.113],[99.673,20.123],[99.68,20.125],[99.691,20.125],[99.7,20.117],[99.707,20.123],[99.72,20.116],[99.756,20.129],[99.746,20.141],[99.758,20.148],[99.748,20.179],[99.762,20.189],[99.776,20.23],[99.791,20.229],[99.799,20.238],[99.806,20.23],[99.821,20.23],[99.824,20.246],[99.839,20.259],[99.834,20.263],[99.841,20.269]]]]}},{"type":"Feature","id":359,"properties":{"id":359,"en":"Mae La Noi","th":"แม่ลาน้อย","prov":"แม่ฮ่องสอน","code":"58"},"geometry":{"type":"MultiPolygon","coordinates":[[[[97.771,18.599],[97.767,18.554],[97.786,18.539],[97.78,18.475],[97.79,18.444],[97.805,18.444],[97.796,18.417],[97.808,18.412],[97.809,18.394],[97.798,18.375],[97.819,18.353],[97.852,18.345],[97.863,18.336],[97.872,18.317],[97.899,18.298],[97.908,18.282],[97.919,18.282],[97.936,18.295],[97.978,18.253],[97.991,18.273],[98.009,18.271],[98.013,18.284],[98.034,18.286],[98.053,18.299],[98.069,18.334],[98.078,18.342],[98.093,18.346],[98.097,18.328],[98.119,18.312],[98.15,18.313],[98.17,18.346],[98.164,18.355],[98.145,18.363],[98.136,18.386],[98.123,18.394],[98.126,18.406],[98.094,18.421],[98.083,18.418],[98.074,18.43],[98.083,18.446],[98.106,18.458],[98.122,18.503],[98.154,18.512],[98.163,18.525],[98.17,18.525],[98.175,18.547],[98.209,18.538],[98.232,18.557],[98.237,18.572],[98.227,18.587],[98.213,18.591],[98.211,18.607],[98.182,18.61],[98.183,18.625],[98.161,18.626],[98.144,18.639],[98.117,18.635],[98.105,18.649],[98.11,18.675],[98.086,18.669],[98.072,18.675],[98.051,18.663],[98.003,18.652],[97.969,18.626],[97.967,18.617],[97.958,18.624],[97.944,18.624],[97.937,18.614],[97.917,18.621],[97.888,18.609],[97.877,18.617],[97.871,18.613],[97.862,18.622],[97.83,18.602],[97.817,18.606],[97.784,18.593],[97.771,18.599]]]]}},{"type":"Feature","id":360,"properties":{"id":360,"en":"Mae Lan","th":"โคกโพธิ์","prov":"ปัตตานี","code":"94"},"geometry":{"type":"MultiPolygon","coordinates":[[[[101.224,6.606],[101.249,6.644],[101.255,6.641],[101.275,6.65],[101.279,6.667],[101.285,6.669],[101.28,6.685],[101.291,6.692],[101.283,6.712],[101.284,6.701],[101.278,6.7],[101.277,6.691],[101.269,6.691],[101.245,6.699],[101.208,6.723],[101.188,6.696],[101.184,6.662],[101.206,6.651],[101.198,6.647],[101.202,6.634],[101.224,6.606]]]]}},{"type":"Feature","id":361,"properties":{"id":361,"en":"Mae Lao","th":"แม่ลาว","prov":"เชียงราย","code":"57"},"geometry":{"type":"MultiPolygon","coordinates":[[[[99.806,19.727],[99.808,19.751],[99.795,19.763],[99.798,19.787],[99.782,19.801],[99.778,19.815],[99.764,19.82],[99.752,19.816],[99.741,19.833],[99.713,19.831],[99.71,19.819],[99.701,19.82],[99.692,19.809],[99.689,19.82],[99.647,19.847],[99.648,19.859],[99.639,19.862],[99.617,19.849],[99.624,19.844],[99.613,19.806],[99.644,19.769],[99.624,19.761],[99.636,19.746],[99.615,19.737],[99.621,19.73],[99.621,19.716],[99.635,19.713],[99.639,19.701],[99.653,19.696],[99.66,19.697],[99.663,19.71],[99.69,19.717],[99.694,19.712],[99.718,19.715],[99.722,19.724],[99.728,19.723],[99.727,19.737],[99.741,19.752],[99.755,19.741],[99.756,19.73],[99.791,19.735],[99.806,19.727]]]]}},{"type":"Feature","id":362,"properties":{"id":362,"en":"Mae Mo","th":"แม่เมาะ","prov":"ลำปาง","code":"52"},"geometry":{"type":"MultiPolygon","coordinates":[[[[99.72,18.605],[99.724,18.6],[99.716,18.57],[99.733,18.561],[99.734,18.548],[99.744,18.541],[99.768,18.539],[99.772,18.51],[99.755,18.501],[99.728,18.451],[99.707,18.444],[99.712,18.429],[99.679,18.4],[99.664,18.364],[99.666,18.351],[99.655,18.34],[99.648,18.341],[99.644,18.326],[99.636,18.323],[99.641,18.313],[99.627,18.309],[99.635,18.294],[99.625,18.277],[99.629,18.259],[99.624,18.236],[99.633,18.222],[99.659,18.219],[99.672,18.224],[99.686,18.218],[99.692,18.227],[99.712,18.235],[99.731,18.229],[99.732,18.216],[99.764,18.211],[99.781,18.194],[99.792,18.194],[99.81,18.227],[99.823,18.238],[99.834,18.236],[99.844,18.256],[99.851,18.256],[99.858,18.284],[99.872,18.278],[99.889,18.283],[99.906,18.28],[99.936,18.327],[99.943,18.355],[99.951,18.356],[99.961,18.384],[99.968,18.385],[99.967,18.393],[99.987,18.392],[100.007,18.412],[100.014,18.437],[100.004,18.445],[100.022,18.448],[100.029,18.465],[100.023,18.469],[100.032,18.471],[100.05,18.497],[100.057,18.527],[100.029,18.546],[99.93,18.563],[99.922,18.552],[99.898,18.548],[99.895,18.528],[99.875,18.526],[99.85,18.488],[99.834,18.482],[99.82,18.495],[99.826,18.528],[99.822,18.547],[99.794,18.565],[99.803,18.575],[99.808,18.604],[99.765,18.625],[99.751,18.614],[99.727,18.614],[99.72,18.605]]]]}},{"type":"Feature","id":363,"properties":{"id":363,"en":"Mae On","th":"แม่ออน","prov":"เชียงใหม่","code":"50"},"geometry":{"type":"MultiPolygon","coordinates":[[[[99.218,18.592],[99.264,18.572],[99.296,18.537],[99.317,18.532],[99.328,18.546],[99.332,18.576],[99.353,18.579],[99.349,18.594],[99.358,18.608],[99.348,18.618],[99.327,18.62],[99.333,18.65],[99.349,18.655],[99.333,18.669],[99.327,18.685],[99.337,18.694],[99.334,18.702],[99.343,18.707],[99.348,18.735],[99.371,18.753],[99.366,18.769],[99.371,18.782],[99.359,18.801],[99.35,18.836],[99.353,18.847],[99.377,18.861],[99.391,18.884],[99.378,18.922],[99.37,18.914],[99.348,18.909],[99.324,18.916],[99.296,18.904],[99.279,18.904],[99.256,18.89],[99.248,18.873],[99.234,18.868],[99.239,18.862],[99.236,18.836],[99.218,18.831],[99.22,18.822],[99.207,18.813],[99.226,18.795],[99.229,18.779],[99.224,18.765],[99.211,18.759],[99.212,18.742],[99.231,18.747],[99.251,18.725],[99.267,18.719],[99.271,18.684],[99.265,18.685],[99.253,18.665],[99.239,18.663],[99.231,18.654],[99.235,18.617],[99.223,18.607],[99.218,18.592]]]]}},{"type":"Feature","id":364,"properties":{"id":364,"en":"Mae Phrik","th":"แม่พริก","prov":"ลำปาง","code":"52"},"geometry":{"type":"MultiPolygon","coordinates":[[[[99.214,17.39],[99.206,17.423],[99.191,17.43],[99.189,17.443],[99.169,17.45],[99.176,17.468],[99.169,17.476],[99.175,17.499],[99.16,17.511],[99.172,17.512],[99.17,17.52],[99.181,17.532],[99.151,17.567],[99.124,17.574],[99.082,17.6],[99.075,17.596],[99.071,17.606],[99.059,17.612],[99.019,17.615],[99,17.639],[98.99,17.634],[98.976,17.643],[98.96,17.64],[98.946,17.647],[98.938,17.641],[98.92,17.641],[98.906,17.649],[98.903,17.64],[98.881,17.627],[98.88,17.605],[98.887,17.602],[98.888,17.589],[98.911,17.582],[98.907,17.555],[98.91,17.537],[98.925,17.526],[98.922,17.513],[98.928,17.506],[98.931,17.474],[98.946,17.469],[98.955,17.474],[98.959,17.463],[98.98,17.468],[99.014,17.423],[99.012,17.415],[99.033,17.41],[99.047,17.386],[99.057,17.388],[99.078,17.373],[99.086,17.377],[99.11,17.359],[99.117,17.367],[99.142,17.361],[99.161,17.333],[99.174,17.336],[99.177,17.349],[99.206,17.368],[99.214,17.39]]]]}},{"type":"Feature","id":365,"properties":{"id":365,"en":"Mae Poen","th":"แม่เปิน","prov":"นครสวรรค์","code":"60"},"geometry":{"type":"MultiPolygon","coordinates":[[[[99.464,15.731],[99.445,15.733],[99.428,15.754],[99.421,15.746],[99.401,15.742],[99.403,15.735],[99.396,15.73],[99.382,15.733],[99.368,15.738],[99.362,15.762],[99.342,15.775],[99.294,15.783],[99.287,15.761],[99.263,15.781],[99.228,15.797],[99.219,15.78],[99.213,15.78],[99.246,15.722],[99.277,15.717],[99.297,15.693],[99.333,15.692],[99.355,15.682],[99.364,15.669],[99.372,15.664],[99.368,15.65],[99.379,15.625],[99.423,15.614],[99.426,15.605],[99.45,15.591],[99.455,15.582],[99.462,15.582],[99.47,15.565],[99.497,15.569],[99.505,15.617],[99.513,15.623],[99.51,15.641],[99.492,15.652],[99.489,15.696],[99.473,15.707],[99.464,15.731]]]]}},{"type":"Feature","id":366,"properties":{"id":366,"en":"Mae Ramat","th":"แม่ระมาด","prov":"ตาก","code":"63"},"geometry":{"type":"MultiPolygon","coordinates":[[[[98.844,17.151],[98.817,17.172],[98.805,17.19],[98.782,17.182],[98.779,17.17],[98.757,17.158],[98.766,17.147],[98.765,17.137],[98.741,17.155],[98.704,17.166],[98.683,17.182],[98.68,17.198],[98.662,17.211],[98.658,17.231],[98.594,17.275],[98.587,17.293],[98.579,17.294],[98.574,17.284],[98.545,17.283],[98.532,17.275],[98.518,17.282],[98.502,17.28],[98.49,17.27],[98.479,17.278],[98.461,17.276],[98.454,17.269],[98.442,17.271],[98.421,17.253],[98.398,17.252],[98.392,17.242],[98.409,17.228],[98.416,17.21],[98.47,17.18],[98.468,17.158],[98.455,17.159],[98.433,17.149],[98.433,17.144],[98.419,17.137],[98.421,17.126],[98.403,17.121],[98.394,17.108],[98.384,17.11],[98.367,17.102],[98.35,17.088],[98.351,17.075],[98.343,17.077],[98.322,17.064],[98.344,17.048],[98.39,17.06],[98.396,17.047],[98.404,17.056],[98.411,17.054],[98.416,17.043],[98.438,17.035],[98.43,17.022],[98.454,17.023],[98.455,17.011],[98.448,16.997],[98.458,16.991],[98.473,16.995],[98.48,16.981],[98.469,16.971],[98.49,16.969],[98.488,16.958],[98.5,16.957],[98.508,16.945],[98.496,16.95],[98.483,16.936],[98.491,16.933],[98.49,16.923],[98.505,16.928],[98.501,16.918],[98.506,16.911],[98.522,16.916],[98.513,16.902],[98.536,16.897],[98.526,16.885],[98.54,16.861],[98.52,16.878],[98.509,16.88],[98.515,16.857],[98.511,16.856],[98.506,16.867],[98.5,16.863],[98.493,16.841],[98.502,16.833],[98.509,16.837],[98.523,16.834],[98.526,16.827],[98.546,16.833],[98.548,16.838],[98.555,16.833],[98.565,16.837],[98.564,16.855],[98.578,16.866],[98.581,16.88],[98.577,16.897],[98.6,16.905],[98.606,16.925],[98.602,16.93],[98.61,16.927],[98.61,16.94],[98.623,16.949],[98.664,16.946],[98.675,16.939],[98.689,16.955],[98.68,16.96],[98.68,16.972],[98.69,16.968],[98.698,16.975],[98.711,16.965],[98.727,16.963],[98.735,16.974],[98.75,16.959],[98.753,16.969],[98.768,16.978],[98.774,16.967],[98.81,16.945],[98.817,16.93],[98.85,16.904],[98.897,16.911],[98.891,16.925],[98.881,16.926],[98.875,16.938],[98.892,16.955],[98.903,16.957],[98.912,16.975],[98.91,16.986],[98.906,16.993],[98.894,16.995],[98.888,17.01],[98.859,17.031],[98.825,17.071],[98.827,17.09],[98.846,17.103],[98.851,17.122],[98.844,17.151]]]]}},{"type":"Feature","id":367,"properties":{"id":367,"en":"Mae Rim","th":"แม่ริม","prov":"เชียงใหม่","code":"50"},"geometry":{"type":"MultiPolygon","coordinates":[[[[98.868,18.838],[98.882,18.832],[98.899,18.837],[98.905,18.832],[98.915,18.839],[98.943,18.842],[98.964,18.833],[98.965,18.84],[98.986,18.843],[98.981,18.859],[98.974,18.859],[98.979,18.865],[98.975,18.875],[99,18.875],[99.001,18.884],[98.981,18.924],[98.973,18.965],[98.961,18.981],[98.968,18.997],[98.955,19.018],[98.961,19.025],[98.957,19.035],[98.961,19.041],[98.932,19.044],[98.92,19.036],[98.903,19.04],[98.869,19.026],[98.842,19.035],[98.836,19.032],[98.834,19.036],[98.81,19.035],[98.776,19.059],[98.771,19.076],[98.769,19.065],[98.75,19.045],[98.747,19.024],[98.764,18.987],[98.782,18.97],[98.784,18.952],[98.799,18.938],[98.8,18.92],[98.783,18.877],[98.791,18.849],[98.803,18.844],[98.82,18.851],[98.833,18.844],[98.85,18.86],[98.863,18.854],[98.868,18.838]]]]}},{"type":"Feature","id":368,"properties":{"id":368,"en":"Mae Sai","th":"แม่สาย","prov":"เชียงราย","code":"57"},"geometry":{"type":"MultiPolygon","coordinates":[[[[100.036,20.398],[100.009,20.419],[100.004,20.413],[99.999,20.419],[99.99,20.418],[99.995,20.421],[99.987,20.423],[99.993,20.427],[99.984,20.43],[99.989,20.437],[99.974,20.444],[99.98,20.451],[99.967,20.454],[99.97,20.459],[99.965,20.457],[99.96,20.465],[99.932,20.456],[99.921,20.446],[99.908,20.45],[99.893,20.443],[99.865,20.446],[99.859,20.441],[99.864,20.433],[99.859,20.421],[99.84,20.401],[99.841,20.385],[99.84,20.374],[99.811,20.336],[99.841,20.269],[99.867,20.264],[99.874,20.271],[99.893,20.258],[99.922,20.288],[99.931,20.279],[99.951,20.294],[99.966,20.331],[99.966,20.354],[99.995,20.353],[100.014,20.387],[100.024,20.393],[100.028,20.385],[100.027,20.394],[100.035,20.391],[100.036,20.398]]]]}},{"type":"Feature","id":369,"properties":{"id":369,"en":"Mae Sariang","th":"แม่สะเรียง","prov":"แม่ฮ่องสอน","code":"58"},"geometry":{"type":"MultiPolygon","coordinates":[[[[98.17,18.222],[98.147,18.227],[98.136,18.268],[98.14,18.283],[98.193,18.285],[98.203,18.294],[98.208,18.307],[98.198,18.333],[98.195,18.33],[98.179,18.345],[98.17,18.346],[98.15,18.313],[98.129,18.311],[98.103,18.321],[98.093,18.346],[98.078,18.342],[98.069,18.334],[98.053,18.299],[98.034,18.286],[98.013,18.284],[98.009,18.271],[97.991,18.273],[97.978,18.253],[97.936,18.295],[97.919,18.282],[97.908,18.282],[97.899,18.298],[97.872,18.317],[97.854,18.343],[97.819,18.353],[97.798,18.375],[97.809,18.394],[97.808,18.412],[97.796,18.417],[97.805,18.444],[97.79,18.444],[97.785,18.452],[97.78,18.475],[97.786,18.539],[97.767,18.554],[97.769,18.578],[97.752,18.576],[97.732,18.586],[97.723,18.574],[97.701,18.569],[97.651,18.577],[97.635,18.559],[97.627,18.566],[97.614,18.561],[97.62,18.539],[97.613,18.546],[97.603,18.536],[97.572,18.535],[97.564,18.522],[97.545,18.53],[97.534,18.491],[97.518,18.498],[97.501,18.494],[97.491,18.51],[97.482,18.511],[97.465,18.497],[97.444,18.495],[97.436,18.521],[97.429,18.525],[97.427,18.545],[97.409,18.556],[97.404,18.567],[97.363,18.56],[97.362,18.6],[97.343,18.576],[97.344,18.553],[97.353,18.534],[97.384,18.51],[97.398,18.458],[97.416,18.438],[97.425,18.409],[97.44,18.405],[97.452,18.389],[97.442,18.359],[97.447,18.331],[97.466,18.304],[97.507,18.267],[97.536,18.286],[97.55,18.332],[97.559,18.339],[97.575,18.338],[97.619,18.318],[97.64,18.282],[97.611,18.251],[97.609,18.239],[97.651,18.178],[97.675,18.162],[97.678,18.115],[97.69,18.088],[97.689,18.08],[97.68,18.075],[97.681,18.066],[97.687,18.06],[97.699,18.066],[97.708,18.056],[97.723,18.023],[97.721,18.015],[97.737,18.026],[97.784,18.012],[97.796,18.02],[97.818,18.016],[97.826,18.002],[97.862,18.017],[97.919,18.01],[97.919,18.017],[97.907,18.025],[97.926,18.036],[97.923,18.07],[97.937,18.087],[97.962,18.099],[97.971,18.097],[97.977,18.087],[97.973,18.069],[97.998,18.043],[98.008,18.04],[98.013,18.022],[98.044,18.008],[98.058,17.994],[98.071,18.001],[98.081,18.018],[98.075,18.03],[98.088,18.036],[98.087,18.049],[98.095,18.054],[98.09,18.06],[98.092,18.076],[98.107,18.079],[98.124,18.092],[98.123,18.119],[98.09,18.153],[98.09,18.165],[98.1,18.171],[98.111,18.157],[98.162,18.147],[98.156,18.166],[98.167,18.168],[98.167,18.182],[98.176,18.192],[98.166,18.205],[98.17,18.222]]]]}},{"type":"Feature","id":370,"properties":{"id":370,"en":"Mae Sot","th":"แม่สอด","prov":"ตาก","code":"63"},"geometry":{"type":"MultiPolygon","coordinates":[[[[98.536,16.83],[98.547,16.813],[98.515,16.805],[98.516,16.798],[98.526,16.799],[98.52,16.79],[98.51,16.798],[98.503,16.786],[98.495,16.792],[98.485,16.789],[98.49,16.772],[98.477,16.764],[98.478,16.746],[98.462,16.75],[98.469,16.739],[98.463,16.729],[98.478,16.719],[98.471,16.712],[98.484,16.717],[98.491,16.709],[98.495,16.716],[98.502,16.715],[98.495,16.691],[98.511,16.701],[98.516,16.695],[98.512,16.644],[98.522,16.65],[98.534,16.635],[98.544,16.639],[98.559,16.636],[98.561,16.63],[98.571,16.631],[98.571,16.607],[98.577,16.606],[98.577,16.598],[98.582,16.6],[98.586,16.588],[98.579,16.575],[98.586,16.566],[98.576,16.573],[98.573,16.569],[98.579,16.565],[98.577,16.558],[98.585,16.558],[98.583,16.547],[98.597,16.547],[98.596,16.541],[98.62,16.546],[98.641,16.535],[98.655,16.545],[98.688,16.533],[98.707,16.552],[98.736,16.558],[98.749,16.571],[98.754,16.596],[98.782,16.612],[98.8,16.607],[98.824,16.615],[98.831,16.606],[98.875,16.62],[98.881,16.615],[98.903,16.619],[98.913,16.619],[98.933,16.641],[98.928,16.647],[98.947,16.652],[98.966,16.672],[98.95,16.683],[98.956,16.697],[98.938,16.706],[98.954,16.722],[98.918,16.756],[98.925,16.765],[98.911,16.792],[98.895,16.792],[98.881,16.802],[98.869,16.82],[98.874,16.826],[98.868,16.836],[98.845,16.844],[98.829,16.865],[98.827,16.874],[98.835,16.876],[98.845,16.891],[98.832,16.922],[98.817,16.93],[98.81,16.945],[98.774,16.967],[98.768,16.978],[98.753,16.969],[98.75,16.959],[98.735,16.974],[98.727,16.963],[98.711,16.965],[98.698,16.975],[98.69,16.968],[98.68,16.972],[98.68,16.96],[98.689,16.955],[98.675,16.939],[98.664,16.946],[98.623,16.949],[98.61,16.94],[98.61,16.927],[98.602,16.93],[98.606,16.925],[98.6,16.905],[98.577,16.897],[98.581,16.88],[98.578,16.866],[98.564,16.855],[98.565,16.837],[98.555,16.833],[98.548,16.838],[98.536,16.83]]]]}},{"type":"Feature","id":371,"properties":{"id":371,"en":"Mae Suai","th":"แม่สรวย","prov":"เชียงราย","code":"57"},"geometry":{"type":"MultiPolygon","coordinates":[[[[99.295,19.571],[99.297,19.561],[99.317,19.555],[99.322,19.54],[99.34,19.544],[99.357,19.54],[99.374,19.531],[99.376,19.523],[99.398,19.517],[99.407,19.506],[99.422,19.507],[99.448,19.492],[99.462,19.493],[99.49,19.458],[99.523,19.468],[99.534,19.464],[99.56,19.474],[99.583,19.474],[99.606,19.507],[99.617,19.513],[99.623,19.567],[99.63,19.58],[99.641,19.583],[99.646,19.597],[99.647,19.607],[99.624,19.613],[99.617,19.625],[99.623,19.638],[99.618,19.644],[99.624,19.652],[99.621,19.657],[99.637,19.672],[99.645,19.697],[99.635,19.713],[99.621,19.716],[99.623,19.727],[99.615,19.737],[99.636,19.746],[99.624,19.761],[99.571,19.788],[99.579,19.815],[99.574,19.845],[99.58,19.88],[99.575,19.891],[99.578,19.899],[99.569,19.913],[99.556,19.913],[99.542,19.924],[99.527,19.948],[99.528,19.965],[99.516,19.967],[99.505,19.977],[99.472,19.968],[99.453,19.982],[99.441,19.963],[99.419,19.953],[99.415,19.932],[99.42,19.918],[99.403,19.915],[99.381,19.889],[99.388,19.865],[99.415,19.845],[99.408,19.832],[99.421,19.823],[99.42,19.814],[99.379,19.808],[99.377,19.779],[99.362,19.777],[99.366,19.769],[99.36,19.726],[99.349,19.725],[99.348,19.713],[99.313,19.708],[99.297,19.682],[99.265,19.665],[99.258,19.65],[99.258,19.629],[99.267,19.625],[99.267,19.611],[99.291,19.596],[99.289,19.581],[99.295,19.571]]]]}},{"type":"Feature","id":372,"properties":{"id":372,"en":"Mae Taeng","th":"แม่แตง","prov":"เชียงใหม่","code":"50"},"geometry":{"type":"MultiPolygon","coordinates":[[[[98.595,19.354],[98.59,19.353],[98.594,19.34],[98.589,19.332],[98.602,19.31],[98.594,19.289],[98.605,19.28],[98.587,19.255],[98.599,19.23],[98.568,19.21],[98.586,19.186],[98.606,19.181],[98.608,19.173],[98.623,19.168],[98.623,19.158],[98.638,19.155],[98.644,19.105],[98.652,19.094],[98.641,19.069],[98.677,19.073],[98.712,19.053],[98.726,19.056],[98.726,19.071],[98.771,19.076],[98.776,19.059],[98.81,19.035],[98.834,19.036],[98.836,19.032],[98.842,19.035],[98.874,19.025],[98.903,19.04],[98.92,19.036],[98.932,19.044],[98.958,19.043],[98.954,19.055],[98.947,19.055],[98.95,19.066],[98.942,19.067],[98.945,19.077],[98.951,19.077],[98.94,19.082],[98.941,19.096],[98.959,19.105],[98.961,19.099],[98.972,19.098],[98.973,19.105],[98.981,19.093],[98.998,19.087],[99.037,19.057],[99.059,19.058],[99.079,19.04],[99.097,19.046],[99.116,19.079],[99.133,19.089],[99.135,19.101],[99.108,19.132],[99.133,19.146],[99.127,19.162],[99.14,19.17],[99.14,19.18],[99.154,19.191],[99.155,19.198],[99.122,19.225],[99.122,19.234],[99.104,19.255],[99.081,19.257],[99.057,19.269],[99.037,19.258],[99.003,19.272],[98.994,19.268],[98.981,19.283],[98.979,19.266],[98.937,19.278],[98.909,19.272],[98.902,19.264],[98.879,19.29],[98.85,19.298],[98.82,19.295],[98.811,19.288],[98.748,19.326],[98.718,19.309],[98.713,19.312],[98.705,19.298],[98.705,19.308],[98.7,19.308],[98.703,19.323],[98.695,19.335],[98.66,19.336],[98.641,19.351],[98.623,19.345],[98.595,19.354]]]]}},{"type":"Feature","id":373,"properties":{"id":373,"en":"Mae Tha","th":"แม่ทะ","prov":"ลำปาง","code":"52"},"geometry":{"type":"MultiPolygon","coordinates":[[[[99.422,18.007],[99.422,17.987],[99.403,17.979],[99.403,17.973],[99.419,17.969],[99.418,17.951],[99.457,17.938],[99.475,17.921],[99.486,17.92],[99.523,17.957],[99.558,17.974],[99.564,17.991],[99.594,18.008],[99.585,18.035],[99.601,18.04],[99.61,18.05],[99.619,18.049],[99.631,18.062],[99.65,18.057],[99.659,18.041],[99.669,18.042],[99.692,18.056],[99.69,18.065],[99.72,18.07],[99.739,18.109],[99.762,18.123],[99.754,18.14],[99.784,18.179],[99.792,18.194],[99.781,18.194],[99.764,18.211],[99.732,18.216],[99.731,18.229],[99.722,18.233],[99.692,18.227],[99.686,18.218],[99.672,18.224],[99.659,18.219],[99.633,18.222],[99.624,18.236],[99.629,18.259],[99.599,18.243],[99.579,18.214],[99.555,18.199],[99.537,18.195],[99.53,18.183],[99.479,18.182],[99.474,18.177],[99.459,18.182],[99.457,18.189],[99.438,18.184],[99.428,18.19],[99.425,18.169],[99.432,18.154],[99.426,18.136],[99.435,18.127],[99.429,18.107],[99.441,18.082],[99.425,18.05],[99.433,18.042],[99.43,18.032],[99.442,18.033],[99.443,18.024],[99.422,18.007]]]]}},{"type":"Feature","id":374,"properties":{"id":374,"en":"Mae Tha","th":"แม่ทา","prov":"ลำพูน","code":"51"},"geometry":{"type":"MultiPolygon","coordinates":[[[[98.988,18.171],[99.019,18.162],[99.035,18.175],[99.03,18.191],[99.037,18.2],[99.018,18.252],[99.029,18.265],[99.05,18.265],[99.063,18.272],[99.081,18.269],[99.084,18.28],[99.093,18.279],[99.106,18.265],[99.115,18.27],[99.112,18.295],[99.123,18.301],[99.125,18.313],[99.152,18.315],[99.153,18.33],[99.169,18.35],[99.167,18.374],[99.19,18.389],[99.199,18.422],[99.222,18.43],[99.238,18.448],[99.242,18.479],[99.257,18.497],[99.282,18.5],[99.286,18.492],[99.298,18.489],[99.321,18.5],[99.317,18.532],[99.296,18.537],[99.264,18.572],[99.225,18.589],[99.213,18.573],[99.203,18.534],[99.195,18.532],[99.165,18.493],[99.154,18.49],[99.149,18.496],[99.135,18.492],[99.126,18.496],[99.106,18.48],[99.084,18.481],[99.056,18.444],[99.046,18.452],[99.027,18.45],[99.01,18.465],[99,18.451],[98.98,18.446],[98.964,18.429],[98.951,18.437],[98.941,18.427],[98.943,18.398],[98.932,18.39],[98.94,18.387],[98.942,18.374],[98.929,18.363],[98.933,18.352],[98.922,18.334],[98.938,18.296],[98.963,18.281],[98.933,18.274],[98.926,18.281],[98.903,18.272],[98.915,18.27],[98.928,18.255],[98.929,18.243],[98.937,18.241],[98.943,18.231],[98.94,18.218],[98.963,18.188],[98.975,18.187],[98.988,18.171]]]]}},{"type":"Feature","id":375,"properties":{"id":375,"en":"Mae Wang","th":"แม่วาง","prov":"เชียงใหม่","code":"50"},"geometry":{"type":"MultiPolygon","coordinates":[[[[98.624,18.6],[98.631,18.612],[98.652,18.61],[98.692,18.622],[98.715,18.599],[98.715,18.573],[98.741,18.552],[98.761,18.555],[98.798,18.585],[98.83,18.56],[98.839,18.56],[98.847,18.546],[98.858,18.549],[98.841,18.568],[98.831,18.592],[98.841,18.621],[98.834,18.62],[98.818,18.641],[98.824,18.645],[98.822,18.659],[98.828,18.669],[98.807,18.685],[98.813,18.691],[98.809,18.696],[98.824,18.709],[98.823,18.722],[98.816,18.733],[98.808,18.727],[98.787,18.739],[98.764,18.762],[98.75,18.769],[98.734,18.765],[98.696,18.783],[98.657,18.77],[98.65,18.774],[98.638,18.765],[98.646,18.751],[98.659,18.744],[98.634,18.728],[98.603,18.727],[98.585,18.759],[98.576,18.758],[98.572,18.77],[98.563,18.772],[98.56,18.803],[98.499,18.77],[98.499,18.751],[98.488,18.733],[98.494,18.733],[98.497,18.719],[98.492,18.717],[98.498,18.713],[98.501,18.693],[98.495,18.668],[98.501,18.66],[98.487,18.628],[98.488,18.593],[98.521,18.592],[98.537,18.588],[98.539,18.58],[98.584,18.581],[98.601,18.584],[98.624,18.6]]]]}},{"type":"Feature","id":376,"properties":{"id":376,"en":"Mae Wong","th":"แม่วงก์","prov":"นครสวรรค์","code":"60"},"geometry":{"type":"MultiPolygon","coordinates":[[[[99.191,15.779],[99.219,15.78],[99.228,15.797],[99.263,15.781],[99.287,15.761],[99.294,15.783],[99.324,15.782],[99.362,15.762],[99.368,15.738],[99.396,15.73],[99.403,15.735],[99.401,15.742],[99.421,15.746],[99.428,15.754],[99.445,15.733],[99.464,15.731],[99.447,15.748],[99.449,15.763],[99.499,15.768],[99.507,15.764],[99.504,15.745],[99.513,15.735],[99.563,15.741],[99.568,15.735],[99.596,15.734],[99.619,15.715],[99.642,15.738],[99.63,15.772],[99.641,15.808],[99.663,15.818],[99.682,15.813],[99.695,15.823],[99.697,15.835],[99.687,15.86],[99.664,15.855],[99.658,15.862],[99.662,15.875],[99.646,15.886],[99.634,15.885],[99.629,15.876],[99.624,15.887],[99.599,15.898],[99.594,15.906],[99.573,15.906],[99.555,15.907],[99.554,15.916],[99.538,15.925],[99.531,15.92],[99.502,15.928],[99.479,15.922],[99.477,15.902],[99.466,15.901],[99.431,15.909],[99.426,15.92],[99.415,15.911],[99.404,15.911],[99.392,15.917],[99.374,15.915],[99.358,15.926],[99.33,15.912],[99.32,15.927],[99.32,15.918],[99.311,15.918],[99.31,15.904],[99.297,15.909],[99.29,15.905],[99.29,15.892],[99.271,15.912],[99.266,15.908],[99.234,15.928],[99.223,15.945],[99.219,15.937],[99.209,15.948],[99.204,15.936],[99.194,15.945],[99.186,15.928],[99.172,15.937],[99.174,15.928],[99.153,15.92],[99.146,15.908],[99.138,15.906],[99.128,15.912],[99.095,15.883],[99.086,15.884],[99.097,15.871],[99.096,15.837],[99.103,15.821],[99.124,15.814],[99.134,15.798],[99.159,15.793],[99.166,15.778],[99.187,15.784],[99.191,15.779]]]]}},{"type":"Feature","id":377,"properties":{"id":377,"en":"Maha Chana Chai","th":"มหาชนะชัย","prov":"ยโสธร","code":"35"},"geometry":{"type":"MultiPolygon","coordinates":[[[[104.209,15.609],[104.161,15.603],[104.122,15.578],[104.122,15.563],[104.13,15.559],[104.141,15.529],[104.135,15.525],[104.133,15.512],[104.169,15.478],[104.174,15.462],[104.197,15.455],[104.233,15.403],[104.27,15.424],[104.276,15.434],[104.299,15.43],[104.31,15.441],[104.338,15.428],[104.353,15.433],[104.361,15.46],[104.372,15.457],[104.39,15.49],[104.384,15.494],[104.385,15.543],[104.368,15.546],[104.354,15.561],[104.317,15.574],[104.286,15.597],[104.254,15.589],[104.244,15.599],[104.235,15.581],[104.222,15.579],[104.213,15.592],[104.216,15.6],[104.204,15.596],[104.209,15.609]]]]}},{"type":"Feature","id":378,"properties":{"id":378,"en":"Maha Rat","th":"","prov":"","code":"14"},"geometry":{"type":"MultiPolygon","coordinates":[[[[100.503,14.63],[100.492,14.61],[100.491,14.572],[100.478,14.566],[100.492,14.551],[100.499,14.52],[100.491,14.515],[100.493,14.507],[100.504,14.511],[100.508,14.532],[100.516,14.532],[100.514,14.525],[100.521,14.52],[100.544,14.524],[100.572,14.547],[100.602,14.554],[100.604,14.578],[100.575,14.596],[100.582,14.624],[100.533,14.62],[100.503,14.63]]]]}},{"type":"Feature","id":379,"properties":{"id":379,"en":"Mai Kaen","th":"ไม้แก่น","prov":"ปัตตานี","code":"94"},"geometry":{"type":"MultiPolygon","coordinates":[[[[101.709,6.569],[101.725,6.577],[101.664,6.672],[101.639,6.672],[101.644,6.665],[101.636,6.648],[101.644,6.636],[101.631,6.635],[101.634,6.622],[101.647,6.618],[101.669,6.574],[101.709,6.569]]]]}},{"type":"Feature","id":380,"properties":{"id":380,"en":"Makham","th":"มะขาม","prov":"จันทบุรี","code":"22"},"geometry":{"type":"MultiPolygon","coordinates":[[[[102.101,12.736],[102.123,12.723],[102.149,12.666],[102.144,12.647],[102.134,12.642],[102.134,12.634],[102.142,12.64],[102.164,12.625],[102.189,12.624],[102.211,12.59],[102.262,12.64],[102.297,12.641],[102.299,12.652],[102.281,12.683],[102.283,12.704],[102.276,12.71],[102.276,12.716],[102.286,12.722],[102.333,12.715],[102.333,12.725],[102.322,12.734],[102.326,12.741],[102.314,12.757],[102.326,12.801],[102.319,12.816],[102.309,12.82],[102.308,12.834],[102.281,12.821],[102.268,12.852],[102.264,12.834],[102.264,12.853],[102.24,12.862],[102.241,12.879],[102.234,12.885],[102.21,12.88],[102.194,12.868],[102.194,12.831],[102.182,12.807],[102.169,12.804],[102.169,12.797],[102.155,12.784],[102.128,12.778],[102.119,12.748],[102.101,12.736]]]]}},{"type":"Feature","id":381,"properties":{"id":381,"en":"Manang","th":"มะนัง","prov":"สตูล","code":"91"},"geometry":{"type":"MultiPolygon","coordinates":[[[[99.992,7.067],[99.953,7.082],[99.954,7.093],[99.94,7.107],[99.935,7.1],[99.904,7.097],[99.888,7.08],[99.874,7.079],[99.889,7.057],[99.883,7.03],[99.891,7.006],[99.886,6.993],[99.887,6.986],[99.897,6.983],[99.888,6.984],[99.892,6.976],[99.884,6.982],[99.888,6.971],[99.88,6.957],[99.873,6.957],[99.873,6.94],[99.864,6.936],[99.857,6.918],[99.868,6.909],[99.883,6.908],[99.898,6.914],[99.904,6.923],[99.917,6.92],[99.922,6.928],[100.001,6.949],[100.005,6.968],[99.986,6.976],[99.982,6.987],[99.987,6.999],[99.985,7.024],[99.972,7.041],[99.992,7.057],[99.992,7.067]]]]}},{"type":"Feature","id":382,"properties":{"id":382,"en":"Mancha Khiri","th":"มัญจาคีรี","prov":"ขอนแก่น","code":"40"},"geometry":{"type":"MultiPolygon","coordinates":[[[[102.522,16.355],[102.5,16.359],[102.478,16.388],[102.47,16.387],[102.459,16.395],[102.447,16.379],[102.444,16.347],[102.423,16.308],[102.411,16.271],[102.418,16.254],[102.403,16.243],[102.345,16.161],[102.381,16.156],[102.401,16.133],[102.408,16.107],[102.413,16.107],[102.42,16.131],[102.414,16.14],[102.415,16.153],[102.447,16.154],[102.451,16.127],[102.466,16.117],[102.465,16.101],[102.479,16.096],[102.493,16.079],[102.5,16.088],[102.504,16.085],[102.499,16.077],[102.512,16.077],[102.515,16.088],[102.54,16.073],[102.549,16.077],[102.538,16.081],[102.542,16.084],[102.582,16.088],[102.57,16.099],[102.573,16.108],[102.586,16.109],[102.576,16.113],[102.583,16.116],[102.58,16.121],[102.587,16.13],[102.596,16.124],[102.594,16.12],[102.609,16.132],[102.613,16.127],[102.616,16.134],[102.621,16.126],[102.626,16.129],[102.624,16.143],[102.63,16.14],[102.634,16.146],[102.639,16.137],[102.647,16.146],[102.645,16.158],[102.662,16.166],[102.656,16.171],[102.659,16.177],[102.666,16.174],[102.673,16.179],[102.669,16.187],[102.682,16.187],[102.671,16.195],[102.673,16.201],[102.681,16.2],[102.663,16.212],[102.672,16.219],[102.666,16.229],[102.677,16.23],[102.676,16.236],[102.686,16.223],[102.694,16.228],[102.687,16.245],[102.678,16.248],[102.675,16.261],[102.65,16.275],[102.618,16.286],[102.6,16.286],[102.571,16.316],[102.546,16.305],[102.527,16.312],[102.531,16.336],[102.522,16.355]]]]}},{"type":"Feature","id":383,"properties":{"id":383,"en":"Manorom","th":"มโนรมย์","prov":"ชัยนาท","code":"18"},"geometry":{"type":"MultiPolygon","coordinates":[[[[100.218,15.363],[100.181,15.381],[100.162,15.381],[100.144,15.39],[100.14,15.404],[100.13,15.405],[100.125,15.412],[100.095,15.417],[100.088,15.403],[100.106,15.382],[100.106,15.375],[100.079,15.38],[100.074,15.372],[100.099,15.35],[100.101,15.337],[100.078,15.318],[100.081,15.3],[100.062,15.285],[100.056,15.269],[100.075,15.264],[100.091,15.276],[100.111,15.274],[100.138,15.282],[100.159,15.262],[100.153,15.246],[100.207,15.243],[100.263,15.263],[100.267,15.276],[100.251,15.303],[100.265,15.319],[100.261,15.34],[100.25,15.355],[100.225,15.365],[100.223,15.359],[100.215,15.359],[100.218,15.363]]]]}},{"type":"Feature","id":384,"properties":{"id":384,"en":"Mayo","th":"มายอ","prov":"ปัตตานี","code":"94"},"geometry":{"type":"MultiPolygon","coordinates":[[[[101.461,6.774],[101.436,6.769],[101.418,6.779],[101.409,6.761],[101.4,6.758],[101.334,6.77],[101.337,6.739],[101.318,6.717],[101.357,6.658],[101.359,6.613],[101.373,6.599],[101.383,6.602],[101.378,6.617],[101.385,6.625],[101.396,6.624],[101.4,6.634],[101.417,6.631],[101.43,6.643],[101.439,6.708],[101.487,6.713],[101.5,6.731],[101.461,6.774]]]]}},{"type":"Feature","id":386,"properties":{"id":386,"en":"Moei Wadi","th":"เมยวดี","prov":"ร้อยเอ็ด","code":"45"},"geometry":{"type":"MultiPolygon","coordinates":[[[[104.045,16.391],[104.044,16.376],[104.037,16.374],[104.039,16.367],[104.032,16.361],[104.038,16.357],[104.018,16.336],[104.024,16.315],[104.017,16.304],[104.021,16.297],[104.049,16.3],[104.06,16.31],[104.08,16.311],[104.082,16.316],[104.111,16.323],[104.151,16.378],[104.159,16.38],[104.162,16.374],[104.171,16.378],[104.175,16.384],[104.187,16.383],[104.228,16.429],[104.238,16.429],[104.218,16.438],[104.19,16.43],[104.171,16.446],[104.147,16.438],[104.145,16.429],[104.137,16.424],[104.129,16.429],[104.098,16.422],[104.085,16.409],[104.071,16.41],[104.065,16.398],[104.045,16.391]]]]}},{"type":"Feature","id":387,"properties":{"id":387,"en":"Muak Lek","th":"มวกเหล็ก","prov":"สระบุรี","code":"19"},"geometry":{"type":"MultiPolygon","coordinates":[[[[101.243,14.471],[101.21,14.52],[101.195,14.531],[101.19,14.528],[101.181,14.544],[101.185,14.552],[101.195,14.554],[101.194,14.562],[101.216,14.59],[101.204,14.607],[101.208,14.633],[101.199,14.664],[101.204,14.683],[101.195,14.705],[101.186,14.711],[101.185,14.722],[101.194,14.731],[101.189,14.749],[101.198,14.749],[101.199,14.756],[101.208,14.751],[101.211,14.757],[101.232,14.732],[101.263,14.733],[101.275,14.725],[101.283,14.73],[101.283,14.745],[101.292,14.736],[101.299,14.737],[101.305,14.757],[101.328,14.759],[101.334,14.766],[101.338,14.787],[101.389,14.813],[101.415,14.844],[101.45,14.857],[101.455,14.877],[101.449,14.911],[101.438,14.93],[101.431,14.95],[101.43,14.983],[101.421,14.996],[101.425,15.013],[101.418,15.022],[101.415,15.045],[101.4,15.074],[101.382,15.068],[101.371,15.046],[101.363,15.047],[101.348,14.993],[101.332,14.983],[101.329,14.965],[101.284,14.944],[101.256,14.912],[101.219,14.919],[101.211,14.859],[101.226,14.845],[101.228,14.833],[101.219,14.819],[101.202,14.814],[101.18,14.793],[101.176,14.775],[101.157,14.769],[101.157,14.748],[101.132,14.728],[101.119,14.703],[101.098,14.703],[101.075,14.731],[101.079,14.714],[101.073,14.693],[101.087,14.674],[101.123,14.649],[101.125,14.655],[101.133,14.651],[101.131,14.634],[101.123,14.625],[101.129,14.62],[101.136,14.59],[101.167,14.563],[101.16,14.547],[101.143,14.54],[101.147,14.525],[101.166,14.514],[101.175,14.489],[101.228,14.48],[101.243,14.471]]]]}},{"type":"Feature","id":388,"properties":{"id":388,"en":"Muang Sam Sip","th":"","prov":"","code":"34"},"geometry":{"type":"MultiPolygon","coordinates":[[[[104.566,15.556],[104.56,15.545],[104.572,15.534],[104.571,15.514],[104.596,15.513],[104.596,15.499],[104.609,15.482],[104.614,15.489],[104.63,15.489],[104.629,15.479],[104.64,15.459],[104.63,15.465],[104.633,15.444],[104.648,15.454],[104.656,15.444],[104.651,15.42],[104.658,15.388],[104.674,15.383],[104.683,15.405],[104.687,15.392],[104.71,15.405],[104.72,15.404],[104.741,15.392],[104.739,15.365],[104.753,15.373],[104.756,15.363],[104.765,15.373],[104.794,15.381],[104.79,15.414],[104.807,15.414],[104.836,15.389],[104.851,15.386],[104.848,15.423],[104.836,15.449],[104.839,15.464],[104.854,15.478],[104.854,15.49],[104.841,15.526],[104.848,15.535],[104.87,15.538],[104.874,15.546],[104.866,15.549],[104.863,15.557],[104.877,15.563],[104.862,15.58],[104.849,15.58],[104.847,15.574],[104.845,15.584],[104.836,15.582],[104.837,15.592],[104.83,15.591],[104.832,15.584],[104.823,15.586],[104.81,15.606],[104.803,15.594],[104.795,15.596],[104.787,15.605],[104.788,15.621],[104.781,15.619],[104.777,15.629],[104.746,15.641],[104.742,15.658],[104.729,15.648],[104.714,15.661],[104.696,15.658],[104.685,15.67],[104.647,15.677],[104.641,15.687],[104.625,15.689],[104.602,15.671],[104.612,15.663],[104.629,15.663],[104.637,15.647],[104.614,15.64],[104.611,15.63],[104.617,15.625],[104.609,15.616],[104.58,15.605],[104.586,15.567],[104.566,15.556]]]]}},{"type":"Feature","id":389,"properties":{"id":389,"en":"Mueang Amnat Charoen","th":"เมืองอำนาจเจริญ","prov":"อำนาจเจริญ","code":"37"},"geometry":{"type":"MultiPolygon","coordinates":[[[[104.605,15.766],[104.623,15.779],[104.636,15.776],[104.661,15.787],[104.692,15.787],[104.691,15.798],[104.698,15.794],[104.7,15.801],[104.724,15.785],[104.736,15.763],[104.764,15.75],[104.776,15.734],[104.791,15.749],[104.794,15.764],[104.821,15.786],[104.818,15.793],[104.825,15.806],[104.813,15.819],[104.815,15.842],[104.808,15.86],[104.819,15.881],[104.804,15.897],[104.808,15.909],[104.795,15.913],[104.791,15.922],[104.802,15.942],[104.803,15.962],[104.789,15.96],[104.776,15.968],[104.754,16],[104.738,15.99],[104.73,15.992],[104.724,16.006],[104.71,16.015],[104.651,16.003],[104.632,16.006],[104.623,16],[104.591,16.008],[104.579,16.016],[104.571,16.015],[104.558,16.002],[104.536,16],[104.533,16.005],[104.522,15.986],[104.505,15.982],[104.505,15.951],[104.469,15.918],[104.468,15.903],[104.455,15.901],[104.46,15.897],[104.452,15.882],[104.457,15.876],[104.449,15.868],[104.461,15.843],[104.436,15.812],[104.441,15.805],[104.431,15.793],[104.432,15.782],[104.475,15.786],[104.558,15.766],[104.578,15.783],[104.604,15.785],[104.605,15.766]]]]}},{"type":"Feature","id":390,"properties":{"id":390,"en":"Mueang Ang Thong","th":"เมืองอ่างทอง","prov":"อ่างทอง","code":"15"},"geometry":{"type":"MultiPolygon","coordinates":[[[[100.432,14.627],[100.4,14.626],[100.393,14.609],[100.402,14.598],[100.387,14.574],[100.387,14.554],[100.394,14.544],[100.426,14.532],[100.426,14.523],[100.458,14.518],[100.466,14.535],[100.474,14.536],[100.475,14.529],[100.492,14.532],[100.492,14.551],[100.478,14.566],[100.491,14.572],[100.492,14.61],[100.5,14.618],[100.473,14.63],[100.442,14.632],[100.432,14.627]]]]}},{"type":"Feature","id":391,"properties":{"id":391,"en":"Mueang Bueng Kan","th":"บึงกาฬ","prov":"บึงกาฬ","code":"38"},"geometry":{"type":"MultiPolygon","coordinates":[[[[103.885,18.293],[103.856,18.284],[103.836,18.327],[103.818,18.339],[103.698,18.343],[103.616,18.402],[103.571,18.406],[103.534,18.425],[103.458,18.426],[103.41,18.449],[103.327,18.434],[103.307,18.381],[103.316,18.378],[103.322,18.383],[103.334,18.368],[103.362,18.367],[103.356,18.349],[103.366,18.34],[103.362,18.33],[103.376,18.325],[103.38,18.305],[103.396,18.294],[103.398,18.282],[103.419,18.288],[103.427,18.303],[103.426,18.317],[103.437,18.322],[103.446,18.316],[103.453,18.323],[103.507,18.312],[103.52,18.319],[103.533,18.305],[103.521,18.301],[103.531,18.295],[103.524,18.288],[103.53,18.281],[103.534,18.286],[103.532,18.277],[103.54,18.28],[103.536,18.268],[103.545,18.255],[103.542,18.243],[103.547,18.24],[103.541,18.242],[103.545,18.236],[103.537,18.237],[103.541,18.228],[103.55,18.232],[103.553,18.225],[103.545,18.222],[103.567,18.203],[103.6,18.193],[103.594,18.183],[103.66,18.172],[103.67,18.162],[103.679,18.169],[103.682,18.193],[103.72,18.213],[103.721,18.24],[103.709,18.26],[103.729,18.259],[103.734,18.276],[103.763,18.252],[103.785,18.262],[103.799,18.261],[103.816,18.242],[103.839,18.188],[103.885,18.138],[103.884,18.13],[103.893,18.12],[103.919,18.135],[103.912,18.157],[103.899,18.164],[103.882,18.19],[103.884,18.208],[103.87,18.216],[103.874,18.221],[103.864,18.234],[103.87,18.245],[103.862,18.251],[103.866,18.259],[103.881,18.257],[103.885,18.293]]]]}},{"type":"Feature","id":392,"properties":{"id":392,"en":"Mueang Buri Ram","th":"","prov":"","code":"31"},"geometry":{"type":"MultiPolygon","coordinates":[[[[103.129,15.138],[103.088,15.143],[103.08,15.132],[103.063,15.135],[103.048,15.117],[103.017,15.134],[103.003,15.129],[103.001,15.119],[102.983,15.112],[102.981,15.106],[102.993,15.089],[102.991,15.073],[103.006,15.073],[102.993,15.046],[103.007,15.024],[102.988,14.996],[102.975,14.958],[102.951,14.947],[102.945,14.939],[102.923,14.936],[102.919,14.921],[102.913,14.836],[102.919,14.807],[102.947,14.784],[102.946,14.761],[102.957,14.753],[103.017,14.779],[103.05,14.837],[103.082,14.823],[103.095,14.812],[103.143,14.807],[103.174,14.787],[103.211,14.792],[103.198,14.8],[103.185,14.825],[103.185,14.841],[103.173,14.856],[103.192,14.901],[103.161,14.917],[103.16,14.939],[103.148,14.951],[103.154,14.956],[103.153,14.976],[103.167,15.005],[103.193,15.028],[103.189,15.043],[103.195,15.051],[103.187,15.071],[103.132,15.078],[103.129,15.138]]]]}},{"type":"Feature","id":393,"properties":{"id":393,"en":"Mueang Chachoengsao","th":"เมืองฉะเชิงเทรา","prov":"ฉะเชิงเทรา","code":"24"},"geometry":{"type":"MultiPolygon","coordinates":[[[[101.143,13.652],[101.137,13.68],[101.144,13.709],[101.134,13.739],[101.128,13.738],[101.12,13.751],[101.125,13.76],[101.121,13.777],[101.111,13.782],[101.092,13.779],[101.083,13.775],[101.078,13.762],[101.064,13.797],[101.052,13.789],[101.038,13.79],[101.034,13.779],[101.022,13.789],[101.014,13.784],[100.995,13.8],[100.981,13.793],[100.983,13.78],[100.976,13.771],[100.931,13.804],[100.91,13.79],[100.855,13.699],[100.938,13.669],[100.949,13.681],[100.956,13.705],[100.968,13.701],[100.971,13.672],[100.984,13.676],[100.986,13.671],[100.98,13.662],[101.015,13.646],[101.032,13.649],[101.055,13.64],[101.062,13.631],[101.085,13.646],[101.097,13.633],[101.106,13.639],[101.11,13.635],[101.13,13.653],[101.143,13.652]]]]}},{"type":"Feature","id":394,"properties":{"id":394,"en":"Mueang Chai Nat","th":"เมืองชัยนาท","prov":"ชัยนาท","code":"18"},"geometry":{"type":"MultiPolygon","coordinates":[[[[100.072,15.089],[100.092,15.086],[100.104,15.11],[100.136,15.098],[100.141,15.108],[100.153,15.109],[100.157,15.117],[100.177,15.107],[100.185,15.126],[100.165,15.153],[100.176,15.157],[100.171,15.172],[100.177,15.223],[100.204,15.221],[100.211,15.229],[100.222,15.222],[100.25,15.23],[100.274,15.21],[100.288,15.204],[100.294,15.208],[100.292,15.218],[100.274,15.224],[100.279,15.25],[100.269,15.254],[100.269,15.268],[100.207,15.243],[100.153,15.246],[100.159,15.262],[100.138,15.282],[100.111,15.274],[100.084,15.275],[100.075,15.264],[100.056,15.269],[100.063,15.258],[100.057,15.252],[100.06,15.24],[100.075,15.223],[100.068,15.202],[100.056,15.193],[100.05,15.145],[100.045,15.135],[100.036,15.138],[100.045,15.13],[100.041,15.124],[100.046,15.108],[100.072,15.089]]]]}},{"type":"Feature","id":395,"properties":{"id":395,"en":"Mueang Chaiyaphum","th":"เมืองชัยภูมิ","prov":"ชัยภูมิ","code":"36"},"geometry":{"type":"MultiPolygon","coordinates":[[[[101.979,15.69],[101.981,15.684],[101.989,15.684],[101.999,15.693],[102.004,15.684],[102.028,15.675],[102.036,15.666],[102.03,15.655],[102.045,15.633],[102.068,15.636],[102.075,15.63],[102.07,15.626],[102.073,15.62],[102.08,15.626],[102.083,15.621],[102.089,15.634],[102.092,15.627],[102.095,15.634],[102.1,15.63],[102.108,15.644],[102.113,15.639],[102.115,15.647],[102.121,15.646],[102.119,15.653],[102.128,15.651],[102.124,15.663],[102.132,15.667],[102.128,15.671],[102.132,15.675],[102.136,15.671],[102.147,15.685],[102.143,15.706],[102.15,15.707],[102.154,15.726],[102.162,15.726],[102.155,15.731],[102.156,15.741],[102.163,15.737],[102.164,15.744],[102.186,15.748],[102.185,15.74],[102.202,15.739],[102.205,15.757],[102.232,15.743],[102.253,15.753],[102.247,15.757],[102.252,15.76],[102.251,15.774],[102.24,15.781],[102.245,15.798],[102.23,15.799],[102.234,15.811],[102.231,15.821],[102.221,15.827],[102.209,15.86],[102.208,15.881],[102.192,15.9],[102.184,15.902],[102.174,15.937],[102.141,15.982],[102.093,15.999],[102.073,15.993],[102.095,16.01],[102.098,16.041],[102.077,16.021],[102.038,16.022],[102.052,16.051],[102.041,16.067],[102.056,16.076],[102.075,16.074],[102.083,16.081],[102.073,16.1],[102.086,16.113],[102.086,16.134],[102.067,16.155],[102.064,16.171],[102.068,16.189],[102.079,16.182],[102.087,16.191],[102.085,16.21],[102.053,16.251],[102.047,16.245],[102.025,16.252],[102.033,16.219],[102.029,16.193],[101.995,16.205],[101.994,16.187],[102.006,16.157],[101.978,16.127],[101.991,16.11],[101.965,16.095],[101.945,16.039],[101.922,16.03],[101.903,16.002],[101.88,16.003],[101.793,15.975],[101.753,15.975],[101.782,15.949],[101.785,15.936],[101.801,15.933],[101.814,15.944],[101.839,15.936],[101.842,15.919],[101.865,15.908],[101.889,15.865],[101.918,15.862],[101.918,15.853],[101.931,15.841],[101.934,15.816],[101.945,15.807],[101.938,15.749],[101.942,15.741],[101.965,15.736],[101.974,15.722],[101.978,15.723],[101.981,15.702],[101.993,15.703],[101.979,15.69]]]]}},{"type":"Feature","id":396,"properties":{"id":396,"en":"Mueang Chan","th":"","prov":"","code":"33"},"geometry":{"type":"MultiPolygon","coordinates":[[[[104.052,15.132],[104.067,15.133],[104.094,15.163],[104.07,15.176],[104.045,15.221],[104.021,15.242],[103.997,15.252],[103.986,15.247],[103.992,15.237],[103.985,15.233],[103.988,15.225],[103.976,15.226],[103.97,15.22],[103.979,15.213],[103.976,15.207],[103.982,15.2],[103.966,15.185],[103.971,15.18],[103.967,15.165],[103.978,15.159],[103.983,15.163],[103.984,15.155],[104,15.15],[104,15.137],[104.042,15.141],[104.052,15.132]]]]}},{"type":"Feature","id":397,"properties":{"id":397,"en":"Mueang Chanthaburi","th":"เมืองจันทบุรี","prov":"จันทบุรี","code":"22"},"geometry":{"type":"MultiPolygon","coordinates":[[[[102.084,12.738],[102.068,12.702],[102.08,12.676],[102.073,12.672],[102.066,12.651],[102.067,12.644],[102.075,12.642],[102.069,12.626],[102.062,12.623],[102.066,12.605],[102.054,12.601],[102.051,12.59],[102.036,12.576],[102.042,12.561],[102.028,12.566],[102.022,12.542],[102.035,12.541],[102.049,12.527],[102.064,12.533],[102.074,12.524],[102.094,12.521],[102.107,12.526],[102.115,12.518],[102.127,12.53],[102.133,12.514],[102.141,12.512],[102.16,12.529],[102.171,12.522],[102.182,12.529],[102.185,12.519],[102.21,12.532],[102.205,12.571],[102.211,12.59],[102.189,12.624],[102.164,12.625],[102.142,12.64],[102.134,12.634],[102.134,12.642],[102.144,12.647],[102.149,12.666],[102.126,12.718],[102.099,12.738],[102.096,12.749],[102.084,12.738]]]]}},{"type":"Feature","id":398,"properties":{"id":398,"en":"Mueang Chiang Mai","th":"เมืองเชียงใหม่","prov":"เชียงใหม่","code":"50"},"geometry":{"type":"MultiPolygon","coordinates":[[[[98.986,18.699],[98.983,18.709],[98.991,18.753],[99.02,18.745],[99.049,18.769],[99.042,18.789],[99.031,18.793],[99.026,18.807],[99.019,18.81],[99.017,18.827],[99.009,18.825],[99.012,18.836],[99,18.875],[98.975,18.875],[98.979,18.865],[98.974,18.859],[98.981,18.859],[98.986,18.843],[98.965,18.84],[98.964,18.833],[98.943,18.842],[98.915,18.839],[98.905,18.832],[98.899,18.837],[98.882,18.832],[98.868,18.838],[98.862,18.8],[98.877,18.79],[98.892,18.797],[98.89,18.769],[98.898,18.746],[98.937,18.742],[98.946,18.732],[98.978,18.735],[98.976,18.704],[98.986,18.699]]]]}},{"type":"Feature","id":399,"properties":{"id":399,"en":"Mueang Chiang Rai","th":"เมืองเชียงราย","prov":"เชียงราย","code":"57"},"geometry":{"type":"MultiPolygon","coordinates":[[[[99.453,19.982],[99.472,19.968],[99.505,19.977],[99.516,19.967],[99.528,19.965],[99.527,19.948],[99.542,19.924],[99.556,19.913],[99.569,19.913],[99.578,19.899],[99.575,19.891],[99.58,19.88],[99.574,19.845],[99.579,19.815],[99.571,19.788],[99.603,19.768],[99.624,19.761],[99.642,19.764],[99.637,19.781],[99.613,19.806],[99.624,19.844],[99.617,19.849],[99.639,19.862],[99.648,19.859],[99.647,19.847],[99.689,19.82],[99.692,19.809],[99.701,19.82],[99.71,19.819],[99.713,19.831],[99.741,19.833],[99.752,19.816],[99.764,19.82],[99.778,19.815],[99.782,19.801],[99.798,19.787],[99.795,19.763],[99.808,19.751],[99.806,19.727],[99.847,19.707],[99.852,19.692],[99.864,19.692],[99.876,19.681],[99.878,19.661],[99.867,19.653],[99.872,19.642],[99.883,19.637],[99.885,19.624],[99.91,19.625],[99.915,19.619],[99.922,19.625],[99.953,19.624],[99.96,19.631],[99.955,19.645],[99.989,19.647],[100.006,19.67],[100.007,19.71],[100.025,19.732],[100.009,19.743],[100.003,19.758],[100.006,19.764],[99.991,19.795],[99.946,19.795],[99.938,19.826],[99.921,19.837],[99.901,19.839],[99.886,19.86],[99.869,19.859],[99.858,19.87],[99.868,19.891],[99.891,19.897],[99.9,19.929],[99.921,19.947],[99.93,19.946],[99.937,19.956],[99.961,19.966],[99.974,19.976],[99.97,19.984],[99.983,19.993],[99.974,20.016],[99.96,20.022],[99.976,20.054],[99.963,20.053],[99.959,20.06],[99.976,20.065],[99.973,20.071],[99.979,20.081],[99.999,20.08],[99.998,20.092],[100.008,20.093],[100.01,20.111],[99.982,20.105],[99.97,20.128],[99.954,20.126],[99.948,20.136],[99.928,20.117],[99.924,20.124],[99.915,20.115],[99.894,20.12],[99.889,20.106],[99.88,20.104],[99.854,20.116],[99.812,20.096],[99.811,20.08],[99.788,20.06],[99.762,20.065],[99.751,20.054],[99.737,20.053],[99.733,20.036],[99.724,20.031],[99.7,20.039],[99.684,20.028],[99.687,20.056],[99.678,20.073],[99.65,20.08],[99.643,20.093],[99.619,20.099],[99.614,20.084],[99.604,20.077],[99.595,20.04],[99.575,20.039],[99.574,20.022],[99.551,20.025],[99.511,20.053],[99.498,20.052],[99.485,20.039],[99.467,20.034],[99.466,20.026],[99.478,20.013],[99.466,20.005],[99.453,19.982]]]]}},{"type":"Feature","id":400,"properties":{"id":400,"en":"Mueang Chon Buri","th":"เมืองชลบุรี","prov":"ชลบุรี","code":"20"},"geometry":{"type":"MultiPolygon","coordinates":[[[[101.064,13.39],[101.057,13.396],[101.057,13.426],[101.077,13.445],[101.023,13.437],[101.009,13.46],[100.986,13.463],[100.974,13.473],[100.963,13.461],[100.97,13.455],[100.968,13.433],[100.986,13.38],[100.969,13.352],[100.935,13.339],[100.926,13.341],[100.918,13.316],[100.903,13.318],[100.902,13.304],[100.898,13.302],[100.921,13.274],[100.931,13.238],[100.954,13.246],[100.971,13.229],[100.968,13.246],[100.984,13.27],[101.006,13.27],[101.023,13.282],[101.039,13.269],[101.052,13.269],[101.073,13.294],[101.073,13.309],[101.067,13.327],[101.052,13.342],[101.058,13.347],[101.039,13.359],[101.045,13.363],[101.07,13.355],[101.066,13.371],[101.056,13.378],[101.064,13.39]]]]}},{"type":"Feature","id":401,"properties":{"id":401,"en":"Mueang Chumphon","th":"เมืองชุมพร","prov":"ชุมพร","code":"86"},"geometry":{"type":"MultiPolygon","coordinates":[[[[99.309,10.361],[99.311,10.365],[99.308,10.362],[99.309,10.361]]],[[[99.302,10.443],[99.298,10.453],[99.289,10.443],[99.287,10.436],[99.297,10.434],[99.302,10.443]]],[[[98.937,10.384],[98.961,10.379],[98.979,10.426],[98.988,10.434],[99.016,10.425],[99.024,10.399],[99.047,10.389],[99.067,10.363],[99.091,10.346],[99.103,10.326],[99.122,10.32],[99.135,10.325],[99.146,10.312],[99.154,10.331],[99.146,10.349],[99.16,10.356],[99.163,10.365],[99.206,10.372],[99.239,10.344],[99.253,10.362],[99.278,10.355],[99.286,10.368],[99.28,10.398],[99.284,10.412],[99.24,10.449],[99.231,10.465],[99.228,10.486],[99.232,10.496],[99.239,10.496],[99.259,10.5],[99.267,10.515],[99.249,10.505],[99.243,10.508],[99.237,10.523],[99.24,10.539],[99.251,10.543],[99.262,10.537],[99.273,10.542],[99.278,10.552],[99.254,10.561],[99.244,10.574],[99.235,10.568],[99.228,10.575],[99.198,10.578],[99.189,10.565],[99.185,10.581],[99.183,10.577],[99.172,10.588],[99.15,10.592],[99.138,10.58],[99.126,10.58],[99.117,10.559],[99.104,10.569],[99.091,10.564],[99.068,10.569],[99.064,10.552],[99.041,10.538],[98.992,10.553],[98.981,10.55],[98.968,10.537],[98.952,10.535],[98.945,10.517],[98.918,10.507],[98.911,10.49],[98.895,10.483],[98.884,10.457],[98.896,10.441],[98.894,10.416],[98.905,10.411],[98.902,10.398],[98.928,10.395],[98.929,10.386],[98.937,10.384]]]]}},{"type":"Feature","id":402,"properties":{"id":402,"en":"Mueang Kalasin","th":"เมืองกาฬสินธุ์","prov":"กาฬสินธุ์","code":"46"},"geometry":{"type":"MultiPolygon","coordinates":[[[[103.704,16.569],[103.701,16.573],[103.709,16.57],[103.703,16.583],[103.706,16.592],[103.665,16.608],[103.661,16.63],[103.643,16.634],[103.627,16.624],[103.595,16.631],[103.579,16.657],[103.566,16.663],[103.516,16.654],[103.481,16.662],[103.46,16.677],[103.449,16.669],[103.446,16.657],[103.456,16.641],[103.449,16.619],[103.425,16.623],[103.412,16.607],[103.421,16.602],[103.42,16.595],[103.43,16.585],[103.438,16.586],[103.444,16.562],[103.454,16.562],[103.455,16.535],[103.464,16.543],[103.473,16.54],[103.469,16.528],[103.474,16.51],[103.453,16.49],[103.455,16.483],[103.449,16.473],[103.456,16.463],[103.451,16.441],[103.455,16.439],[103.453,16.43],[103.466,16.422],[103.467,16.411],[103.482,16.396],[103.485,16.376],[103.5,16.369],[103.502,16.361],[103.497,16.362],[103.495,16.354],[103.507,16.351],[103.511,16.341],[103.521,16.348],[103.524,16.34],[103.538,16.341],[103.539,16.334],[103.548,16.331],[103.561,16.339],[103.554,16.347],[103.558,16.354],[103.588,16.369],[103.623,16.37],[103.651,16.378],[103.665,16.389],[103.691,16.384],[103.672,16.398],[103.674,16.41],[103.664,16.411],[103.661,16.433],[103.652,16.438],[103.655,16.445],[103.631,16.451],[103.621,16.461],[103.6,16.463],[103.597,16.486],[103.607,16.495],[103.623,16.495],[103.63,16.485],[103.655,16.497],[103.664,16.509],[103.669,16.54],[103.683,16.548],[103.692,16.544],[103.694,16.55],[103.689,16.553],[103.7,16.554],[103.704,16.569]]]]}},{"type":"Feature","id":403,"properties":{"id":403,"en":"Mueang Kamphaeng Phet","th":"เมืองกำแพงเพชร","prov":"กำแพงเพชร","code":"62"},"geometry":{"type":"MultiPolygon","coordinates":[[[[99.772,16.347],[99.762,16.368],[99.705,16.407],[99.704,16.45],[99.733,16.447],[99.747,16.531],[99.717,16.521],[99.685,16.525],[99.69,16.551],[99.676,16.557],[99.64,16.54],[99.635,16.548],[99.599,16.562],[99.563,16.591],[99.54,16.593],[99.514,16.638],[99.494,16.648],[99.414,16.657],[99.408,16.664],[99.413,16.675],[99.386,16.693],[99.375,16.676],[99.378,16.659],[99.368,16.633],[99.399,16.64],[99.424,16.635],[99.436,16.623],[99.456,16.583],[99.476,16.565],[99.448,16.55],[99.442,16.555],[99.404,16.537],[99.393,16.54],[99.38,16.52],[99.351,16.523],[99.327,16.533],[99.315,16.524],[99.307,16.525],[99.296,16.514],[99.296,16.505],[99.284,16.498],[99.271,16.507],[99.248,16.497],[99.243,16.489],[99.229,16.498],[99.237,16.484],[99.243,16.486],[99.262,16.465],[99.26,16.461],[99.28,16.455],[99.298,16.425],[99.309,16.423],[99.304,16.399],[99.339,16.385],[99.351,16.373],[99.363,16.374],[99.368,16.351],[99.388,16.355],[99.4,16.342],[99.42,16.349],[99.386,16.29],[99.365,16.292],[99.354,16.284],[99.348,16.268],[99.375,16.238],[99.401,16.236],[99.427,16.225],[99.423,16.198],[99.442,16.186],[99.425,16.178],[99.422,16.146],[99.453,16.152],[99.465,16.165],[99.491,16.159],[99.476,16.186],[99.49,16.246],[99.513,16.267],[99.532,16.267],[99.539,16.284],[99.583,16.3],[99.611,16.295],[99.64,16.302],[99.686,16.323],[99.721,16.347],[99.772,16.347]]]]}},{"type":"Feature","id":404,"properties":{"id":404,"en":"Mueang Kanchanaburi","th":"เมืองกาญจนบุรี","prov":"กาญจนบุรี","code":"71"},"geometry":{"type":"MultiPolygon","coordinates":[[[[99.36,14.29],[99.346,14.29],[99.336,14.308],[99.324,14.316],[99.322,14.327],[99.307,14.329],[99.283,14.344],[99.26,14.337],[99.246,14.346],[99.209,14.32],[99.203,14.317],[99.197,14.323],[99.186,14.314],[99.193,14.284],[99.203,14.272],[99.146,14.287],[99.128,14.277],[99.141,14.258],[99.132,14.228],[99.148,14.204],[99.177,14.198],[99.185,14.183],[99.195,14.177],[99.195,14.161],[99.207,14.144],[99.225,14.131],[99.227,14.112],[99.239,14.09],[99.259,14.104],[99.27,14.083],[99.318,14.066],[99.317,14.047],[99.322,14.042],[99.314,14.012],[99.297,14.011],[99.278,13.984],[99.28,13.967],[99.266,13.979],[99.253,13.966],[99.244,13.981],[99.225,13.978],[99.188,13.948],[99.175,13.948],[99.173,13.923],[99.158,13.918],[99.112,13.946],[99.095,13.945],[99.074,13.972],[99.082,13.982],[99.07,13.989],[99.062,13.979],[99.05,13.978],[99.047,13.963],[99.038,13.964],[99.021,13.946],[99.044,13.942],[99.059,13.929],[99.066,13.907],[99.081,13.891],[99.107,13.894],[99.111,13.866],[99.101,13.855],[99.1,13.838],[99.107,13.831],[99.114,13.831],[99.121,13.813],[99.122,13.773],[99.149,13.757],[99.156,13.781],[99.179,13.801],[99.172,13.828],[99.182,13.866],[99.177,13.88],[99.197,13.876],[99.208,13.885],[99.224,13.865],[99.26,13.885],[99.264,13.895],[99.258,13.905],[99.273,13.912],[99.276,13.927],[99.287,13.933],[99.294,13.952],[99.304,13.947],[99.314,13.955],[99.321,13.94],[99.356,13.94],[99.361,13.935],[99.371,13.952],[99.401,13.932],[99.418,13.939],[99.434,13.924],[99.449,13.929],[99.453,13.911],[99.473,13.897],[99.48,13.908],[99.486,13.904],[99.535,13.912],[99.573,13.929],[99.544,13.979],[99.557,14.004],[99.577,14.007],[99.593,14.036],[99.57,14.06],[99.567,14.077],[99.558,14.081],[99.572,14.101],[99.566,14.129],[99.538,14.135],[99.526,14.147],[99.511,14.139],[99.481,14.14],[99.456,14.149],[99.445,14.163],[99.437,14.194],[99.396,14.204],[99.384,14.217],[99.383,14.227],[99.339,14.244],[99.336,14.264],[99.35,14.271],[99.352,14.281],[99.363,14.282],[99.36,14.29]]]]}},{"type":"Feature","id":405,"properties":{"id":405,"en":"Mueang Khon Kaen","th":"เมืองขอนแก่น","prov":"ขอนแก่น","code":"40"},"geometry":{"type":"MultiPolygon","coordinates":[[[[102.674,16.381],[102.683,16.376],[102.694,16.344],[102.737,16.334],[102.764,16.34],[102.776,16.334],[102.78,16.327],[102.772,16.322],[102.779,16.307],[102.774,16.288],[102.796,16.284],[102.798,16.278],[102.827,16.262],[102.834,16.227],[102.846,16.218],[102.851,16.223],[102.845,16.233],[102.851,16.257],[102.846,16.273],[102.867,16.299],[102.894,16.316],[102.899,16.349],[102.909,16.35],[102.905,16.358],[102.918,16.369],[102.928,16.367],[102.921,16.378],[102.938,16.377],[102.936,16.389],[102.94,16.386],[102.941,16.393],[102.949,16.389],[102.957,16.399],[102.946,16.403],[102.947,16.41],[102.957,16.413],[102.959,16.427],[102.949,16.422],[102.949,16.445],[102.955,16.442],[102.953,16.451],[102.961,16.449],[102.967,16.457],[103.007,16.467],[103.021,16.476],[103.009,16.489],[102.969,16.506],[102.958,16.522],[102.96,16.532],[102.942,16.534],[102.903,16.546],[102.905,16.53],[102.89,16.532],[102.897,16.539],[102.887,16.539],[102.872,16.558],[102.882,16.561],[102.873,16.568],[102.882,16.569],[102.874,16.58],[102.883,16.585],[102.871,16.595],[102.865,16.585],[102.858,16.586],[102.86,16.594],[102.866,16.595],[102.864,16.604],[102.86,16.599],[102.849,16.603],[102.853,16.607],[102.846,16.616],[102.859,16.623],[102.844,16.634],[102.816,16.625],[102.794,16.628],[102.768,16.609],[102.734,16.606],[102.728,16.615],[102.735,16.626],[102.719,16.637],[102.697,16.633],[102.68,16.614],[102.679,16.599],[102.664,16.6],[102.657,16.571],[102.63,16.537],[102.642,16.524],[102.643,16.513],[102.65,16.512],[102.638,16.49],[102.645,16.459],[102.665,16.449],[102.664,16.439],[102.673,16.43],[102.668,16.428],[102.682,16.418],[102.684,16.4],[102.692,16.395],[102.683,16.393],[102.674,16.381]]]]}},{"type":"Feature","id":406,"properties":{"id":406,"en":"Mueang Krabi","th":"เมืองกระบี่","prov":"กระบี่","code":"81"},"geometry":{"type":"MultiPolygon","coordinates":[[[[98.771,7.681],[98.765,7.7],[98.765,7.68],[98.765,7.672],[98.771,7.681]]],[[[98.789,7.744],[98.755,7.788],[98.763,7.77],[98.758,7.764],[98.769,7.748],[98.756,7.743],[98.76,7.725],[98.771,7.718],[98.767,7.736],[98.787,7.725],[98.792,7.731],[98.789,7.744]]],[[[98.793,7.822],[98.789,7.817],[98.795,7.808],[98.799,7.818],[98.793,7.822]]],[[[98.811,7.957],[98.803,7.954],[98.808,7.949],[98.811,7.957]]],[[[98.678,8.081],[98.68,8.078],[98.683,8.08],[98.678,8.081]]],[[[98.683,8.105],[98.682,8.101],[98.684,8.105],[98.683,8.105]]],[[[98.726,8.247],[98.739,8.235],[98.752,8.184],[98.735,8.136],[98.751,8.141],[98.758,8.13],[98.748,8.121],[98.747,8.089],[98.74,8.077],[98.749,8.055],[98.764,8.039],[98.765,8.023],[98.774,8.024],[98.772,8.041],[98.797,8.049],[98.815,8.039],[98.829,8.023],[98.827,8.016],[98.834,8.017],[98.843,8.002],[98.842,8.011],[98.85,8.011],[98.859,8.028],[98.88,8.019],[98.913,8.045],[98.955,8.003],[98.96,8.023],[98.951,8.032],[98.954,8.05],[98.943,8.06],[98.962,8.074],[98.97,8.129],[98.992,8.136],[99.003,8.15],[99.001,8.16],[99.016,8.184],[99.014,8.229],[99.004,8.229],[98.972,8.259],[98.961,8.256],[98.946,8.262],[98.934,8.279],[98.915,8.278],[98.908,8.294],[98.871,8.27],[98.865,8.27],[98.851,8.287],[98.834,8.288],[98.83,8.282],[98.787,8.264],[98.728,8.255],[98.726,8.247]]]]}},{"type":"Feature","id":407,"properties":{"id":407,"en":"Mueang Lampang","th":"เมืองลำปาง","prov":"ลำปาง","code":"52"},"geometry":{"type":"MultiPolygon","coordinates":[[[[99.5,18.528],[99.493,18.533],[99.485,18.525],[99.46,18.528],[99.439,18.553],[99.43,18.547],[99.413,18.55],[99.412,18.566],[99.393,18.575],[99.368,18.582],[99.332,18.576],[99.328,18.546],[99.317,18.532],[99.321,18.5],[99.302,18.491],[99.316,18.49],[99.329,18.476],[99.331,18.463],[99.363,18.438],[99.387,18.394],[99.396,18.387],[99.414,18.389],[99.422,18.381],[99.424,18.341],[99.436,18.335],[99.436,18.315],[99.418,18.325],[99.409,18.317],[99.423,18.307],[99.412,18.293],[99.405,18.265],[99.411,18.232],[99.434,18.216],[99.428,18.19],[99.438,18.184],[99.457,18.189],[99.459,18.182],[99.474,18.177],[99.479,18.182],[99.53,18.183],[99.531,18.188],[99.579,18.214],[99.599,18.243],[99.629,18.259],[99.625,18.277],[99.635,18.294],[99.627,18.309],[99.641,18.313],[99.636,18.323],[99.644,18.326],[99.648,18.341],[99.655,18.34],[99.666,18.351],[99.664,18.364],[99.679,18.4],[99.712,18.429],[99.707,18.444],[99.728,18.451],[99.755,18.501],[99.767,18.506],[99.773,18.518],[99.768,18.539],[99.744,18.541],[99.734,18.548],[99.733,18.561],[99.716,18.57],[99.724,18.602],[99.685,18.611],[99.642,18.581],[99.635,18.564],[99.639,18.555],[99.633,18.544],[99.613,18.533],[99.61,18.513],[99.585,18.517],[99.576,18.506],[99.541,18.503],[99.532,18.492],[99.521,18.49],[99.508,18.497],[99.5,18.528]]]]}},{"type":"Feature","id":408,"properties":{"id":408,"en":"Mueang Lamphun","th":"เมืองลำพูน","prov":"ลำพูน","code":"51"},"geometry":{"type":"MultiPolygon","coordinates":[[[[99.065,18.66],[99.01,18.673],[99.004,18.643],[98.978,18.636],[98.965,18.615],[98.969,18.603],[98.933,18.554],[98.947,18.513],[98.944,18.496],[98.956,18.478],[98.948,18.449],[98.953,18.434],[98.964,18.429],[98.98,18.446],[99,18.451],[99.01,18.465],[99.027,18.45],[99.046,18.452],[99.056,18.444],[99.084,18.481],[99.106,18.48],[99.126,18.496],[99.135,18.492],[99.149,18.496],[99.154,18.49],[99.165,18.493],[99.195,18.532],[99.203,18.534],[99.213,18.573],[99.225,18.589],[99.201,18.594],[99.184,18.586],[99.17,18.59],[99.158,18.608],[99.14,18.606],[99.132,18.63],[99.115,18.626],[99.09,18.641],[99.055,18.632],[99.064,18.644],[99.065,18.66]]]]}},{"type":"Feature","id":409,"properties":{"id":409,"en":"Mueang Loei","th":"เมืองเลย","prov":"เลย","code":"42"},"geometry":{"type":"MultiPolygon","coordinates":[[[[101.592,17.685],[101.588,17.666],[101.578,17.659],[101.576,17.632],[101.558,17.614],[101.554,17.599],[101.539,17.588],[101.534,17.554],[101.514,17.535],[101.501,17.503],[101.521,17.493],[101.519,17.486],[101.535,17.464],[101.535,17.441],[101.547,17.449],[101.565,17.441],[101.573,17.418],[101.618,17.383],[101.619,17.374],[101.633,17.36],[101.639,17.357],[101.655,17.379],[101.661,17.37],[101.681,17.376],[101.697,17.368],[101.724,17.38],[101.743,17.374],[101.753,17.397],[101.761,17.402],[101.797,17.375],[101.833,17.391],[101.834,17.406],[101.843,17.4],[101.847,17.414],[101.88,17.419],[101.918,17.409],[101.913,17.435],[101.89,17.447],[101.91,17.457],[101.888,17.474],[101.879,17.496],[101.894,17.522],[101.891,17.53],[101.884,17.539],[101.897,17.547],[101.898,17.558],[101.884,17.574],[101.872,17.577],[101.868,17.592],[101.878,17.608],[101.899,17.615],[101.894,17.628],[101.909,17.639],[101.914,17.659],[101.909,17.675],[101.913,17.699],[101.901,17.705],[101.902,17.73],[101.874,17.718],[101.858,17.693],[101.836,17.677],[101.8,17.686],[101.787,17.679],[101.779,17.689],[101.736,17.686],[101.725,17.703],[101.714,17.703],[101.712,17.721],[101.707,17.724],[101.702,17.716],[101.699,17.722],[101.641,17.725],[101.633,17.722],[101.631,17.712],[101.605,17.708],[101.606,17.692],[101.592,17.685]]]]}},{"type":"Feature","id":410,"properties":{"id":410,"en":"Mueang Lop Buri","th":"เมืองลพบุรี","prov":"ลพบุรี","code":"16"},"geometry":{"type":"MultiPolygon","coordinates":[[[[100.563,14.942],[100.554,14.843],[100.544,14.843],[100.571,14.814],[100.57,14.789],[100.579,14.786],[100.567,14.777],[100.564,14.763],[100.551,14.75],[100.536,14.749],[100.516,14.737],[100.529,14.711],[100.513,14.695],[100.515,14.676],[100.51,14.676],[100.507,14.663],[100.513,14.656],[100.531,14.669],[100.549,14.672],[100.552,14.661],[100.581,14.664],[100.612,14.647],[100.627,14.655],[100.631,14.65],[100.64,14.669],[100.636,14.67],[100.657,14.704],[100.651,14.71],[100.665,14.735],[100.668,14.732],[100.672,14.743],[100.686,14.749],[100.689,14.759],[100.725,14.76],[100.738,14.777],[100.752,14.779],[100.767,14.797],[100.799,14.792],[100.814,14.795],[100.82,14.804],[100.837,14.805],[100.853,14.799],[100.864,14.817],[100.862,14.841],[100.898,14.845],[100.889,14.852],[100.886,14.899],[100.853,14.909],[100.826,14.936],[100.783,14.924],[100.758,14.924],[100.741,14.949],[100.711,14.962],[100.682,14.957],[100.679,14.949],[100.662,14.94],[100.611,14.936],[100.595,14.926],[100.587,14.926],[100.563,14.942]]]]}},{"type":"Feature","id":411,"properties":{"id":411,"en":"Mueang Mae Hong Son","th":"เมืองแม่ฮ่องสอน","prov":"แม่ฮ่องสอน","code":"58"},"geometry":{"type":"MultiPolygon","coordinates":[[[[98.243,19.154],[98.22,19.153],[98.201,19.17],[98.179,19.177],[98.177,19.186],[98.159,19.2],[98.17,19.225],[98.162,19.247],[98.167,19.259],[98.151,19.267],[98.128,19.262],[98.135,19.278],[98.125,19.328],[98.145,19.339],[98.155,19.369],[98.112,19.39],[98.112,19.415],[98.12,19.421],[98.123,19.437],[98.114,19.46],[98.124,19.475],[98.119,19.491],[98.126,19.52],[98.121,19.518],[98.12,19.533],[98.097,19.535],[98.081,19.551],[98.077,19.567],[98.082,19.571],[98.074,19.572],[98.079,19.58],[98.069,19.583],[98.059,19.605],[98.06,19.615],[98.05,19.628],[98.037,19.63],[98.032,19.638],[98.015,19.64],[98.001,19.633],[97.984,19.64],[97.973,19.634],[97.975,19.603],[97.961,19.599],[97.96,19.593],[97.942,19.598],[97.901,19.578],[97.879,19.581],[97.862,19.576],[97.855,19.532],[97.868,19.523],[97.876,19.506],[97.888,19.501],[97.873,19.496],[97.872,19.485],[97.861,19.482],[97.858,19.469],[97.828,19.442],[97.827,19.43],[97.803,19.405],[97.786,19.399],[97.803,19.388],[97.806,19.376],[97.8,19.371],[97.798,19.353],[97.814,19.34],[97.812,19.333],[97.822,19.329],[97.829,19.303],[97.84,19.3],[97.843,19.29],[97.831,19.291],[97.826,19.283],[97.811,19.28],[97.801,19.289],[97.79,19.283],[97.783,19.268],[97.809,19.253],[97.818,19.238],[97.827,19.237],[97.826,19.229],[97.841,19.225],[97.845,19.215],[97.845,19.202],[97.838,19.195],[97.844,19.182],[97.839,19.17],[97.845,19.149],[97.834,19.135],[97.84,19.113],[97.836,19.094],[97.829,19.092],[97.833,19.072],[97.896,19.047],[97.901,19.022],[97.942,19.016],[97.955,19.005],[97.966,19.009],[97.968,18.979],[97.957,18.966],[97.976,18.946],[98.005,18.953],[98.022,18.945],[98.03,18.959],[98.048,18.958],[98.043,18.967],[98.053,18.972],[98.06,18.944],[98.067,18.948],[98.102,18.935],[98.117,18.939],[98.144,18.934],[98.166,18.94],[98.173,18.962],[98.164,18.981],[98.169,18.999],[98.186,19.015],[98.184,19.032],[98.205,19.049],[98.209,19.063],[98.238,19.102],[98.251,19.108],[98.252,19.115],[98.241,19.127],[98.243,19.154]]]]}},{"type":"Feature","id":412,"properties":{"id":412,"en":"Mueang Maha Sarakham","th":"เมืองมหาสารคาม","prov":"มหาสารคาม","code":"44"},"geometry":{"type":"MultiPolygon","coordinates":[[[[103.249,15.976],[103.261,15.977],[103.284,15.965],[103.331,15.982],[103.342,16.014],[103.327,16.045],[103.341,16.065],[103.329,16.086],[103.349,16.096],[103.348,16.108],[103.362,16.119],[103.387,16.128],[103.389,16.124],[103.402,16.126],[103.403,16.117],[103.431,16.109],[103.458,16.111],[103.46,16.126],[103.48,16.146],[103.49,16.172],[103.485,16.185],[103.501,16.194],[103.504,16.209],[103.493,16.203],[103.48,16.208],[103.472,16.192],[103.453,16.182],[103.448,16.192],[103.456,16.192],[103.444,16.198],[103.451,16.205],[103.44,16.206],[103.448,16.213],[103.443,16.216],[103.448,16.218],[103.447,16.228],[103.439,16.22],[103.423,16.239],[103.415,16.239],[103.418,16.226],[103.406,16.232],[103.402,16.245],[103.395,16.235],[103.391,16.241],[103.383,16.238],[103.381,16.228],[103.362,16.226],[103.361,16.216],[103.336,16.217],[103.334,16.224],[103.315,16.23],[103.31,16.225],[103.322,16.219],[103.318,16.213],[103.304,16.219],[103.301,16.229],[103.278,16.218],[103.278,16.231],[103.268,16.232],[103.268,16.219],[103.26,16.213],[103.253,16.217],[103.257,16.21],[103.24,16.205],[103.233,16.194],[103.221,16.199],[103.209,16.195],[103.2,16.202],[103.179,16.187],[103.167,16.19],[103.166,16.195],[103.129,16.198],[103.132,16.188],[103.122,16.182],[103.118,16.167],[103.131,16.147],[103.127,16.134],[103.146,16.129],[103.184,16.153],[103.198,16.148],[103.223,16.127],[103.208,16.088],[103.217,16.085],[103.236,16.093],[103.248,16.086],[103.254,16.072],[103.21,16.046],[103.206,16.016],[103.221,16.001],[103.219,15.995],[103.237,15.988],[103.249,15.976]]]]}},{"type":"Feature","id":413,"properties":{"id":413,"en":"Mueang Mukdahan","th":"เมืองมุกดาหาร","prov":"มุกดาหาร","code":"49"},"geometry":{"type":"MultiPolygon","coordinates":[[[[104.86,16.429],[104.841,16.459],[104.777,16.493],[104.743,16.528],[104.736,16.543],[104.742,16.626],[104.73,16.626],[104.713,16.645],[104.694,16.65],[104.693,16.678],[104.706,16.674],[104.704,16.686],[104.713,16.699],[104.693,16.704],[104.692,16.729],[104.707,16.729],[104.697,16.736],[104.718,16.77],[104.698,16.792],[104.676,16.796],[104.668,16.787],[104.66,16.792],[104.648,16.782],[104.645,16.759],[104.632,16.763],[104.613,16.754],[104.586,16.764],[104.565,16.747],[104.557,16.732],[104.552,16.733],[104.552,16.724],[104.53,16.733],[104.524,16.729],[104.522,16.737],[104.506,16.739],[104.473,16.73],[104.451,16.714],[104.47,16.706],[104.459,16.687],[104.468,16.688],[104.473,16.681],[104.457,16.634],[104.465,16.621],[104.474,16.62],[104.478,16.609],[104.503,16.594],[104.499,16.585],[104.51,16.583],[104.509,16.567],[104.516,16.559],[104.506,16.522],[104.494,16.527],[104.448,16.538],[104.444,16.52],[104.435,16.511],[104.435,16.494],[104.446,16.484],[104.444,16.473],[104.468,16.464],[104.474,16.449],[104.511,16.445],[104.511,16.438],[104.515,16.439],[104.523,16.428],[104.531,16.43],[104.545,16.42],[104.556,16.423],[104.567,16.406],[104.569,16.425],[104.562,16.426],[104.577,16.453],[104.588,16.455],[104.594,16.468],[104.597,16.458],[104.611,16.457],[104.632,16.431],[104.647,16.389],[104.641,16.355],[104.63,16.352],[104.625,16.336],[104.652,16.33],[104.649,16.314],[104.655,16.305],[104.661,16.27],[104.682,16.291],[104.695,16.287],[104.711,16.307],[104.731,16.315],[104.746,16.356],[104.757,16.346],[104.76,16.349],[104.758,16.389],[104.763,16.405],[104.779,16.41],[104.78,16.426],[104.804,16.423],[104.807,16.435],[104.82,16.436],[104.845,16.427],[104.86,16.429]]]]}},{"type":"Feature","id":414,"properties":{"id":414,"en":"Mueang Nakhon Nayok","th":"เมืองนครนายก","prov":"นครนายก","code":"26"},"geometry":{"type":"MultiPolygon","coordinates":[[[[101.066,14.147],[101.112,14.091],[101.112,14.054],[101.123,14.053],[101.152,14.011],[101.167,14.015],[101.177,14.007],[101.178,14.012],[101.197,14.014],[101.193,14.024],[101.2,14.024],[101.197,14.029],[101.204,14.041],[101.178,14.077],[101.19,14.083],[101.19,14.094],[101.183,14.099],[101.198,14.105],[101.208,14.12],[101.197,14.134],[101.204,14.14],[101.199,14.142],[101.203,14.15],[101.197,14.151],[101.207,14.155],[101.211,14.15],[101.215,14.164],[101.229,14.173],[101.228,14.183],[101.241,14.191],[101.26,14.195],[101.269,14.188],[101.279,14.193],[101.29,14.211],[101.295,14.238],[101.314,14.242],[101.323,14.249],[101.322,14.259],[101.339,14.269],[101.346,14.296],[101.337,14.307],[101.344,14.326],[101.335,14.343],[101.344,14.348],[101.346,14.361],[101.37,14.353],[101.404,14.367],[101.422,14.384],[101.39,14.42],[101.38,14.424],[101.382,14.434],[101.37,14.438],[101.366,14.449],[101.312,14.471],[101.306,14.498],[101.284,14.489],[101.284,14.502],[101.273,14.512],[101.251,14.495],[101.244,14.489],[101.243,14.471],[101.225,14.472],[101.226,14.463],[101.234,14.459],[101.222,14.446],[101.23,14.434],[101.215,14.438],[101.209,14.428],[101.211,14.414],[101.202,14.402],[101.212,14.382],[101.21,14.372],[101.187,14.367],[101.185,14.353],[101.178,14.347],[101.169,14.349],[101.151,14.338],[101.143,14.326],[101.151,14.303],[101.128,14.29],[101.14,14.269],[101.125,14.247],[101.124,14.233],[101.133,14.223],[101.134,14.209],[101.115,14.209],[101.111,14.188],[101.096,14.186],[101.1,14.178],[101.095,14.157],[101.066,14.147]]]]}},{"type":"Feature","id":415,"properties":{"id":415,"en":"Mueang Nakhon Pathom","th":"","prov":"","code":"73"},"geometry":{"type":"MultiPolygon","coordinates":[[[[99.938,13.77],[99.942,13.745],[99.96,13.722],[100.029,13.754],[100.031,13.744],[100.023,13.735],[100.024,13.703],[100.035,13.692],[100.049,13.697],[100.068,13.693],[100.107,13.705],[100.098,13.768],[100.126,13.811],[100.131,13.85],[100.117,13.872],[100.095,13.872],[100.095,13.883],[100.078,13.893],[100.074,13.904],[100.064,13.905],[100.057,13.914],[100.037,13.909],[100.034,13.902],[100.043,13.897],[100.034,13.885],[99.984,13.919],[99.972,13.945],[99.965,13.935],[99.949,13.945],[99.935,13.935],[99.928,13.939],[99.924,13.919],[99.917,13.914],[99.928,13.91],[99.923,13.897],[99.915,13.898],[99.907,13.888],[99.913,13.871],[99.901,13.842],[99.909,13.847],[99.933,13.843],[99.942,13.83],[99.959,13.836],[99.963,13.813],[99.971,13.808],[99.97,13.798],[99.955,13.795],[99.952,13.774],[99.938,13.77]]]]}},{"type":"Feature","id":416,"properties":{"id":416,"en":"Mueang Nakhon Phanom","th":"เมืองนครพนม","prov":"นครพนม","code":"48"},"geometry":{"type":"MultiPolygon","coordinates":[[[[104.416,17.321],[104.464,17.285],[104.507,17.272],[104.538,17.288],[104.567,17.277],[104.592,17.283],[104.631,17.278],[104.643,17.303],[104.653,17.305],[104.658,17.327],[104.672,17.331],[104.684,17.286],[104.67,17.242],[104.684,17.223],[104.653,17.192],[104.654,17.171],[104.646,17.155],[104.718,17.179],[104.756,17.159],[104.759,17.133],[104.788,17.128],[104.792,17.147],[104.802,17.172],[104.807,17.224],[104.802,17.385],[104.796,17.401],[104.752,17.452],[104.728,17.492],[104.723,17.487],[104.716,17.49],[104.714,17.484],[104.708,17.488],[104.699,17.479],[104.71,17.465],[104.706,17.444],[104.683,17.452],[104.67,17.443],[104.666,17.433],[104.649,17.431],[104.642,17.422],[104.622,17.42],[104.621,17.429],[104.612,17.433],[104.597,17.426],[104.565,17.436],[104.554,17.432],[104.538,17.407],[104.493,17.37],[104.476,17.374],[104.46,17.366],[104.413,17.361],[104.424,17.338],[104.416,17.321]]]]}},{"type":"Feature","id":417,"properties":{"id":417,"en":"Mueang Nakhon Ratchasima","th":"เมืองนครราชสีมา","prov":"นครราชสีมา","code":"30"},"geometry":{"type":"MultiPolygon","coordinates":[[[[102.211,15.12],[102.183,15.129],[102.181,15.141],[102.158,15.136],[102.15,15.126],[102.137,15.124],[102.114,15.14],[102.112,15.135],[102.101,15.136],[102.101,15.131],[102.092,15.132],[102.08,15.098],[102.088,15.082],[102.081,15.077],[102.02,15.073],[102.012,15.086],[101.995,15.085],[101.993,15.035],[101.974,15.005],[101.994,14.959],[101.976,14.942],[101.946,14.937],[101.932,14.905],[101.942,14.88],[101.96,14.866],[101.969,14.809],[101.98,14.816],[101.99,14.839],[102.028,14.837],[102.031,14.843],[102.044,14.845],[102.093,14.795],[102.107,14.791],[102.107,14.843],[102.131,14.859],[102.153,14.855],[102.182,14.875],[102.188,14.895],[102.203,14.896],[102.208,14.906],[102.228,14.918],[102.23,14.937],[102.221,14.954],[102.223,14.978],[102.214,14.992],[102.219,14.993],[102.217,15.045],[102.206,15.078],[102.211,15.12]]]]}},{"type":"Feature","id":418,"properties":{"id":418,"en":"Mueang Nakhon Sawan","th":"เมืองนครสวรรค์","prov":"นครสวรรค์","code":"60"},"geometry":{"type":"MultiPolygon","coordinates":[[[[99.93,15.838],[99.906,15.831],[99.891,15.813],[99.899,15.812],[99.9,15.799],[99.907,15.799],[99.904,15.778],[99.923,15.783],[99.934,15.777],[99.938,15.767],[99.933,15.748],[99.946,15.721],[99.93,15.707],[99.927,15.685],[99.932,15.672],[99.969,15.675],[99.972,15.682],[99.985,15.675],[100.004,15.68],[100.023,15.673],[100.042,15.681],[100.061,15.667],[100.063,15.637],[100.05,15.635],[100.04,15.656],[100.032,15.637],[100.039,15.619],[100.054,15.616],[100.073,15.624],[100.082,15.61],[100.092,15.608],[100.104,15.619],[100.137,15.62],[100.143,15.603],[100.189,15.591],[100.202,15.619],[100.228,15.633],[100.252,15.636],[100.268,15.627],[100.275,15.575],[100.29,15.575],[100.296,15.56],[100.311,15.567],[100.309,15.574],[100.338,15.598],[100.309,15.633],[100.296,15.634],[100.295,15.655],[100.287,15.656],[100.289,15.694],[100.247,15.698],[100.204,15.756],[100.216,15.792],[100.161,15.784],[100.169,15.812],[100.133,15.819],[100.081,15.808],[100.079,15.816],[100.029,15.815],[99.99,15.848],[99.976,15.849],[99.968,15.842],[99.948,15.847],[99.93,15.838]]]]}},{"type":"Feature","id":419,"properties":{"id":419,"en":"Mueang Nakhon Si Thammarat","th":"เมืองนครศรีธรรมราช","prov":"นครศรีธรรมราช","code":"80"},"geometry":{"type":"MultiPolygon","coordinates":[[[[100.019,8.248],[100.032,8.251],[100.048,8.292],[100.044,8.308],[100.055,8.324],[100.054,8.336],[100.077,8.336],[100.079,8.359],[100.087,8.363],[100.096,8.399],[100.075,8.433],[100.047,8.517],[100.016,8.563],[100.006,8.566],[100.009,8.579],[99.989,8.595],[99.965,8.577],[99.96,8.595],[99.942,8.597],[99.941,8.603],[99.938,8.594],[99.943,8.592],[99.939,8.586],[99.944,8.577],[99.933,8.57],[99.936,8.561],[99.926,8.543],[99.951,8.515],[99.948,8.509],[99.9,8.505],[99.89,8.492],[99.874,8.495],[99.859,8.486],[99.849,8.491],[99.814,8.477],[99.806,8.484],[99.798,8.47],[99.831,8.43],[99.837,8.415],[99.845,8.413],[99.849,8.42],[99.853,8.416],[99.846,8.368],[99.892,8.382],[99.913,8.382],[99.913,8.389],[99.93,8.386],[99.927,8.392],[99.933,8.397],[99.946,8.397],[99.943,8.388],[99.95,8.385],[99.97,8.392],[99.98,8.357],[99.989,8.292],[99.999,8.276],[100.003,8.252],[100.019,8.248]]]]}},{"type":"Feature","id":420,"properties":{"id":420,"en":"Mueang Nan","th":"เมืองน่าน","prov":"น่าน","code":"55"},"geometry":{"type":"MultiPolygon","coordinates":[[[[100.493,18.736],[100.502,18.727],[100.506,18.738],[100.542,18.746],[100.54,18.754],[100.552,18.764],[100.574,18.766],[100.591,18.784],[100.608,18.777],[100.602,18.764],[100.606,18.748],[100.593,18.737],[100.597,18.722],[100.59,18.702],[100.61,18.71],[100.621,18.701],[100.63,18.707],[100.632,18.696],[100.639,18.691],[100.668,18.689],[100.689,18.696],[100.692,18.687],[100.706,18.702],[100.732,18.668],[100.749,18.675],[100.794,18.675],[100.779,18.693],[100.778,18.708],[100.761,18.711],[100.766,18.719],[100.756,18.739],[100.77,18.75],[100.766,18.765],[100.782,18.777],[100.794,18.801],[100.786,18.806],[100.788,18.824],[100.78,18.848],[100.792,18.868],[100.78,18.886],[100.783,18.903],[100.786,18.907],[100.795,18.902],[100.793,18.907],[100.803,18.913],[100.796,18.916],[100.799,18.929],[100.812,18.927],[100.816,18.933],[100.81,18.936],[100.811,18.95],[100.824,18.966],[100.836,18.979],[100.831,18.994],[100.78,19.015],[100.771,19.011],[100.747,19.016],[100.734,19.008],[100.726,19.015],[100.727,19.027],[100.712,19.036],[100.71,19.046],[100.688,19.044],[100.664,19.061],[100.633,19.062],[100.615,19.042],[100.619,19.034],[100.604,19.02],[100.583,19.031],[100.566,19.031],[100.557,19.045],[100.549,19.04],[100.538,19.047],[100.531,19.041],[100.494,19.052],[100.493,19.043],[100.48,19.037],[100.478,19.024],[100.455,19.007],[100.504,18.996],[100.501,18.986],[100.534,18.957],[100.539,18.946],[100.53,18.932],[100.518,18.931],[100.532,18.911],[100.527,18.9],[100.532,18.841],[100.507,18.82],[100.509,18.794],[100.493,18.736]]]]}},{"type":"Feature","id":421,"properties":{"id":421,"en":"Mueang Narathiwat","th":"เมืองนราธิวาส","prov":"นราธิวาส","code":"96"},"geometry":{"type":"MultiPolygon","coordinates":[[[[101.716,6.5],[101.74,6.463],[101.773,6.437],[101.786,6.403],[101.768,6.393],[101.769,6.38],[101.753,6.373],[101.74,6.38],[101.741,6.374],[101.721,6.365],[101.721,6.347],[101.758,6.331],[101.77,6.308],[101.777,6.304],[101.79,6.309],[101.822,6.299],[101.892,6.301],[101.916,6.283],[101.916,6.337],[101.904,6.345],[101.898,6.362],[101.919,6.373],[101.875,6.424],[101.855,6.428],[101.809,6.461],[101.725,6.577],[101.709,6.569],[101.723,6.545],[101.719,6.54],[101.727,6.513],[101.716,6.5]]]]}},{"type":"Feature","id":422,"properties":{"id":422,"en":"Mueang Nong Bua Lam Phu","th":"เมืองหนองบัวลำภู","prov":"หนองบัวลำภู","code":"39"},"geometry":{"type":"MultiPolygon","coordinates":[[[[102.421,17.376],[102.38,17.385],[102.372,17.348],[102.348,17.366],[102.34,17.38],[102.338,17.355],[102.33,17.342],[102.318,17.336],[102.312,17.323],[102.285,17.308],[102.269,17.313],[102.247,17.342],[102.238,17.343],[102.24,17.313],[102.249,17.31],[102.275,17.271],[102.271,17.258],[102.285,17.234],[102.25,17.216],[102.24,17.201],[102.252,17.186],[102.241,17.165],[102.241,17.153],[102.263,17.143],[102.266,17.133],[102.278,17.127],[102.303,17.126],[102.319,17.118],[102.327,17.102],[102.331,17.07],[102.324,17.055],[102.331,17.027],[102.323,17.014],[102.321,16.962],[102.327,16.957],[102.343,16.964],[102.357,16.948],[102.373,16.953],[102.372,16.929],[102.397,16.927],[102.406,16.917],[102.412,16.924],[102.432,16.993],[102.462,17.026],[102.483,17.025],[102.5,17],[102.532,17.019],[102.545,17.013],[102.579,17.041],[102.543,17.067],[102.522,17.096],[102.504,17.146],[102.469,17.203],[102.491,17.208],[102.491,17.219],[102.502,17.23],[102.538,17.226],[102.574,17.234],[102.585,17.241],[102.595,17.264],[102.561,17.269],[102.548,17.277],[102.502,17.272],[102.487,17.283],[102.462,17.287],[102.439,17.282],[102.441,17.323],[102.421,17.376]]]]}},{"type":"Feature","id":423,"properties":{"id":423,"en":"Mueang Nong Khai","th":"เมืองหนองคาย","prov":"หนองคาย","code":"43"},"geometry":{"type":"MultiPolygon","coordinates":[[[[103.01,17.977],[102.971,18.004],[102.938,18.002],[102.899,17.982],[102.86,17.974],[102.819,17.942],[102.784,17.933],[102.76,17.895],[102.689,17.871],[102.676,17.844],[102.696,17.817],[102.688,17.807],[102.65,17.797],[102.664,17.778],[102.666,17.757],[102.651,17.706],[102.656,17.712],[102.676,17.711],[102.68,17.703],[102.708,17.699],[102.701,17.731],[102.724,17.735],[102.72,17.747],[102.725,17.763],[102.737,17.758],[102.742,17.748],[102.76,17.742],[102.764,17.725],[102.777,17.725],[102.778,17.716],[102.786,17.717],[102.787,17.704],[102.801,17.696],[102.797,17.686],[102.831,17.693],[102.833,17.716],[102.85,17.728],[102.842,17.744],[102.85,17.749],[102.845,17.762],[102.854,17.776],[102.845,17.78],[102.844,17.785],[102.851,17.786],[102.839,17.794],[102.841,17.8],[102.843,17.806],[102.826,17.814],[102.839,17.811],[102.841,17.821],[102.836,17.822],[102.851,17.827],[102.844,17.837],[102.869,17.846],[102.865,17.856],[102.873,17.857],[102.874,17.865],[102.868,17.876],[102.87,17.888],[102.882,17.894],[102.885,17.904],[102.876,17.914],[102.859,17.915],[102.867,17.915],[102.878,17.924],[102.876,17.939],[102.887,17.937],[102.884,17.929],[102.896,17.939],[102.903,17.933],[102.912,17.943],[102.905,17.952],[102.924,17.961],[102.923,17.971],[102.931,17.968],[102.935,17.973],[102.941,17.96],[102.969,17.965],[102.975,17.974],[102.979,17.968],[102.99,17.977],[103.01,17.977]]]]}},{"type":"Feature","id":424,"properties":{"id":424,"en":"Mueang Nonthaburi","th":"","prov":"","code":"12"},"geometry":{"type":"MultiPolygon","coordinates":[[[[100.448,13.867],[100.441,13.858],[100.444,13.845],[100.428,13.834],[100.466,13.825],[100.477,13.832],[100.491,13.81],[100.502,13.819],[100.507,13.816],[100.509,13.826],[100.544,13.85],[100.55,13.878],[100.497,13.895],[100.485,13.885],[100.463,13.893],[100.45,13.889],[100.448,13.867]]]]}},{"type":"Feature","id":425,"properties":{"id":425,"en":"Mueang Pan","th":"เมืองปาน","prov":"ลำปาง","code":"52"},"geometry":{"type":"MultiPolygon","coordinates":[[[[99.56,18.949],[99.562,18.964],[99.549,18.969],[99.537,19.015],[99.528,19.025],[99.549,19.054],[99.543,19.06],[99.526,19.062],[99.526,19.077],[99.518,19.081],[99.484,19.072],[99.472,19.044],[99.436,19.008],[99.382,18.991],[99.375,18.96],[99.387,18.944],[99.378,18.922],[99.391,18.884],[99.377,18.861],[99.353,18.847],[99.353,18.823],[99.371,18.782],[99.366,18.769],[99.371,18.753],[99.348,18.735],[99.343,18.707],[99.334,18.702],[99.337,18.694],[99.327,18.685],[99.333,18.669],[99.349,18.655],[99.337,18.651],[99.327,18.638],[99.327,18.62],[99.348,18.618],[99.358,18.608],[99.349,18.594],[99.353,18.579],[99.368,18.582],[99.402,18.571],[99.412,18.566],[99.413,18.55],[99.43,18.547],[99.439,18.553],[99.46,18.528],[99.503,18.529],[99.518,18.587],[99.512,18.603],[99.525,18.638],[99.517,18.657],[99.533,18.727],[99.532,18.752],[99.539,18.781],[99.551,18.787],[99.536,18.799],[99.542,18.815],[99.531,18.829],[99.539,18.841],[99.534,18.862],[99.553,18.887],[99.552,18.921],[99.561,18.93],[99.56,18.949]]]]}},{"type":"Feature","id":426,"properties":{"id":426,"en":"Mueang Pathum Thani","th":"เมืองปทุมธานี","prov":"ปทุมธานี","code":"13"},"geometry":{"type":"MultiPolygon","coordinates":[[[[100.607,13.954],[100.589,14.074],[100.585,14.073],[100.587,14.049],[100.578,14.04],[100.554,14.042],[100.543,14.03],[100.521,14.032],[100.497,14.047],[100.483,14.015],[100.458,14.028],[100.449,14.008],[100.471,13.997],[100.467,13.987],[100.473,13.976],[100.462,13.972],[100.5,13.937],[100.532,13.945],[100.539,13.956],[100.562,13.949],[100.574,13.955],[100.606,13.944],[100.607,13.954]]]]}},{"type":"Feature","id":427,"properties":{"id":427,"en":"Mueang Pattani","th":"เมืองปัตตานี","prov":"ปัตตานี","code":"94"},"geometry":{"type":"MultiPolygon","coordinates":[[[[101.324,6.877],[101.309,6.886],[101.287,6.879],[101.284,6.891],[101.252,6.905],[101.225,6.877],[101.192,6.866],[101.21,6.853],[101.227,6.854],[101.231,6.847],[101.22,6.843],[101.213,6.821],[101.245,6.82],[101.243,6.812],[101.252,6.803],[101.283,6.804],[101.292,6.819],[101.286,6.833],[101.322,6.843],[101.324,6.877]]]]}},{"type":"Feature","id":428,"properties":{"id":428,"en":"Mueang Phangnga","th":"เมืองพังงา","prov":"พังงา","code":"82"},"geometry":{"type":"MultiPolygon","coordinates":[[[[98.595,8.291],[98.578,8.289],[98.574,8.28],[98.584,8.282],[98.599,8.286],[98.595,8.291]]],[[[98.411,8.629],[98.419,8.615],[98.412,8.594],[98.425,8.58],[98.423,8.57],[98.407,8.555],[98.395,8.533],[98.379,8.521],[98.369,8.482],[98.388,8.475],[98.397,8.456],[98.404,8.462],[98.427,8.464],[98.436,8.456],[98.453,8.453],[98.46,8.458],[98.479,8.447],[98.472,8.421],[98.46,8.414],[98.467,8.398],[98.461,8.391],[98.466,8.387],[98.464,8.374],[98.478,8.359],[98.477,8.349],[98.494,8.34],[98.507,8.343],[98.514,8.326],[98.536,8.336],[98.539,8.343],[98.549,8.34],[98.552,8.348],[98.575,8.363],[98.583,8.358],[98.603,8.37],[98.607,8.365],[98.609,8.382],[98.616,8.382],[98.609,8.418],[98.589,8.433],[98.595,8.445],[98.579,8.465],[98.579,8.481],[98.588,8.492],[98.583,8.504],[98.565,8.502],[98.563,8.513],[98.549,8.518],[98.555,8.526],[98.549,8.535],[98.554,8.547],[98.57,8.554],[98.573,8.577],[98.603,8.619],[98.603,8.629],[98.587,8.628],[98.564,8.638],[98.55,8.655],[98.531,8.663],[98.515,8.624],[98.494,8.602],[98.47,8.608],[98.456,8.627],[98.445,8.625],[98.439,8.632],[98.431,8.626],[98.419,8.634],[98.411,8.629]]]]}},{"type":"Feature","id":429,"properties":{"id":429,"en":"Mueang Phatthalung","th":"เมืองพัทลุง","prov":"พัทลุง","code":"93"},"geometry":{"type":"MultiPolygon","coordinates":[[[[100.233,7.576],[100.218,7.712],[100.144,7.728],[100.132,7.737],[100.093,7.721],[100.085,7.71],[100.072,7.712],[100.068,7.699],[100.053,7.685],[100.059,7.676],[100.054,7.656],[100.024,7.64],[99.987,7.638],[99.988,7.588],[99.972,7.583],[99.972,7.574],[99.992,7.572],[99.987,7.562],[99.989,7.53],[100.012,7.529],[100.029,7.519],[100.017,7.493],[100.02,7.473],[100.003,7.453],[100.013,7.45],[100.012,7.439],[100.027,7.441],[100.045,7.467],[100.034,7.484],[100.067,7.488],[100.079,7.524],[100.088,7.535],[100.103,7.537],[100.117,7.561],[100.157,7.571],[100.158,7.576],[100.233,7.576]]]]}},{"type":"Feature","id":430,"properties":{"id":430,"en":"Mueang Phayao","th":"เมืองพะเยา","prov":"พะเยา","code":"56"},"geometry":{"type":"MultiPolygon","coordinates":[[[[99.965,19.205],[99.959,19.212],[99.952,19.208],[99.945,19.212],[99.929,19.23],[99.929,19.241],[99.913,19.251],[99.926,19.305],[99.93,19.362],[99.92,19.406],[99.898,19.393],[99.899,19.38],[99.888,19.378],[99.895,19.362],[99.89,19.352],[99.869,19.356],[99.865,19.331],[99.851,19.321],[99.826,19.326],[99.827,19.311],[99.82,19.312],[99.812,19.296],[99.773,19.29],[99.74,19.316],[99.704,19.322],[99.698,19.305],[99.705,19.276],[99.703,19.245],[99.729,19.181],[99.726,19.17],[99.739,19.159],[99.744,19.142],[99.759,19.134],[99.764,19.09],[99.774,19.076],[99.773,19.064],[99.796,19.053],[99.819,19.061],[99.822,19.048],[99.834,19.039],[99.831,19.008],[99.872,18.996],[99.881,19],[99.889,18.988],[99.906,18.983],[99.912,18.988],[99.927,18.978],[99.947,18.942],[99.966,18.924],[100.017,18.896],[100.027,18.897],[100.016,18.924],[100.02,18.937],[100.002,18.964],[100.011,18.977],[100.008,18.991],[100.017,19.001],[100.012,19.017],[100.019,19.031],[100.016,19.044],[99.983,19.094],[99.978,19.114],[99.92,19.161],[99.934,19.165],[99.939,19.186],[99.965,19.199],[99.965,19.205]]]]}},{"type":"Feature","id":431,"properties":{"id":431,"en":"Mueang Phetchabun","th":"เมืองเพชรบูรณ์","prov":"เพชรบูรณ์","code":"67"},"geometry":{"type":"MultiPolygon","coordinates":[[[[100.985,16.166],[100.995,16.169],[101.008,16.156],[101.021,16.17],[101.031,16.171],[101.084,16.151],[101.107,16.1],[101.132,16.104],[101.142,16.091],[101.161,16.108],[101.172,16.11],[101.165,16.142],[101.193,16.148],[101.196,16.179],[101.203,16.18],[101.207,16.171],[101.22,16.167],[101.227,16.172],[101.242,16.166],[101.249,16.18],[101.268,16.181],[101.271,16.176],[101.293,16.19],[101.312,16.191],[101.319,16.184],[101.324,16.187],[101.335,16.172],[101.343,16.183],[101.358,16.183],[101.358,16.192],[101.379,16.188],[101.375,16.214],[101.367,16.227],[101.374,16.241],[101.355,16.26],[101.358,16.268],[101.372,16.274],[101.368,16.294],[101.379,16.318],[101.377,16.347],[101.393,16.373],[101.409,16.383],[101.401,16.402],[101.417,16.409],[101.419,16.424],[101.444,16.438],[101.452,16.457],[101.473,16.477],[101.473,16.489],[101.464,16.501],[101.472,16.529],[101.483,16.524],[101.496,16.54],[101.505,16.539],[101.503,16.546],[101.515,16.543],[101.52,16.55],[101.51,16.559],[101.508,16.555],[101.497,16.561],[101.499,16.579],[101.493,16.587],[101.466,16.6],[101.453,16.596],[101.45,16.606],[101.428,16.61],[101.406,16.595],[101.368,16.592],[101.354,16.569],[101.358,16.561],[101.343,16.561],[101.323,16.548],[101.3,16.546],[101.269,16.556],[101.251,16.548],[101.213,16.551],[101.217,16.561],[101.213,16.57],[101.195,16.586],[101.19,16.58],[101.184,16.584],[101.176,16.601],[101.155,16.613],[101.151,16.639],[101.142,16.631],[101.101,16.629],[101.063,16.636],[101.052,16.645],[101.054,16.622],[101.072,16.606],[101.067,16.595],[101.071,16.586],[101.057,16.587],[101.051,16.562],[101.06,16.555],[101.075,16.557],[101.086,16.547],[101.108,16.545],[101.113,16.531],[101.103,16.514],[101.092,16.513],[101.093,16.502],[101.1,16.499],[101.115,16.476],[101.091,16.484],[101.065,16.466],[101.047,16.479],[101.031,16.473],[101.02,16.481],[101,16.472],[100.983,16.491],[100.966,16.494],[100.962,16.513],[100.943,16.515],[100.939,16.505],[100.927,16.507],[100.903,16.485],[100.891,16.494],[100.88,16.49],[100.88,16.503],[100.871,16.509],[100.857,16.511],[100.848,16.503],[100.821,16.501],[100.815,16.496],[100.817,16.483],[100.794,16.473],[100.798,16.458],[100.82,16.435],[100.837,16.43],[100.843,16.437],[100.884,16.444],[100.909,16.411],[100.923,16.412],[100.941,16.394],[100.979,16.383],[100.994,16.366],[100.994,16.352],[100.971,16.319],[100.942,16.309],[100.963,16.285],[100.966,16.263],[100.982,16.254],[100.983,16.226],[100.994,16.226],[100.994,16.209],[100.98,16.186],[100.987,16.183],[100.985,16.166]]]]}},{"type":"Feature","id":432,"properties":{"id":432,"en":"Mueang Phetchaburi","th":"เมืองเพชรบุรี","prov":"เพชรบุรี","code":"76"},"geometry":{"type":"MultiPolygon","coordinates":[[[[99.902,13.181],[99.866,13.154],[99.855,13.16],[99.842,13.153],[99.846,13.123],[99.839,13.122],[99.847,13.097],[99.886,13.1],[99.891,13.103],[99.889,13.115],[99.905,13.117],[99.899,13.085],[99.916,13.086],[99.911,13.098],[99.921,13.096],[99.934,13.066],[99.946,13.072],[99.966,13.068],[99.959,13.049],[99.964,12.984],[100.012,12.972],[100.038,12.954],[100.046,12.976],[100.079,13.02],[100.063,13.007],[100.057,13.015],[100.051,13.031],[100.057,13.055],[100.054,13.09],[100.036,13.09],[100.025,13.104],[100.022,13.122],[100.038,13.122],[100.046,13.131],[100.031,13.145],[99.996,13.135],[99.992,13.146],[99.984,13.149],[99.951,13.133],[99.948,13.188],[99.902,13.181]]]]}},{"type":"Feature","id":433,"properties":{"id":433,"en":"Mueang Phichit","th":"เมืองพิจิตร","prov":"พิจิตร","code":"66"},"geometry":{"type":"MultiPolygon","coordinates":[[[[100.236,16.529],[100.236,16.517],[100.252,16.498],[100.247,16.473],[100.257,16.457],[100.251,16.444],[100.226,16.432],[100.235,16.417],[100.226,16.405],[100.254,16.388],[100.269,16.394],[100.272,16.361],[100.318,16.36],[100.333,16.314],[100.318,16.305],[100.311,16.29],[100.313,16.275],[100.349,16.272],[100.346,16.258],[100.363,16.252],[100.361,16.26],[100.37,16.271],[100.397,16.271],[100.413,16.31],[100.43,16.307],[100.452,16.292],[100.478,16.293],[100.481,16.32],[100.473,16.323],[100.478,16.339],[100.468,16.341],[100.467,16.364],[100.479,16.381],[100.494,16.384],[100.524,16.376],[100.53,16.388],[100.508,16.417],[100.479,16.426],[100.479,16.434],[100.44,16.434],[100.414,16.421],[100.402,16.427],[100.414,16.442],[100.408,16.472],[100.412,16.497],[100.434,16.519],[100.425,16.536],[100.388,16.554],[100.372,16.552],[100.369,16.549],[100.376,16.546],[100.333,16.526],[100.265,16.538],[100.255,16.53],[100.236,16.529]]]]}},{"type":"Feature","id":434,"properties":{"id":434,"en":"Mueang Phitsanulok","th":"เมืองพิษณุโลก","prov":"พิษณุโลก","code":"65"},"geometry":{"type":"MultiPolygon","coordinates":[[[[100.304,16.709],[100.306,16.72],[100.3,16.725],[100.308,16.734],[100.302,16.75],[100.306,16.771],[100.302,16.788],[100.308,16.783],[100.309,16.79],[100.32,16.787],[100.332,16.793],[100.334,16.803],[100.34,16.801],[100.337,16.816],[100.341,16.813],[100.348,16.82],[100.351,16.815],[100.353,16.821],[100.362,16.822],[100.385,16.853],[100.407,16.856],[100.433,16.869],[100.434,16.877],[100.449,16.874],[100.458,16.888],[100.485,16.9],[100.489,16.917],[100.5,16.929],[100.486,16.977],[100.436,16.973],[100.426,16.964],[100.371,16.947],[100.357,16.952],[100.323,16.945],[100.302,16.928],[100.265,16.937],[100.233,16.952],[100.219,16.951],[100.232,16.925],[100.226,16.919],[100.232,16.913],[100.225,16.912],[100.186,16.929],[100.183,16.938],[100.164,16.94],[100.136,16.928],[100.133,16.917],[100.114,16.897],[100.133,16.888],[100.137,16.88],[100.129,16.879],[100.135,16.874],[100.131,16.861],[100.155,16.846],[100.163,16.827],[100.16,16.805],[100.15,16.808],[100.165,16.79],[100.164,16.748],[100.203,16.701],[100.2,16.695],[100.207,16.688],[100.201,16.685],[100.209,16.673],[100.217,16.663],[100.226,16.666],[100.217,16.648],[100.246,16.634],[100.283,16.643],[100.286,16.634],[100.291,16.633],[100.292,16.638],[100.296,16.633],[100.304,16.709]]]]}},{"type":"Feature","id":435,"properties":{"id":435,"en":"Mueang Phrae","th":"เมืองแพร่","prov":"แพร่","code":"54"},"geometry":{"type":"MultiPolygon","coordinates":[[[[100.037,18.148],[100.047,18.143],[100.05,18.135],[100.063,18.136],[100.081,18.118],[100.118,18.128],[100.171,18.101],[100.184,18.088],[100.184,18.077],[100.192,18.069],[100.205,18.069],[100.22,18.045],[100.227,18.044],[100.24,18.028],[100.218,18.018],[100.226,18.01],[100.22,18.006],[100.23,17.984],[100.26,17.979],[100.269,17.958],[100.28,17.957],[100.288,17.937],[100.299,17.939],[100.307,17.933],[100.313,17.909],[100.326,17.891],[100.335,17.889],[100.342,17.894],[100.348,17.916],[100.36,17.926],[100.35,17.983],[100.376,18],[100.391,18.019],[100.414,18.022],[100.418,18.03],[100.403,18.065],[100.41,18.075],[100.396,18.086],[100.397,18.108],[100.392,18.118],[100.398,18.137],[100.41,18.142],[100.414,18.154],[100.397,18.154],[100.389,18.161],[100.366,18.156],[100.324,18.174],[100.32,18.181],[100.303,18.18],[100.293,18.196],[100.285,18.194],[100.267,18.212],[100.273,18.213],[100.268,18.223],[100.277,18.257],[100.271,18.261],[100.261,18.255],[100.249,18.26],[100.246,18.27],[100.204,18.259],[100.198,18.246],[100.184,18.239],[100.19,18.233],[100.181,18.231],[100.178,18.245],[100.167,18.247],[100.165,18.236],[100.162,18.25],[100.149,18.258],[100.134,18.257],[100.109,18.27],[100.107,18.278],[100.088,18.276],[100.085,18.254],[100.077,18.255],[100.072,18.245],[100.077,18.236],[100.063,18.21],[100.064,18.189],[100.056,18.169],[100.037,18.148]]]]}},{"type":"Feature","id":436,"properties":{"id":436,"en":"Mueang Phuket","th":"เมืองภูเก็ต","prov":"ภูเก็ต","code":"83"},"geometry":{"type":"MultiPolygon","coordinates":[[[[98.314,7.479],[98.324,7.495],[98.319,7.494],[98.314,7.479]]],[[[98.333,7.524],[98.321,7.504],[98.328,7.502],[98.333,7.524]]],[[[98.378,7.611],[98.376,7.618],[98.37,7.61],[98.364,7.616],[98.369,7.608],[98.354,7.603],[98.355,7.59],[98.363,7.588],[98.378,7.611]]],[[[98.373,7.746],[98.369,7.749],[98.357,7.739],[98.358,7.734],[98.373,7.743],[98.38,7.738],[98.386,7.745],[98.373,7.746]]],[[[98.393,7.756],[98.398,7.767],[98.39,7.762],[98.393,7.756]]],[[[98.481,7.762],[98.482,7.771],[98.475,7.764],[98.473,7.753],[98.481,7.762]]],[[[98.371,7.795],[98.355,7.787],[98.362,7.781],[98.386,7.782],[98.39,7.785],[98.383,7.794],[98.371,7.795]]],[[[98.416,7.83],[98.41,7.829],[98.417,7.825],[98.416,7.83]]],[[[98.438,7.945],[98.417,7.943],[98.42,7.928],[98.432,7.926],[98.439,7.935],[98.438,7.945]]],[[[98.449,7.961],[98.445,7.956],[98.452,7.951],[98.449,7.961]]],[[[98.275,7.874],[98.274,7.868],[98.29,7.858],[98.295,7.834],[98.29,7.824],[98.299,7.816],[98.295,7.797],[98.285,7.792],[98.291,7.787],[98.287,7.78],[98.288,7.776],[98.304,7.778],[98.303,7.759],[98.311,7.759],[98.319,7.763],[98.319,7.77],[98.337,7.778],[98.333,7.789],[98.346,7.823],[98.366,7.839],[98.379,7.837],[98.389,7.805],[98.394,7.814],[98.413,7.802],[98.402,7.812],[98.407,7.817],[98.401,7.824],[98.406,7.83],[98.403,7.835],[98.411,7.837],[98.397,7.839],[98.391,7.852],[98.402,7.863],[98.4,7.871],[98.41,7.878],[98.417,7.869],[98.426,7.875],[98.438,7.865],[98.439,7.87],[98.43,7.874],[98.445,7.883],[98.438,7.895],[98.441,7.915],[98.432,7.911],[98.429,7.897],[98.422,7.898],[98.411,7.913],[98.414,7.923],[98.408,7.936],[98.393,7.956],[98.395,7.966],[98.379,7.976],[98.356,7.96],[98.35,7.944],[98.359,7.931],[98.366,7.935],[98.359,7.915],[98.36,7.906],[98.368,7.908],[98.368,7.901],[98.329,7.871],[98.275,7.874]]]]}},{"type":"Feature","id":437,"properties":{"id":437,"en":"Mueang Prachin Buri","th":"เมืองปราจีนบุรี","prov":"ปราจีนบุรี","code":"25"},"geometry":{"type":"MultiPolygon","coordinates":[[[[101.352,13.96],[101.365,13.949],[101.388,13.948],[101.387,13.996],[101.408,13.992],[101.436,14.003],[101.454,14],[101.463,14.009],[101.445,14.036],[101.457,14.032],[101.452,14.038],[101.463,14.057],[101.466,14.051],[101.475,14.059],[101.489,14.058],[101.485,14.062],[101.491,14.073],[101.484,14.08],[101.495,14.1],[101.488,14.123],[101.469,14.131],[101.47,14.159],[101.451,14.195],[101.421,14.201],[101.426,14.218],[101.437,14.227],[101.44,14.251],[101.441,14.255],[101.429,14.257],[101.413,14.254],[101.396,14.273],[101.381,14.273],[101.379,14.239],[101.387,14.22],[101.383,14.211],[101.346,14.197],[101.328,14.175],[101.315,14.173],[101.311,14.164],[101.289,14.149],[101.286,14.134],[101.304,14.12],[101.309,14.096],[101.321,14.077],[101.278,14.054],[101.284,14.051],[101.282,14.017],[101.304,14.008],[101.316,13.979],[101.343,13.98],[101.352,13.96]]]]}},{"type":"Feature","id":438,"properties":{"id":438,"en":"Mueang Prachuap Khiri Khan","th":"เมืองประจวบคีรีขันธ์","prov":"ประจวบคีรีขันธ์","code":"77"},"geometry":{"type":"MultiPolygon","coordinates":[[[[99.831,11.762],[99.829,11.759],[99.834,11.758],[99.831,11.762]]],[[[99.594,11.978],[99.593,11.954],[99.579,11.944],[99.586,11.93],[99.58,11.904],[99.589,11.885],[99.588,11.873],[99.6,11.879],[99.61,11.868],[99.625,11.849],[99.622,11.833],[99.639,11.827],[99.658,11.829],[99.665,11.823],[99.659,11.811],[99.651,11.811],[99.642,11.791],[99.645,11.774],[99.637,11.756],[99.636,11.727],[99.618,11.724],[99.616,11.711],[99.602,11.707],[99.599,11.696],[99.588,11.688],[99.637,11.668],[99.652,11.677],[99.666,11.672],[99.677,11.676],[99.69,11.663],[99.705,11.667],[99.715,11.656],[99.734,11.692],[99.783,11.739],[99.797,11.745],[99.799,11.739],[99.811,11.738],[99.803,11.753],[99.804,11.761],[99.796,11.77],[99.803,11.782],[99.814,11.784],[99.813,11.777],[99.818,11.785],[99.802,11.798],[99.798,11.818],[99.818,11.839],[99.829,11.838],[99.832,11.829],[99.836,11.842],[99.824,11.852],[99.825,11.866],[99.819,11.863],[99.813,11.872],[99.818,11.906],[99.851,11.976],[99.91,12.043],[99.9,12.054],[99.891,12.053],[99.894,12.062],[99.873,12.061],[99.866,12.022],[99.849,12.023],[99.821,12.041],[99.794,12.033],[99.786,12.039],[99.773,12.03],[99.761,12.037],[99.706,12.024],[99.594,11.978]]]]}},{"type":"Feature","id":439,"properties":{"id":439,"en":"Mueang Ranong","th":"เมืองระนอง","prov":"ระนอง","code":"85"},"geometry":{"type":"MultiPolygon","coordinates":[[[[98.504,9.709],[98.497,9.703],[98.507,9.699],[98.508,9.694],[98.515,9.703],[98.504,9.709]]],[[[98.422,9.718],[98.422,9.716],[98.426,9.716],[98.422,9.718]]],[[[98.415,9.77],[98.415,9.777],[98.401,9.765],[98.409,9.761],[98.405,9.746],[98.398,9.744],[98.393,9.752],[98.388,9.75],[98.379,9.729],[98.387,9.73],[98.396,9.715],[98.39,9.704],[98.401,9.706],[98.421,9.722],[98.427,9.734],[98.415,9.756],[98.415,9.77]]],[[[98.447,9.778],[98.45,9.787],[98.445,9.783],[98.447,9.778]]],[[[98.458,9.863],[98.451,9.874],[98.437,9.857],[98.441,9.834],[98.431,9.829],[98.43,9.821],[98.438,9.797],[98.447,9.799],[98.452,9.789],[98.456,9.795],[98.455,9.816],[98.464,9.813],[98.469,9.824],[98.465,9.84],[98.475,9.867],[98.472,9.872],[98.466,9.862],[98.458,9.863]]],[[[98.485,9.914],[98.475,9.911],[98.469,9.892],[98.487,9.9],[98.492,9.911],[98.485,9.914]]],[[[98.522,9.921],[98.513,9.92],[98.507,9.91],[98.511,9.908],[98.522,9.921]]],[[[98.487,9.933],[98.48,9.933],[98.481,9.927],[98.487,9.933]]],[[[98.639,9.714],[98.642,9.738],[98.635,9.743],[98.628,9.764],[98.633,9.767],[98.633,9.788],[98.646,9.792],[98.682,9.835],[98.693,9.833],[98.721,9.868],[98.721,9.894],[98.745,9.916],[98.739,9.939],[98.73,9.954],[98.71,9.965],[98.694,9.99],[98.692,10.004],[98.68,10.015],[98.685,10.061],[98.68,10.073],[98.688,10.101],[98.702,10.104],[98.715,10.141],[98.732,10.145],[98.732,10.162],[98.757,10.161],[98.744,10.17],[98.72,10.171],[98.702,10.183],[98.686,10.173],[98.674,10.179],[98.653,10.165],[98.639,10.132],[98.641,10.117],[98.632,10.087],[98.567,9.956],[98.588,9.931],[98.569,9.919],[98.561,9.92],[98.559,9.896],[98.572,9.912],[98.579,9.908],[98.561,9.885],[98.546,9.887],[98.535,9.882],[98.527,9.865],[98.536,9.859],[98.516,9.853],[98.538,9.804],[98.534,9.79],[98.507,9.783],[98.513,9.754],[98.5,9.739],[98.508,9.736],[98.523,9.751],[98.539,9.743],[98.552,9.75],[98.558,9.729],[98.539,9.707],[98.541,9.695],[98.526,9.68],[98.52,9.682],[98.507,9.673],[98.485,9.686],[98.498,9.652],[98.51,9.657],[98.5,9.633],[98.503,9.627],[98.515,9.635],[98.531,9.634],[98.557,9.616],[98.588,9.639],[98.585,9.649],[98.601,9.66],[98.601,9.669],[98.639,9.714]]]]}},{"type":"Feature","id":440,"properties":{"id":440,"en":"Mueang Ratchaburi","th":"เมืองราชบุรี","prov":"ราชบุรี","code":"70"},"geometry":{"type":"MultiPolygon","coordinates":[[[[99.913,13.51],[99.9,13.535],[99.908,13.561],[99.897,13.57],[99.899,13.583],[99.888,13.58],[99.89,13.592],[99.882,13.595],[99.882,13.607],[99.889,13.61],[99.878,13.617],[99.882,13.62],[99.876,13.631],[99.863,13.611],[99.84,13.617],[99.828,13.613],[99.81,13.629],[99.79,13.625],[99.781,13.637],[99.756,13.634],[99.735,13.644],[99.741,13.632],[99.728,13.615],[99.732,13.602],[99.719,13.599],[99.697,13.613],[99.672,13.605],[99.661,13.612],[99.663,13.588],[99.657,13.592],[99.655,13.586],[99.616,13.583],[99.617,13.563],[99.594,13.544],[99.598,13.524],[99.578,13.507],[99.592,13.503],[99.601,13.511],[99.624,13.501],[99.637,13.515],[99.656,13.504],[99.679,13.504],[99.692,13.479],[99.716,13.483],[99.735,13.471],[99.746,13.449],[99.813,13.446],[99.828,13.453],[99.834,13.449],[99.843,13.475],[99.839,13.489],[99.861,13.495],[99.889,13.47],[99.9,13.489],[99.919,13.501],[99.913,13.51]]]]}},{"type":"Feature","id":441,"properties":{"id":441,"en":"Mueang Rayong","th":"เมืองระยอง","prov":"ระยอง","code":"21"},"geometry":{"type":"MultiPolygon","coordinates":[[[[101.451,12.583],[101.446,12.58],[101.449,12.569],[101.442,12.528],[101.443,12.522],[101.447,12.525],[101.448,12.539],[101.45,12.554],[101.459,12.565],[101.47,12.568],[101.451,12.583]]],[[[101.097,12.678],[101.132,12.675],[101.132,12.665],[101.148,12.647],[101.135,12.664],[101.139,12.674],[101.152,12.674],[101.157,12.64],[101.166,12.64],[101.167,12.662],[101.158,12.662],[101.162,12.672],[101.285,12.655],[101.37,12.619],[101.412,12.595],[101.418,12.583],[101.424,12.59],[101.423,12.614],[101.437,12.627],[101.47,12.633],[101.497,12.628],[101.512,12.631],[101.514,12.655],[101.521,12.665],[101.513,12.683],[101.519,12.711],[101.53,12.72],[101.521,12.727],[101.526,12.767],[101.522,12.786],[101.51,12.794],[101.503,12.818],[101.506,12.857],[101.502,12.869],[101.482,12.868],[101.477,12.854],[101.466,12.859],[101.467,12.865],[101.461,12.862],[101.451,12.83],[101.444,12.823],[101.416,12.801],[101.414,12.775],[101.365,12.763],[101.337,12.73],[101.327,12.728],[101.313,12.697],[101.304,12.698],[101.296,12.716],[101.278,12.721],[101.281,12.73],[101.276,12.735],[101.263,12.728],[101.238,12.751],[101.233,12.746],[101.219,12.747],[101.214,12.74],[101.199,12.745],[101.183,12.762],[101.178,12.757],[101.165,12.758],[101.163,12.772],[101.149,12.781],[101.141,12.797],[101.145,12.801],[101.125,12.814],[101.109,12.803],[101.107,12.807],[101.094,12.804],[101.095,12.795],[101.089,12.791],[101.095,12.773],[101.086,12.763],[101.1,12.747],[101.106,12.71],[101.096,12.696],[101.097,12.678]]]]}},{"type":"Feature","id":442,"properties":{"id":442,"en":"Mueang Roi Et","th":"เมืองร้อยเอ็ด","prov":"ร้อยเอ็ด","code":"45"},"geometry":{"type":"MultiPolygon","coordinates":[[[[103.722,15.915],[103.711,15.931],[103.701,15.973],[103.68,16.007],[103.702,16.039],[103.691,16.055],[103.68,16.094],[103.693,16.117],[103.674,16.115],[103.664,16.092],[103.642,16.092],[103.628,16.129],[103.592,16.124],[103.562,16.128],[103.56,16.153],[103.483,16.163],[103.48,16.146],[103.465,16.13],[103.496,16.115],[103.499,16.056],[103.527,16.057],[103.557,16.066],[103.573,16.035],[103.574,16.024],[103.565,16.012],[103.574,15.99],[103.532,15.958],[103.534,15.951],[103.523,15.939],[103.534,15.937],[103.562,15.914],[103.6,15.917],[103.615,15.912],[103.629,15.892],[103.644,15.89],[103.647,15.884],[103.697,15.864],[103.715,15.91],[103.722,15.915]]]]}},{"type":"Feature","id":443,"properties":{"id":443,"en":"Mueang Sa Kaeo","th":"เมืองสระแก้ว","prov":"สระแก้ว","code":"27"},"geometry":{"type":"MultiPolygon","coordinates":[[[[101.943,13.692],[101.985,13.68],[101.999,13.715],[102.012,13.703],[102.034,13.703],[102.044,13.745],[102.06,13.749],[102.074,13.741],[102.08,13.745],[102.079,13.756],[102.092,13.763],[102.144,13.728],[102.147,13.69],[102.154,13.685],[102.187,13.706],[102.209,13.71],[102.228,13.726],[102.231,13.758],[102.226,13.767],[102.2,13.77],[102.179,13.792],[102.179,13.823],[102.163,13.839],[102.166,13.847],[102.158,13.855],[102.189,13.87],[102.196,13.892],[102.208,13.906],[102.197,13.926],[102.211,13.94],[102.243,13.947],[102.264,13.968],[102.262,13.978],[102.27,13.984],[102.276,14.003],[102.296,14.015],[102.311,14.026],[102.312,14.06],[102.306,14.067],[102.312,14.088],[102.324,14.095],[102.326,14.128],[102.307,14.12],[102.289,14.135],[102.272,14.129],[102.269,14.147],[102.248,14.14],[102.217,14.145],[102.21,14.154],[102.212,14.174],[102.187,14.197],[102.175,14.19],[102.166,14.172],[102.172,14.16],[102.165,14.141],[102.133,14.138],[102.106,14.152],[102.098,14.126],[102.099,14.106],[102.09,14.093],[102.112,14.09],[102.122,14.099],[102.126,14.096],[102.118,14.079],[102.122,14.044],[102.11,14.042],[102.086,14.051],[102.078,14.047],[102.075,14.035],[101.993,14.033],[101.956,14.018],[101.949,14.009],[101.937,13.962],[101.951,13.934],[101.942,13.931],[101.925,13.94],[101.915,13.938],[101.904,13.907],[101.91,13.91],[101.909,13.903],[101.915,13.903],[101.905,13.883],[101.929,13.856],[101.92,13.833],[101.927,13.823],[101.924,13.816],[101.942,13.812],[101.948,13.8],[101.936,13.741],[101.942,13.739],[101.937,13.714],[101.943,13.692]]]]}},{"type":"Feature","id":444,"properties":{"id":444,"en":"Mueang Sakon Nakhon","th":"เมืองสกลนคร","prov":"สกลนคร","code":"47"},"geometry":{"type":"MultiPolygon","coordinates":[[[[104.327,17.131],[104.32,17.153],[104.292,17.146],[104.278,17.153],[104.255,17.143],[104.232,17.167],[104.19,17.18],[104.186,17.191],[104.193,17.223],[104.197,17.232],[104.208,17.236],[104.216,17.273],[104.195,17.292],[104.185,17.293],[104.182,17.316],[104.175,17.319],[104.105,17.312],[104.089,17.348],[104.077,17.358],[104.066,17.389],[104.055,17.371],[104.043,17.375],[104.024,17.365],[104.026,17.36],[104.033,17.361],[104.031,17.346],[104.038,17.346],[104.03,17.333],[104.034,17.328],[104.023,17.329],[104.018,17.34],[104.004,17.325],[103.999,17.334],[103.995,17.332],[103.99,17.322],[103.994,17.32],[103.982,17.31],[103.985,17.304],[103.993,17.289],[103.979,17.27],[103.968,17.211],[103.95,17.185],[103.931,17.191],[103.911,17.155],[103.949,17.148],[103.964,17.131],[103.96,17.116],[103.973,17.105],[103.979,17.09],[103.973,17.079],[103.974,17.069],[103.985,17.061],[103.986,17.031],[103.994,17.044],[104.029,17.06],[104.041,17.054],[104.059,17.022],[104.087,17.008],[104.128,17.002],[104.141,17.038],[104.137,17.049],[104.124,17.052],[104.125,17.067],[104.132,17.073],[104.153,17.072],[104.161,17.069],[104.168,17.045],[104.194,17.015],[104.218,17.037],[104.226,17.035],[104.238,17.042],[104.235,17.067],[104.259,17.07],[104.266,17.082],[104.277,17.085],[104.315,17.136],[104.327,17.131]]]]}},{"type":"Feature","id":445,"properties":{"id":445,"en":"Mueang Samut Prakan","th":"เมืองสมุทรปราการ","prov":"สมุทรปราการ","code":"11"},"geometry":{"type":"MultiPolygon","coordinates":[[[[100.766,13.522],[100.764,13.511],[100.753,13.512],[100.696,13.523],[100.708,13.545],[100.699,13.585],[100.678,13.586],[100.668,13.605],[100.671,13.614],[100.629,13.629],[100.645,13.654],[100.636,13.649],[100.601,13.657],[100.592,13.664],[100.587,13.629],[100.569,13.637],[100.551,13.619],[100.591,13.606],[100.592,13.594],[100.576,13.563],[100.597,13.539],[100.612,13.539],[100.631,13.521],[100.681,13.506],[100.777,13.491],[100.787,13.513],[100.766,13.522]]]]}},{"type":"Feature","id":446,"properties":{"id":446,"en":"Mueang Samut Sakhon","th":"เมืองสมุทรสาคร","prov":"สมุทรสาคร","code":"74"},"geometry":{"type":"MultiPolygon","coordinates":[[[[100.053,13.486],[100.073,13.456],[100.079,13.425],[100.246,13.473],[100.266,13.485],[100.274,13.504],[100.282,13.507],[100.33,13.486],[100.409,13.493],[100.406,13.536],[100.414,13.536],[100.42,13.545],[100.415,13.557],[100.396,13.553],[100.391,13.569],[100.379,13.594],[100.376,13.62],[100.366,13.634],[100.359,13.633],[100.354,13.641],[100.336,13.639],[100.313,13.62],[100.282,13.62],[100.271,13.605],[100.228,13.606],[100.21,13.583],[100.202,13.593],[100.198,13.584],[100.174,13.583],[100.186,13.576],[100.162,13.576],[100.163,13.565],[100.152,13.565],[100.163,13.543],[100.129,13.517],[100.123,13.52],[100.113,13.5],[100.106,13.503],[100.053,13.486]]]]}},{"type":"Feature","id":447,"properties":{"id":447,"en":"Mueang Samut Songkhram","th":"เมืองสมุทรสงคราม","prov":"สมุทรสงคราม","code":"75"},"geometry":{"type":"MultiPolygon","coordinates":[[[[99.931,13.284],[99.936,13.293],[99.953,13.297],[99.956,13.307],[99.998,13.331],[99.999,13.368],[100.023,13.362],[100.035,13.373],[100.048,13.409],[100.079,13.425],[100.073,13.456],[100.043,13.504],[100.03,13.508],[100.029,13.495],[100.014,13.478],[100.016,13.465],[100.006,13.468],[100.001,13.456],[99.984,13.459],[99.984,13.451],[99.97,13.444],[99.976,13.43],[99.97,13.425],[99.972,13.417],[99.966,13.409],[99.947,13.404],[99.918,13.3],[99.931,13.284]]]]}},{"type":"Feature","id":448,"properties":{"id":448,"en":"Mueang Saraburi","th":"เมืองสระบุรี","prov":"สระบุรี","code":"19"},"geometry":{"type":"MultiPolygon","coordinates":[[[[100.888,14.566],[100.878,14.55],[100.882,14.524],[100.85,14.521],[100.854,14.488],[100.845,14.474],[100.845,14.459],[100.869,14.455],[100.869,14.446],[100.878,14.445],[100.898,14.458],[100.926,14.462],[100.935,14.436],[100.947,14.436],[100.97,14.421],[100.982,14.43],[100.991,14.419],[100.995,14.423],[101,14.418],[100.997,14.457],[100.966,14.483],[100.962,14.491],[100.987,14.481],[100.991,14.5],[100.975,14.525],[100.996,14.542],[100.968,14.567],[100.954,14.553],[100.957,14.566],[100.945,14.555],[100.929,14.573],[100.925,14.561],[100.911,14.557],[100.916,14.56],[100.912,14.579],[100.9,14.577],[100.888,14.566]]]]}},{"type":"Feature","id":449,"properties":{"id":449,"en":"Mueang Satun","th":"เมืองสตูล","prov":"สตูล","code":"91"},"geometry":{"type":"MultiPolygon","coordinates":[[[[100.065,6.459],[100.074,6.465],[100.07,6.471],[100.065,6.459]]],[[[99.314,6.486],[99.313,6.497],[99.305,6.499],[99.286,6.481],[99.301,6.486],[99.309,6.48],[99.314,6.486]]],[[[99.705,6.524],[99.699,6.523],[99.702,6.518],[99.705,6.524]]],[[[99.161,6.539],[99.157,6.541],[99.154,6.534],[99.158,6.522],[99.176,6.516],[99.185,6.521],[99.161,6.539]]],[[[99.26,6.545],[99.255,6.543],[99.262,6.54],[99.26,6.545]]],[[[99.35,6.557],[99.346,6.569],[99.341,6.569],[99.35,6.557]]],[[[99.293,6.567],[99.278,6.577],[99.274,6.566],[99.286,6.519],[99.284,6.508],[99.31,6.51],[99.323,6.523],[99.326,6.552],[99.314,6.556],[99.316,6.564],[99.293,6.567]]],[[[99.454,6.577],[99.444,6.556],[99.453,6.566],[99.454,6.577]]],[[[99.25,6.582],[99.216,6.575],[99.193,6.577],[99.19,6.562],[99.181,6.555],[99.183,6.548],[99.168,6.551],[99.165,6.548],[99.172,6.541],[99.184,6.54],[99.191,6.547],[99.202,6.539],[99.221,6.539],[99.258,6.557],[99.258,6.572],[99.25,6.582]]],[[[99.458,6.579],[99.455,6.588],[99.451,6.586],[99.458,6.579]]],[[[99.864,6.67],[99.847,6.666],[99.844,6.651],[99.864,6.67]]],[[[99.867,6.687],[99.864,6.691],[99.86,6.679],[99.863,6.676],[99.867,6.687]]],[[[99.845,6.701],[99.839,6.7],[99.841,6.696],[99.845,6.701]]],[[[99.887,6.709],[99.874,6.705],[99.878,6.7],[99.887,6.709]]],[[[99.909,6.703],[99.913,6.713],[99.905,6.706],[99.908,6.696],[99.91,6.689],[99.915,6.696],[99.909,6.703]]],[[[99.88,6.711],[99.887,6.713],[99.873,6.718],[99.88,6.711]]],[[[99.819,6.72],[99.806,6.716],[99.81,6.712],[99.825,6.719],[99.819,6.72]]],[[[99.853,6.732],[99.847,6.731],[99.842,6.708],[99.853,6.706],[99.867,6.708],[99.861,6.729],[99.853,6.732]]],[[[99.649,6.737],[99.64,6.735],[99.645,6.703],[99.64,6.678],[99.627,6.663],[99.614,6.661],[99.619,6.646],[99.613,6.618],[99.6,6.612],[99.596,6.598],[99.614,6.566],[99.624,6.567],[99.638,6.548],[99.653,6.504],[99.659,6.504],[99.666,6.514],[99.673,6.512],[99.667,6.531],[99.678,6.54],[99.686,6.534],[99.693,6.529],[99.699,6.549],[99.691,6.568],[99.693,6.605],[99.688,6.603],[99.677,6.617],[99.684,6.64],[99.684,6.685],[99.677,6.701],[99.67,6.697],[99.665,6.703],[99.663,6.717],[99.649,6.737]]],[[[100.007,6.805],[100.004,6.801],[100.012,6.799],[100.009,6.785],[99.986,6.771],[99.986,6.755],[99.925,6.741],[99.907,6.706],[99.915,6.707],[99.923,6.691],[99.92,6.676],[99.931,6.661],[99.936,6.657],[99.947,6.664],[99.956,6.662],[99.964,6.638],[99.973,6.631],[99.962,6.617],[99.95,6.618],[99.951,6.584],[99.992,6.609],[99.998,6.605],[99.99,6.595],[100.007,6.561],[100.06,6.517],[100.068,6.522],[100.079,6.558],[100.095,6.542],[100.1,6.524],[100.085,6.495],[100.102,6.495],[100.116,6.459],[100.123,6.423],[100.134,6.43],[100.135,6.445],[100.148,6.452],[100.146,6.469],[100.158,6.48],[100.154,6.484],[100.16,6.49],[100.154,6.522],[100.156,6.58],[100.175,6.567],[100.183,6.574],[100.18,6.601],[100.17,6.609],[100.166,6.632],[100.168,6.648],[100.181,6.655],[100.179,6.683],[100.133,6.692],[100.124,6.689],[100.119,6.722],[100.102,6.73],[100.098,6.721],[100.078,6.724],[100.084,6.74],[100.054,6.754],[100.057,6.758],[100.04,6.795],[100.028,6.792],[100.024,6.8],[100.007,6.805]]]]}},{"type":"Feature","id":450,"properties":{"id":450,"en":"Mueang Si Sa Ket","th":"เมืองศรีสะเกษ","prov":"ศรีสะเกษ","code":"33"},"geometry":{"type":"MultiPolygon","coordinates":[[[[104.432,15.151],[104.418,15.146],[104.382,15.159],[104.387,15.192],[104.379,15.195],[104.354,15.185],[104.335,15.207],[104.325,15.205],[104.29,15.248],[104.275,15.253],[104.27,15.227],[104.245,15.227],[104.246,15.202],[104.259,15.194],[104.246,15.181],[104.246,15.162],[104.268,15.107],[104.264,15.098],[104.256,15.101],[104.259,15.091],[104.244,15.085],[104.246,15.077],[104.234,15.076],[104.238,15.071],[104.217,15.049],[104.248,15.023],[104.25,15.013],[104.273,15.012],[104.288,15.034],[104.299,15.026],[104.301,14.963],[104.347,14.947],[104.376,14.968],[104.394,14.966],[104.425,14.977],[104.457,15.006],[104.46,15.049],[104.468,15.066],[104.462,15.084],[104.484,15.098],[104.475,15.104],[104.475,15.133],[104.445,15.135],[104.432,15.151]]]]}},{"type":"Feature","id":451,"properties":{"id":451,"en":"Mueang Sing Buri","th":"เมืองสิงห์บุรี","prov":"สิงห์บุรี","code":"17"},"geometry":{"type":"MultiPolygon","coordinates":[[[[100.447,15.003],[100.422,14.997],[100.407,14.982],[100.412,14.966],[100.374,14.955],[100.366,14.952],[100.367,14.943],[100.342,14.937],[100.348,14.925],[100.336,14.914],[100.342,14.909],[100.341,14.898],[100.349,14.893],[100.35,14.882],[100.386,14.868],[100.378,14.85],[100.389,14.846],[100.393,14.817],[100.404,14.809],[100.431,14.851],[100.444,14.849],[100.454,14.857],[100.446,14.86],[100.452,14.875],[100.438,14.876],[100.427,14.885],[100.42,14.927],[100.449,14.943],[100.447,15.003]]]]}},{"type":"Feature","id":452,"properties":{"id":452,"en":"Mueang Songkhla","th":"เมืองสงขลา","prov":"สงขลา","code":"90"},"geometry":{"type":"MultiPolygon","coordinates":[[[[100.674,7.101],[100.623,7.182],[100.615,7.186],[100.597,7.215],[100.588,7.216],[100.581,7.232],[100.575,7.223],[100.585,7.194],[100.573,7.169],[100.547,7.189],[100.462,7.187],[100.524,7.145],[100.56,7.148],[100.562,7.139],[100.554,7.126],[100.563,7.108],[100.567,7.069],[100.575,7.067],[100.596,7.045],[100.606,7.048],[100.6,7.025],[100.61,7.016],[100.636,7.021],[100.643,7.049],[100.675,7.053],[100.663,7.091],[100.674,7.101]]]]}},{"type":"Feature","id":453,"properties":{"id":453,"en":"Mueang Suang","th":"","prov":"","code":"45"},"geometry":{"type":"MultiPolygon","coordinates":[[[[103.697,15.864],[103.691,15.826],[103.7,15.794],[103.692,15.782],[103.7,15.754],[103.695,15.714],[103.732,15.723],[103.796,15.759],[103.838,15.768],[103.853,15.782],[103.847,15.788],[103.82,15.786],[103.836,15.809],[103.811,15.815],[103.79,15.809],[103.777,15.831],[103.761,15.84],[103.734,15.845],[103.697,15.864]]]]}},{"type":"Feature","id":454,"properties":{"id":454,"en":"Mueang Sukhothai","th":"เมืองสุโขทัย","prov":"สุโขทัย","code":"64"},"geometry":{"type":"MultiPolygon","coordinates":[[[[99.619,16.963],[99.641,16.968],[99.657,16.959],[99.693,16.966],[99.717,16.958],[99.746,16.965],[99.789,16.966],[99.791,16.957],[99.806,16.956],[99.81,16.949],[99.803,16.894],[99.843,16.879],[99.846,16.889],[99.87,16.911],[99.869,16.923],[99.889,16.935],[99.885,16.955],[99.894,16.977],[99.925,17.009],[99.949,17.004],[99.955,17.054],[99.966,17.073],[99.956,17.081],[99.937,17.077],[99.883,17.099],[99.858,17.07],[99.849,17.071],[99.833,17.06],[99.805,17.083],[99.778,17.082],[99.772,17.094],[99.748,17.099],[99.737,17.115],[99.74,17.134],[99.728,17.151],[99.711,17.147],[99.708,17.139],[99.69,17.14],[99.664,17.123],[99.652,17.128],[99.631,17.125],[99.638,17.077],[99.647,17.057],[99.636,17.05],[99.618,17.013],[99.624,16.99],[99.614,16.981],[99.619,16.963]]]]}},{"type":"Feature","id":455,"properties":{"id":455,"en":"Mueang Suphan Buri","th":"เมืองสุพรรณบุรี","prov":"สุพรรณบุรี","code":"72"},"geometry":{"type":"MultiPolygon","coordinates":[[[[100.246,14.454],[100.253,14.483],[100.235,14.479],[100.233,14.5],[100.206,14.524],[100.208,14.541],[100.197,14.556],[100.184,14.542],[100.169,14.537],[100.173,14.531],[100.161,14.539],[100.125,14.538],[100.111,14.541],[100.105,14.551],[100.11,14.565],[100.103,14.561],[100.099,14.569],[100.086,14.571],[100.084,14.56],[100.078,14.559],[100.049,14.577],[99.998,14.574],[99.955,14.59],[99.929,14.611],[99.918,14.584],[99.927,14.579],[99.922,14.571],[99.93,14.57],[99.926,14.556],[99.933,14.558],[99.94,14.547],[99.944,14.552],[99.941,14.547],[99.958,14.538],[99.949,14.534],[99.96,14.527],[99.958,14.518],[99.954,14.519],[99.942,14.514],[99.945,14.496],[99.962,14.492],[99.968,14.483],[99.961,14.462],[99.955,14.461],[99.961,14.438],[99.948,14.418],[99.955,14.414],[99.954,14.4],[99.97,14.388],[99.963,14.372],[99.977,14.365],[99.975,14.341],[99.982,14.334],[99.997,14.366],[99.994,14.373],[100.004,14.382],[100.002,14.408],[100.026,14.401],[100.044,14.404],[100.044,14.408],[100.064,14.41],[100.077,14.424],[100.082,14.41],[100.088,14.418],[100.099,14.418],[100.108,14.43],[100.17,14.43],[100.173,14.436],[100.207,14.441],[100.218,14.436],[100.222,14.452],[100.246,14.454]]]]}},{"type":"Feature","id":456,"properties":{"id":456,"en":"Mueang Surat Thani","th":"พุนพิน","prov":"สุราษฎร์ธานี","code":"84"},"geometry":{"type":"MultiPolygon","coordinates":[[[[99.355,8.966],[99.395,8.978],[99.379,9.027],[99.388,9.036],[99.394,9.063],[99.386,9.086],[99.395,9.105],[99.389,9.11],[99.394,9.116],[99.385,9.119],[99.38,9.111],[99.365,9.125],[99.368,9.134],[99.376,9.133],[99.369,9.146],[99.385,9.142],[99.386,9.134],[99.392,9.139],[99.387,9.144],[99.389,9.168],[99.372,9.183],[99.381,9.194],[99.375,9.2],[99.37,9.19],[99.361,9.205],[99.363,9.216],[99.338,9.209],[99.345,9.221],[99.337,9.227],[99.314,9.221],[99.323,9.235],[99.316,9.236],[99.322,9.244],[99.299,9.21],[99.266,9.196],[99.263,9.188],[99.255,9.19],[99.248,9.168],[99.24,9.172],[99.222,9.146],[99.23,9.138],[99.219,9.125],[99.236,9.114],[99.25,9.115],[99.267,9.136],[99.272,9.128],[99.269,9.098],[99.283,9.074],[99.291,9.036],[99.304,9.018],[99.3,8.977],[99.309,8.975],[99.327,8.957],[99.339,8.956],[99.346,8.97],[99.355,8.966]]]]}},{"type":"Feature","id":457,"properties":{"id":457,"en":"Mueang Surin","th":"เมืองสุรินทร์","prov":"สุรินทร์","code":"32"},"geometry":{"type":"MultiPolygon","coordinates":[[[[103.425,15.132],[103.433,15.122],[103.426,15.105],[103.442,15.106],[103.44,15.099],[103.431,15.1],[103.429,15.082],[103.442,15.087],[103.423,15.065],[103.439,15.058],[103.448,15.045],[103.436,15.029],[103.422,15.031],[103.425,15.026],[103.41,15.003],[103.427,14.993],[103.42,14.986],[103.431,14.978],[103.421,14.977],[103.42,14.972],[103.429,14.971],[103.417,14.958],[103.428,14.942],[103.425,14.928],[103.417,14.918],[103.402,14.919],[103.399,14.913],[103.405,14.912],[103.398,14.902],[103.405,14.897],[103.401,14.892],[103.389,14.894],[103.394,14.889],[103.379,14.876],[103.385,14.871],[103.377,14.871],[103.375,14.86],[103.367,14.861],[103.351,14.84],[103.341,14.838],[103.346,14.831],[103.328,14.832],[103.319,14.827],[103.314,14.811],[103.309,14.814],[103.307,14.808],[103.298,14.807],[103.294,14.813],[103.288,14.807],[103.292,14.785],[103.281,14.783],[103.279,14.775],[103.308,14.761],[103.32,14.743],[103.341,14.76],[103.355,14.754],[103.376,14.758],[103.391,14.746],[103.442,14.737],[103.483,14.752],[103.515,14.75],[103.518,14.727],[103.53,14.725],[103.536,14.711],[103.579,14.702],[103.602,14.686],[103.613,14.717],[103.642,14.745],[103.661,14.798],[103.676,14.822],[103.683,14.825],[103.693,14.875],[103.687,14.887],[103.692,14.896],[103.69,14.911],[103.661,14.948],[103.64,14.943],[103.638,14.952],[103.625,14.954],[103.616,14.941],[103.6,14.944],[103.592,14.939],[103.55,14.953],[103.554,14.962],[103.538,14.976],[103.588,15.088],[103.531,15.1],[103.516,15.117],[103.474,15.142],[103.425,15.132]]]]}},{"type":"Feature","id":458,"properties":{"id":458,"en":"Mueang Tak","th":"เมืองตาก","prov":"ตาก","code":"63"},"geometry":{"type":"MultiPolygon","coordinates":[[[[99.319,17.214],[99.299,17.195],[99.275,17.192],[99.273,17.18],[99.261,17.171],[99.26,17.151],[99.246,17.174],[99.234,17.181],[99.214,17.154],[99.201,17.152],[99.197,17.127],[99.189,17.126],[99.18,17.104],[99.202,17.09],[99.216,17.068],[99.21,17.053],[99.212,17.036],[99.208,17.023],[99.17,16.985],[99.153,16.99],[99.138,16.971],[99.097,16.971],[99.076,16.978],[99.025,16.95],[99.022,16.94],[98.981,16.913],[98.935,16.935],[98.929,16.969],[98.912,16.975],[98.903,16.957],[98.892,16.955],[98.875,16.938],[98.881,16.926],[98.891,16.925],[98.897,16.911],[98.85,16.904],[98.835,16.909],[98.845,16.891],[98.835,16.876],[98.827,16.874],[98.835,16.855],[98.845,16.844],[98.868,16.836],[98.874,16.826],[98.869,16.82],[98.881,16.802],[98.895,16.792],[98.911,16.792],[98.925,16.765],[98.918,16.756],[98.954,16.722],[98.938,16.706],[98.956,16.697],[98.95,16.683],[98.966,16.672],[98.947,16.652],[98.928,16.647],[98.954,16.629],[98.945,16.61],[98.956,16.603],[98.95,16.593],[98.959,16.572],[98.965,16.573],[98.969,16.563],[98.981,16.56],[98.992,16.576],[99.021,16.576],[99.034,16.587],[99.018,16.611],[99.02,16.618],[99.032,16.622],[99.013,16.643],[99.013,16.655],[99.023,16.663],[99.009,16.676],[99.01,16.688],[98.999,16.7],[99.021,16.707],[99.033,16.704],[99.051,16.727],[99.071,16.731],[99.088,16.752],[99.1,16.752],[99.101,16.76],[99.11,16.766],[99.137,16.753],[99.146,16.767],[99.148,16.79],[99.161,16.801],[99.183,16.787],[99.229,16.731],[99.261,16.706],[99.271,16.685],[99.277,16.686],[99.302,16.74],[99.306,16.769],[99.295,16.772],[99.292,16.785],[99.315,16.794],[99.324,16.813],[99.346,16.813],[99.37,16.804],[99.385,16.808],[99.388,16.813],[99.382,16.822],[99.387,16.838],[99.378,16.848],[99.384,16.867],[99.411,16.872],[99.423,16.883],[99.433,16.876],[99.438,16.902],[99.457,16.916],[99.454,16.927],[99.442,16.933],[99.445,16.943],[99.437,16.954],[99.452,16.962],[99.467,16.983],[99.44,16.976],[99.429,16.983],[99.417,17.019],[99.394,17.025],[99.387,17.062],[99.394,17.082],[99.385,17.082],[99.371,17.097],[99.36,17.091],[99.339,17.093],[99.322,17.114],[99.32,17.128],[99.33,17.138],[99.314,17.146],[99.319,17.165],[99.312,17.188],[99.319,17.214]]]]}},{"type":"Feature","id":459,"properties":{"id":459,"en":"Mueang Trang","th":"เมืองตรัง","prov":"ตรัง","code":"92"},"geometry":{"type":"MultiPolygon","coordinates":[[[[99.549,7.679],[99.548,7.67],[99.539,7.667],[99.54,7.648],[99.534,7.647],[99.525,7.659],[99.517,7.656],[99.507,7.647],[99.501,7.622],[99.468,7.622],[99.463,7.607],[99.494,7.586],[99.499,7.574],[99.49,7.559],[99.527,7.535],[99.526,7.524],[99.549,7.53],[99.552,7.526],[99.552,7.534],[99.567,7.542],[99.587,7.509],[99.605,7.498],[99.613,7.466],[99.645,7.512],[99.658,7.52],[99.667,7.517],[99.68,7.532],[99.68,7.551],[99.692,7.551],[99.679,7.58],[99.665,7.585],[99.675,7.603],[99.673,7.614],[99.679,7.63],[99.71,7.64],[99.739,7.62],[99.739,7.63],[99.753,7.641],[99.772,7.636],[99.788,7.645],[99.809,7.645],[99.811,7.657],[99.801,7.671],[99.777,7.671],[99.764,7.685],[99.752,7.686],[99.728,7.718],[99.72,7.705],[99.703,7.696],[99.696,7.699],[99.692,7.686],[99.674,7.688],[99.668,7.682],[99.65,7.687],[99.645,7.696],[99.637,7.692],[99.616,7.699],[99.593,7.678],[99.567,7.669],[99.559,7.68],[99.549,7.679]]]]}},{"type":"Feature","id":460,"properties":{"id":460,"en":"Mueang Trat","th":"เมืองตราด","prov":"ตราด","code":"23"},"geometry":{"type":"MultiPolygon","coordinates":[[[[102.552,12.467],[102.536,12.443],[102.522,12.437],[102.525,12.408],[102.517,12.399],[102.519,12.386],[102.499,12.38],[102.5,12.371],[102.493,12.365],[102.499,12.358],[102.494,12.338],[102.5,12.325],[102.481,12.322],[102.477,12.299],[102.463,12.297],[102.445,12.306],[102.408,12.303],[102.403,12.294],[102.412,12.286],[102.397,12.275],[102.407,12.27],[102.403,12.252],[102.413,12.232],[102.432,12.226],[102.447,12.209],[102.458,12.21],[102.464,12.19],[102.477,12.189],[102.468,12.181],[102.475,12.173],[102.474,12.161],[102.467,12.155],[102.472,12.144],[102.532,12.114],[102.551,12.083],[102.548,12.059],[102.567,12.05],[102.574,12.052],[102.584,12.043],[102.589,12.054],[102.573,12.087],[102.559,12.095],[102.567,12.117],[102.556,12.131],[102.562,12.142],[102.554,12.162],[102.573,12.167],[102.557,12.185],[102.567,12.191],[102.562,12.199],[102.57,12.198],[102.591,12.21],[102.645,12.177],[102.648,12.157],[102.631,12.157],[102.626,12.148],[102.754,12.042],[102.766,12.022],[102.768,11.984],[102.781,11.972],[102.776,12.014],[102.781,12.024],[102.774,12.034],[102.771,12.074],[102.758,12.081],[102.737,12.108],[102.705,12.173],[102.713,12.195],[102.71,12.207],[102.719,12.228],[102.714,12.263],[102.727,12.303],[102.726,12.365],[102.743,12.387],[102.772,12.394],[102.785,12.401],[102.788,12.411],[102.778,12.436],[102.778,12.426],[102.754,12.429],[102.754,12.423],[102.714,12.405],[102.71,12.396],[102.694,12.405],[102.678,12.406],[102.669,12.395],[102.641,12.399],[102.628,12.393],[102.611,12.405],[102.611,12.428],[102.602,12.443],[102.581,12.446],[102.572,12.47],[102.561,12.464],[102.552,12.467]]]]}},{"type":"Feature","id":461,"properties":{"id":461,"en":"Mueang Ubon Ratchathani","th":"เมืองอุบลราชธานี","prov":"อุบลราชธานี","code":"34"},"geometry":{"type":"MultiPolygon","coordinates":[[[[104.941,15.342],[104.925,15.341],[104.917,15.356],[104.895,15.357],[104.888,15.368],[104.877,15.369],[104.857,15.385],[104.836,15.389],[104.807,15.414],[104.79,15.414],[104.794,15.381],[104.765,15.373],[104.756,15.363],[104.753,15.373],[104.739,15.365],[104.742,15.382],[104.737,15.396],[104.71,15.405],[104.687,15.392],[104.684,15.358],[104.673,15.334],[104.71,15.303],[104.709,15.286],[104.691,15.271],[104.692,15.254],[104.683,15.23],[104.696,15.221],[104.683,15.218],[104.689,15.207],[104.681,15.202],[104.704,15.201],[104.699,15.191],[104.703,15.186],[104.715,15.195],[104.714,15.183],[104.72,15.181],[104.786,15.241],[104.805,15.238],[104.815,15.227],[104.812,15.218],[104.796,15.215],[104.793,15.208],[104.83,15.205],[104.844,15.21],[104.852,15.222],[104.871,15.222],[104.891,15.233],[104.926,15.226],[105.004,15.279],[105.024,15.272],[105.034,15.278],[105.029,15.281],[105.029,15.297],[105.013,15.312],[105.017,15.347],[105.001,15.345],[104.991,15.335],[104.964,15.345],[104.941,15.342]]]]}},{"type":"Feature","id":462,"properties":{"id":462,"en":"Mueang Udon Thani","th":"เมืองอุดรธานี","prov":"อุดรธานี","code":"41"},"geometry":{"type":"MultiPolygon","coordinates":[[[[102.672,17.531],[102.704,17.49],[102.704,17.474],[102.673,17.456],[102.659,17.46],[102.636,17.454],[102.631,17.443],[102.614,17.436],[102.617,17.407],[102.624,17.399],[102.594,17.381],[102.606,17.362],[102.605,17.352],[102.623,17.342],[102.632,17.329],[102.629,17.325],[102.665,17.295],[102.661,17.267],[102.649,17.253],[102.667,17.228],[102.67,17.206],[102.715,17.224],[102.75,17.219],[102.759,17.225],[102.785,17.216],[102.799,17.246],[102.809,17.257],[102.819,17.257],[102.824,17.263],[102.837,17.257],[102.852,17.234],[102.869,17.229],[102.887,17.213],[102.915,17.211],[102.934,17.202],[102.929,17.21],[102.917,17.213],[102.912,17.234],[102.901,17.244],[102.91,17.27],[102.948,17.32],[102.933,17.338],[102.94,17.347],[102.944,17.394],[102.954,17.424],[102.947,17.435],[102.962,17.471],[102.946,17.474],[102.932,17.47],[102.914,17.485],[102.927,17.501],[102.928,17.512],[102.905,17.534],[102.897,17.564],[102.792,17.578],[102.78,17.563],[102.743,17.562],[102.728,17.556],[102.693,17.572],[102.672,17.531]]]]}},{"type":"Feature","id":463,"properties":{"id":463,"en":"Mueang Uthai Thani","th":"เมืองอุทัยธานี","prov":"อุทัยธานี","code":"61"},"geometry":{"type":"MultiPolygon","coordinates":[[[[99.948,15.501],[99.953,15.497],[99.949,15.472],[99.959,15.461],[99.953,15.453],[99.948,15.415],[99.932,15.386],[99.949,15.378],[99.976,15.385],[99.997,15.379],[100.006,15.361],[100.002,15.353],[100.018,15.33],[100.039,15.334],[100.031,15.305],[100.042,15.299],[100.037,15.292],[100.041,15.279],[100.048,15.265],[100.058,15.264],[100.062,15.285],[100.081,15.3],[100.078,15.318],[100.099,15.332],[100.099,15.35],[100.074,15.372],[100.079,15.38],[100.106,15.375],[100.106,15.382],[100.088,15.403],[100.09,15.413],[100.102,15.417],[100.077,15.427],[100.054,15.424],[100.063,15.438],[100.049,15.443],[100.047,15.457],[100.013,15.473],[100.024,15.482],[100.035,15.51],[100.007,15.501],[100.01,15.492],[100,15.484],[99.96,15.507],[99.948,15.501]]]]}},{"type":"Feature","id":464,"properties":{"id":464,"en":"Mueang Uttaradit","th":"เมืองอุตรดิตถ์","prov":"อุตรดิตถ์","code":"53"},"geometry":{"type":"MultiPolygon","coordinates":[[[[99.995,17.831],[99.999,17.822],[100.014,17.823],[100.016,17.828],[100.038,17.808],[100.063,17.8],[100.073,17.78],[100.093,17.774],[100.103,17.758],[100.087,17.717],[100.089,17.681],[100.067,17.677],[100.073,17.659],[100.066,17.65],[100.066,17.628],[100.074,17.626],[100.076,17.619],[100.061,17.609],[100.077,17.588],[100.07,17.573],[100.066,17.533],[100.082,17.51],[100.095,17.512],[100.102,17.521],[100.132,17.526],[100.17,17.549],[100.194,17.538],[100.203,17.542],[100.231,17.576],[100.227,17.581],[100.255,17.592],[100.263,17.603],[100.265,17.599],[100.268,17.604],[100.287,17.606],[100.294,17.621],[100.315,17.625],[100.335,17.598],[100.353,17.587],[100.394,17.6],[100.413,17.621],[100.384,17.635],[100.375,17.638],[100.394,17.673],[100.388,17.681],[100.371,17.681],[100.338,17.707],[100.326,17.705],[100.325,17.711],[100.311,17.709],[100.311,17.696],[100.287,17.692],[100.292,17.727],[100.302,17.729],[100.299,17.742],[100.29,17.761],[100.281,17.765],[100.283,17.779],[100.256,17.787],[100.249,17.808],[100.23,17.804],[100.21,17.819],[100.209,17.827],[100.192,17.815],[100.174,17.829],[100.165,17.822],[100.148,17.826],[100.134,17.86],[100.102,17.847],[100.095,17.851],[100.077,17.838],[100.063,17.841],[100.058,17.833],[100.043,17.848],[100.028,17.838],[99.995,17.831]]]]}},{"type":"Feature","id":465,"properties":{"id":465,"en":"Mueang Yala","th":"เมืองยะลา","prov":"ยะลา","code":"95"},"geometry":{"type":"MultiPolygon","coordinates":[[[[101.104,6.628],[101.09,6.608],[101.11,6.593],[101.126,6.568],[101.127,6.555],[101.148,6.556],[101.169,6.539],[101.173,6.509],[101.188,6.509],[101.201,6.494],[101.222,6.484],[101.232,6.488],[101.242,6.465],[101.249,6.469],[101.249,6.454],[101.279,6.47],[101.304,6.446],[101.326,6.451],[101.332,6.468],[101.321,6.496],[101.332,6.52],[101.327,6.53],[101.332,6.539],[101.355,6.557],[101.327,6.572],[101.308,6.565],[101.301,6.57],[101.293,6.615],[101.303,6.621],[101.289,6.665],[101.298,6.676],[101.29,6.683],[101.28,6.682],[101.285,6.669],[101.279,6.667],[101.275,6.65],[101.255,6.641],[101.249,6.644],[101.214,6.596],[101.179,6.599],[101.15,6.61],[101.134,6.609],[101.112,6.628],[101.104,6.628]]]]}},{"type":"Feature","id":466,"properties":{"id":466,"en":"Mueang Yang","th":"","prov":"","code":"30"},"geometry":{"type":"MultiPolygon","coordinates":[[[[102.833,15.511],[102.841,15.5],[102.793,15.446],[102.774,15.433],[102.754,15.431],[102.771,15.423],[102.78,15.381],[102.783,15.386],[102.792,15.382],[102.792,15.388],[102.803,15.377],[102.808,15.383],[102.811,15.378],[102.825,15.387],[102.833,15.386],[102.839,15.405],[102.845,15.405],[102.855,15.398],[102.856,15.391],[102.861,15.396],[102.878,15.384],[102.874,15.375],[102.88,15.369],[102.886,15.375],[102.897,15.368],[102.901,15.381],[102.911,15.374],[102.912,15.365],[102.917,15.362],[102.919,15.369],[102.923,15.362],[102.923,15.368],[102.942,15.374],[102.94,15.384],[102.955,15.383],[102.952,15.404],[102.957,15.411],[102.962,15.407],[102.958,15.403],[102.967,15.408],[102.965,15.419],[102.971,15.42],[102.97,15.427],[102.979,15.429],[102.979,15.424],[102.978,15.417],[102.984,15.427],[102.993,15.414],[103.001,15.428],[103.012,15.43],[102.996,15.453],[102.993,15.469],[102.985,15.467],[102.979,15.482],[102.968,15.478],[102.961,15.485],[102.961,15.479],[102.951,15.477],[102.946,15.483],[102.937,15.476],[102.944,15.49],[102.939,15.497],[102.931,15.488],[102.922,15.499],[102.931,15.507],[102.913,15.508],[102.911,15.516],[102.896,15.521],[102.89,15.514],[102.883,15.523],[102.872,15.52],[102.873,15.512],[102.864,15.508],[102.836,15.517],[102.831,15.516],[102.833,15.511]]]]}},{"type":"Feature","id":467,"properties":{"id":467,"en":"Mueang Yasothon","th":"เมืองยโสธร","prov":"ยโสธร","code":"35"},"geometry":{"type":"MultiPolygon","coordinates":[[[[104.27,15.762],[104.282,15.798],[104.283,15.825],[104.308,15.841],[104.344,15.847],[104.363,15.874],[104.355,15.883],[104.378,15.903],[104.353,15.914],[104.345,15.903],[104.324,15.902],[104.311,15.893],[104.313,15.888],[104.303,15.888],[104.294,15.901],[104.27,15.907],[104.268,15.921],[104.245,15.933],[104.239,15.924],[104.226,15.924],[104.21,15.91],[104.209,15.92],[104.173,15.953],[104.165,15.955],[104.165,15.939],[104.14,15.937],[104.101,15.958],[104.094,15.978],[104.061,15.988],[104.028,15.984],[104.027,15.977],[104.02,15.976],[104.012,15.954],[104.021,15.951],[104.027,15.961],[104.033,15.942],[104.035,15.935],[104.024,15.912],[104.014,15.911],[104.019,15.906],[104.015,15.892],[104.021,15.891],[104.015,15.886],[104.032,15.875],[104.024,15.87],[104.037,15.868],[104.02,15.867],[104.029,15.86],[104.028,15.852],[104.019,15.848],[104.021,15.84],[104.013,15.845],[104.017,15.831],[104.007,15.831],[104.014,15.817],[104.005,15.817],[104.005,15.812],[103.998,15.815],[104,15.797],[104.033,15.796],[104.067,15.813],[104.08,15.823],[104.07,15.828],[104.074,15.839],[104.097,15.825],[104.111,15.807],[104.133,15.801],[104.14,15.784],[104.127,15.768],[104.133,15.754],[104.142,15.751],[104.132,15.743],[104.13,15.705],[104.118,15.702],[104.124,15.696],[104.139,15.711],[104.148,15.712],[104.143,15.704],[104.168,15.675],[104.204,15.697],[104.246,15.737],[104.258,15.751],[104.253,15.766],[104.27,15.762]]]]}},{"type":"Feature","id":468,"properties":{"id":468,"en":"Na Bon","th":"นาบอน","prov":"นครศรีธรรมราช","code":"80"},"geometry":{"type":"MultiPolygon","coordinates":[[[[99.519,8.348],[99.509,8.349],[99.508,8.36],[99.499,8.367],[99.478,8.362],[99.477,8.351],[99.488,8.346],[99.479,8.339],[99.488,8.305],[99.481,8.302],[99.481,8.283],[99.47,8.271],[99.466,8.251],[99.463,8.217],[99.469,8.202],[99.476,8.2],[99.486,8.219],[99.499,8.218],[99.511,8.236],[99.528,8.231],[99.54,8.244],[99.574,8.242],[99.579,8.242],[99.583,8.23],[99.6,8.225],[99.598,8.207],[99.625,8.228],[99.65,8.228],[99.659,8.22],[99.669,8.223],[99.682,8.241],[99.671,8.266],[99.675,8.29],[99.661,8.297],[99.647,8.277],[99.634,8.271],[99.626,8.277],[99.619,8.271],[99.615,8.279],[99.599,8.28],[99.583,8.294],[99.56,8.295],[99.563,8.3],[99.554,8.303],[99.547,8.322],[99.528,8.33],[99.519,8.348]]]]}},{"type":"Feature","id":469,"properties":{"id":469,"en":"Na Chaluai","th":"นาจะหลวย","prov":"อุบลราชธานี","code":"34"},"geometry":{"type":"MultiPolygon","coordinates":[[[[105.254,14.72],[105.232,14.739],[105.202,14.726],[105.151,14.732],[105.145,14.718],[105.132,14.709],[105.095,14.712],[105.119,14.687],[105.112,14.63],[105.12,14.609],[105.13,14.601],[105.149,14.602],[105.167,14.62],[105.168,14.597],[105.174,14.596],[105.151,14.573],[105.157,14.563],[105.146,14.539],[105.157,14.529],[105.147,14.526],[105.148,14.511],[105.139,14.504],[105.149,14.493],[105.169,14.481],[105.193,14.45],[105.197,14.432],[105.204,14.432],[105.202,14.426],[105.215,14.417],[105.241,14.42],[105.26,14.395],[105.271,14.39],[105.284,14.366],[105.303,14.366],[105.312,14.387],[105.325,14.394],[105.32,14.408],[105.325,14.419],[105.31,14.432],[105.324,14.446],[105.325,14.458],[105.319,14.482],[105.325,14.499],[105.311,14.525],[105.321,14.542],[105.315,14.55],[105.311,14.598],[105.295,14.624],[105.296,14.638],[105.288,14.649],[105.283,14.68],[105.26,14.696],[105.254,14.72]]]]}},{"type":"Feature","id":470,"properties":{"id":470,"en":"Na Chueak","th":"นาเชือก","prov":"มหาสารคาม","code":"44"},"geometry":{"type":"MultiPolygon","coordinates":[[[[102.942,15.909],[102.935,15.906],[102.926,15.915],[102.901,15.911],[102.916,15.881],[102.925,15.88],[102.919,15.824],[102.931,15.816],[102.929,15.793],[102.933,15.795],[102.94,15.784],[102.941,15.766],[102.971,15.757],[102.986,15.734],[103.005,15.729],[103.003,15.718],[103.012,15.699],[103.072,15.708],[103.082,15.713],[103.116,15.703],[103.136,15.71],[103.145,15.739],[103.157,15.738],[103.161,15.749],[103.173,15.756],[103.174,15.775],[103.191,15.78],[103.169,15.817],[103.158,15.812],[103.153,15.829],[103.176,15.852],[103.165,15.85],[103.149,15.864],[103.116,15.842],[103.061,15.878],[103.046,15.899],[103.028,15.906],[103.004,15.903],[103.003,15.914],[102.996,15.918],[102.942,15.909]]]]}},{"type":"Feature","id":471,"properties":{"id":471,"en":"Na Di","th":"นาดี","prov":"ปราจีนบุรี","code":"25"},"geometry":{"type":"MultiPolygon","coordinates":[[[[101.962,14.023],[101.993,14.033],[102.075,14.035],[102.078,14.047],[102.086,14.051],[102.11,14.042],[102.122,14.044],[102.118,14.079],[102.126,14.096],[102.122,14.099],[102.112,14.09],[102.09,14.093],[102.099,14.106],[102.098,14.126],[102.106,14.152],[102.101,14.157],[102.069,14.166],[102.035,14.198],[102.007,14.203],[101.967,14.228],[101.982,14.238],[101.944,14.248],[101.928,14.288],[101.943,14.302],[101.929,14.327],[101.894,14.331],[101.892,14.321],[101.878,14.323],[101.859,14.342],[101.839,14.352],[101.84,14.365],[101.812,14.348],[101.788,14.36],[101.772,14.345],[101.749,14.349],[101.75,14.325],[101.742,14.308],[101.709,14.335],[101.658,14.39],[101.649,14.393],[101.648,14.383],[101.639,14.375],[101.642,14.358],[101.652,14.355],[101.647,14.336],[101.657,14.329],[101.653,14.31],[101.657,14.303],[101.663,14.31],[101.679,14.299],[101.674,14.293],[101.682,14.287],[101.68,14.279],[101.661,14.245],[101.67,14.237],[101.675,14.199],[101.671,14.191],[101.663,14.193],[101.651,14.187],[101.637,14.155],[101.64,14.139],[101.669,14.106],[101.683,14.095],[101.7,14.103],[101.723,14.082],[101.752,14.087],[101.744,14.079],[101.755,14.067],[101.747,14.065],[101.743,14.053],[101.758,14.033],[101.768,14.047],[101.792,14.056],[101.792,14.071],[101.804,14.081],[101.809,14.1],[101.823,14.099],[101.82,14.094],[101.826,14.089],[101.84,14.105],[101.855,14.101],[101.856,14.109],[101.865,14.097],[101.862,14.115],[101.874,14.112],[101.88,14.125],[101.911,14.098],[101.904,14.082],[101.894,14.074],[101.898,14.051],[101.885,14.049],[101.883,14.044],[101.886,14.019],[101.862,14.011],[101.962,14.023]]]]}},{"type":"Feature","id":472,"properties":{"id":472,"en":"Na Duang","th":"นาด้วง","prov":"เลย","code":"42"},"geometry":{"type":"MultiPolygon","coordinates":[[[[101.989,17.404],[101.982,17.414],[101.993,17.421],[101.987,17.439],[101.992,17.459],[102.028,17.459],[102.052,17.449],[102.087,17.465],[102.105,17.447],[102.129,17.461],[102.121,17.473],[102.113,17.467],[102.104,17.476],[102.129,17.492],[102.125,17.509],[102.135,17.509],[102.14,17.53],[102.133,17.541],[102.135,17.554],[102.119,17.569],[102.106,17.608],[102.097,17.613],[102.078,17.646],[102.061,17.657],[102.036,17.65],[102.037,17.642],[102.024,17.635],[102.011,17.644],[102.004,17.639],[101.979,17.661],[101.965,17.661],[101.951,17.681],[101.938,17.677],[101.911,17.653],[101.909,17.639],[101.894,17.628],[101.896,17.61],[101.878,17.608],[101.868,17.592],[101.872,17.577],[101.884,17.574],[101.898,17.558],[101.897,17.547],[101.884,17.539],[101.894,17.522],[101.878,17.501],[101.888,17.474],[101.91,17.457],[101.89,17.447],[101.913,17.435],[101.918,17.409],[101.931,17.41],[101.937,17.4],[101.947,17.404],[101.974,17.395],[101.989,17.404]]]]}},{"type":"Feature","id":473,"properties":{"id":473,"en":"Na Dun","th":"","prov":"","code":"44"},"geometry":{"type":"MultiPolygon","coordinates":[[[[103.124,15.704],[103.129,15.699],[103.156,15.71],[103.155,15.694],[103.177,15.685],[103.197,15.659],[103.241,15.653],[103.256,15.644],[103.261,15.63],[103.267,15.635],[103.267,15.652],[103.277,15.654],[103.285,15.674],[103.299,15.685],[103.292,15.693],[103.308,15.694],[103.308,15.703],[103.301,15.706],[103.317,15.708],[103.327,15.698],[103.345,15.717],[103.32,15.766],[103.289,15.792],[103.29,15.797],[103.258,15.799],[103.241,15.785],[103.234,15.786],[103.228,15.789],[103.232,15.806],[103.227,15.807],[103.22,15.793],[103.179,15.801],[103.191,15.78],[103.174,15.775],[103.173,15.756],[103.161,15.749],[103.157,15.738],[103.145,15.739],[103.136,15.71],[103.124,15.704]]]]}},{"type":"Feature","id":474,"properties":{"id":474,"en":"Na Haeo","th":"นาแห้ว","prov":"เลย","code":"42"},"geometry":{"type":"MultiPolygon","coordinates":[[[[100.835,17.468],[100.855,17.451],[100.875,17.449],[100.894,17.466],[100.916,17.451],[100.914,17.435],[100.925,17.42],[100.913,17.378],[100.914,17.342],[100.937,17.335],[100.944,17.341],[100.993,17.341],[101.008,17.332],[101.011,17.316],[101.027,17.311],[101.036,17.297],[101.061,17.281],[101.083,17.28],[101.115,17.305],[101.124,17.332],[101.113,17.367],[101.117,17.378],[101.104,17.394],[101.115,17.43],[101.107,17.466],[101.113,17.471],[101.111,17.485],[101.107,17.493],[101.094,17.496],[101.103,17.509],[101.076,17.505],[101.061,17.513],[101.061,17.527],[101.047,17.53],[101.045,17.545],[101.04,17.541],[101.024,17.558],[101.003,17.557],[100.979,17.572],[100.96,17.576],[100.928,17.569],[100.904,17.592],[100.879,17.583],[100.861,17.546],[100.872,17.528],[100.846,17.503],[100.844,17.489],[100.833,17.482],[100.835,17.468]]]]}},{"type":"Feature","id":475,"properties":{"id":475,"en":"Na Kae","th":"นาแก","prov":"นครพนม","code":"48"},"geometry":{"type":"MultiPolygon","coordinates":[[[[104.628,16.863],[104.64,16.885],[104.633,16.952],[104.624,16.961],[104.614,16.955],[104.619,16.972],[104.6,16.973],[104.604,16.984],[104.599,16.991],[104.591,16.993],[104.581,16.98],[104.574,16.992],[104.562,16.989],[104.577,16.996],[104.568,17.012],[104.584,17.023],[104.585,17.04],[104.581,17.037],[104.572,17.047],[104.582,17.05],[104.575,17.064],[104.582,17.071],[104.573,17.074],[104.573,17.082],[104.565,17.081],[104.556,17.092],[104.552,17.088],[104.517,17.097],[104.529,17.057],[104.494,17.048],[104.493,17.03],[104.431,17.002],[104.412,17.01],[104.418,17.02],[104.416,17.037],[104.401,17.037],[104.396,17.027],[104.392,17.016],[104.378,17.017],[104.357,17.006],[104.351,16.985],[104.331,16.975],[104.318,16.976],[104.321,16.968],[104.301,16.927],[104.286,16.929],[104.252,16.907],[104.248,16.872],[104.259,16.873],[104.265,16.865],[104.278,16.862],[104.278,16.857],[104.288,16.857],[104.296,16.838],[104.305,16.845],[104.319,16.875],[104.355,16.88],[104.363,16.877],[104.362,16.866],[104.382,16.864],[104.397,16.839],[104.406,16.838],[104.41,16.845],[104.398,16.871],[104.407,16.896],[104.442,16.873],[104.429,16.857],[104.437,16.86],[104.432,16.85],[104.441,16.842],[104.441,16.853],[104.449,16.856],[104.446,16.834],[104.45,16.83],[104.458,16.85],[104.456,16.86],[104.468,16.854],[104.467,16.841],[104.479,16.842],[104.463,16.862],[104.467,16.866],[104.483,16.854],[104.505,16.852],[104.527,16.865],[104.552,16.869],[104.567,16.863],[104.628,16.863]]]]}},{"type":"Feature","id":476,"properties":{"id":476,"en":"Na Khu","th":"นาคู","prov":"กาฬสินธุ์","code":"46"},"geometry":{"type":"MultiPolygon","coordinates":[[[[104.07,16.821],[104.069,16.838],[104.045,16.843],[104.023,16.856],[104,16.837],[103.982,16.835],[103.969,16.812],[103.956,16.819],[103.949,16.789],[103.95,16.752],[103.944,16.738],[103.959,16.729],[103.943,16.715],[103.95,16.697],[103.947,16.663],[103.956,16.636],[103.967,16.633],[103.971,16.659],[103.981,16.672],[103.991,16.674],[103.99,16.679],[104.004,16.688],[104.009,16.684],[104.021,16.695],[104.036,16.73],[104.054,16.742],[104.065,16.741],[104.087,16.777],[104.099,16.784],[104.092,16.811],[104.079,16.811],[104.07,16.821]]]]}},{"type":"Feature","id":477,"properties":{"id":477,"en":"Na Klang","th":"นากลาง","prov":"หนองบัวลำภู","code":"39"},"geometry":{"type":"MultiPolygon","coordinates":[[[[102.399,17.415],[102.37,17.417],[102.356,17.426],[102.358,17.437],[102.342,17.449],[102.328,17.435],[102.316,17.432],[102.313,17.411],[102.295,17.411],[102.287,17.422],[102.263,17.424],[102.258,17.438],[102.24,17.445],[102.242,17.453],[102.22,17.465],[102.217,17.478],[102.214,17.47],[102.199,17.473],[102.176,17.494],[102.163,17.494],[102.15,17.486],[102.129,17.498],[102.126,17.488],[102.104,17.476],[102.113,17.467],[102.121,17.473],[102.129,17.461],[102.121,17.452],[102.112,17.453],[102.097,17.437],[102.106,17.414],[102.126,17.395],[102.118,17.375],[102.132,17.368],[102.117,17.362],[102.117,17.338],[102.107,17.332],[102.118,17.323],[102.121,17.303],[102.141,17.3],[102.139,17.271],[102.105,17.251],[102.092,17.25],[102.096,17.234],[102.106,17.23],[102.102,17.223],[102.117,17.19],[102.131,17.173],[102.142,17.177],[102.168,17.163],[102.181,17.168],[102.193,17.154],[102.218,17.151],[102.232,17.128],[102.245,17.137],[102.254,17.147],[102.241,17.153],[102.241,17.165],[102.252,17.186],[102.24,17.201],[102.25,17.216],[102.285,17.234],[102.271,17.258],[102.275,17.271],[102.249,17.31],[102.24,17.313],[102.239,17.344],[102.247,17.342],[102.269,17.313],[102.285,17.308],[102.312,17.323],[102.318,17.336],[102.33,17.342],[102.338,17.355],[102.34,17.38],[102.348,17.366],[102.372,17.348],[102.38,17.385],[102.421,17.376],[102.399,17.415]]]]}},{"type":"Feature","id":478,"properties":{"id":478,"en":"Na Mom","th":"นาหม่อม","prov":"สงขลา","code":"90"},"geometry":{"type":"MultiPolygon","coordinates":[[[[100.63,7.019],[100.61,7.016],[100.6,7.025],[100.581,7.011],[100.563,7.013],[100.559,7.003],[100.548,7.001],[100.539,6.988],[100.54,6.973],[100.528,6.979],[100.522,6.993],[100.503,6.967],[100.511,6.957],[100.506,6.948],[100.52,6.945],[100.522,6.919],[100.53,6.893],[100.54,6.888],[100.535,6.874],[100.568,6.876],[100.574,6.884],[100.582,6.878],[100.593,6.888],[100.6,6.911],[100.62,6.926],[100.611,6.931],[100.605,6.948],[100.61,6.969],[100.629,6.984],[100.625,7.002],[100.63,7.019]]]]}},{"type":"Feature","id":479,"properties":{"id":479,"en":"Na Mon","th":"นามน","prov":"กาฬสินธุ์","code":"46"},"geometry":{"type":"MultiPolygon","coordinates":[[[[103.832,16.489],[103.853,16.501],[103.857,16.511],[103.881,16.515],[103.892,16.562],[103.891,16.568],[103.872,16.57],[103.868,16.565],[103.855,16.575],[103.845,16.599],[103.826,16.612],[103.819,16.634],[103.787,16.653],[103.77,16.677],[103.747,16.673],[103.719,16.678],[103.719,16.653],[103.687,16.598],[103.706,16.592],[103.703,16.583],[103.709,16.57],[103.701,16.573],[103.704,16.569],[103.727,16.566],[103.75,16.54],[103.768,16.532],[103.772,16.517],[103.795,16.501],[103.832,16.489]]]]}},{"type":"Feature","id":480,"properties":{"id":480,"en":"Na Muen","th":"นาหมื่น","prov":"น่าน","code":"55"},"geometry":{"type":"MultiPolygon","coordinates":[[[[100.875,18.119],[100.838,18.128],[100.841,18.14],[100.81,18.154],[100.807,18.163],[100.757,18.17],[100.753,18.181],[100.732,18.19],[100.721,18.186],[100.693,18.192],[100.686,18.219],[100.659,18.242],[100.641,18.246],[100.634,18.237],[100.622,18.235],[100.581,18.24],[100.554,18.235],[100.535,18.252],[100.526,18.251],[100.524,18.26],[100.498,18.251],[100.482,18.261],[100.473,18.256],[100.454,18.215],[100.46,18.195],[100.451,18.184],[100.447,18.159],[100.437,18.152],[100.414,18.154],[100.41,18.142],[100.398,18.137],[100.394,18.113],[100.4,18.1],[100.396,18.086],[100.41,18.075],[100.403,18.065],[100.418,18.03],[100.414,18.022],[100.426,18.013],[100.446,18.026],[100.456,18.042],[100.473,18.045],[100.482,18.056],[100.503,18.053],[100.558,18.033],[100.574,18.037],[100.579,18.044],[100.59,18.04],[100.609,18.05],[100.656,18.039],[100.67,18.042],[100.693,18.024],[100.725,18.033],[100.766,18.025],[100.801,18.055],[100.809,18.077],[100.819,18.083],[100.849,18.082],[100.856,18.102],[100.875,18.119]]]]}},{"type":"Feature","id":481,"properties":{"id":481,"en":"Na Noi","th":"นาน้อย","prov":"น่าน","code":"55"},"geometry":{"type":"MultiPolygon","coordinates":[[[[101.085,18.381],[101.08,18.405],[101.055,18.424],[101.026,18.398],[101.017,18.38],[100.994,18.384],[100.977,18.375],[100.964,18.377],[100.945,18.361],[100.919,18.359],[100.915,18.348],[100.907,18.345],[100.906,18.35],[100.889,18.337],[100.877,18.367],[100.862,18.372],[100.849,18.391],[100.846,18.43],[100.835,18.424],[100.804,18.43],[100.794,18.423],[100.764,18.427],[100.729,18.42],[100.715,18.422],[100.717,18.436],[100.701,18.43],[100.684,18.44],[100.669,18.437],[100.654,18.42],[100.639,18.419],[100.594,18.432],[100.578,18.447],[100.574,18.426],[100.55,18.419],[100.536,18.391],[100.517,18.392],[100.498,18.353],[100.481,18.349],[100.483,18.342],[100.493,18.338],[100.48,18.319],[100.483,18.296],[100.494,18.279],[100.476,18.26],[100.498,18.251],[100.524,18.26],[100.526,18.251],[100.535,18.252],[100.554,18.235],[100.581,18.24],[100.622,18.235],[100.634,18.237],[100.641,18.246],[100.659,18.242],[100.686,18.219],[100.693,18.192],[100.721,18.186],[100.732,18.19],[100.753,18.181],[100.757,18.17],[100.807,18.163],[100.81,18.154],[100.841,18.14],[100.838,18.128],[100.875,18.119],[100.872,18.135],[100.883,18.151],[100.894,18.149],[100.914,18.16],[100.906,18.177],[100.908,18.194],[100.925,18.211],[100.912,18.227],[100.919,18.243],[100.951,18.266],[100.977,18.295],[100.98,18.306],[100.999,18.309],[101.043,18.34],[101.056,18.356],[101.074,18.357],[101.085,18.381]]]]}},{"type":"Feature","id":482,"properties":{"id":482,"en":"Na Pho","th":"","prov":"","code":"31"},"geometry":{"type":"MultiPolygon","coordinates":[[[[102.93,15.796],[102.905,15.784],[102.897,15.786],[102.877,15.772],[102.881,15.747],[102.874,15.738],[102.876,15.706],[102.87,15.683],[102.884,15.672],[102.892,15.645],[102.927,15.621],[102.959,15.611],[102.964,15.603],[103.013,15.617],[103.012,15.628],[102.993,15.64],[102.995,15.648],[102.977,15.657],[102.973,15.668],[103.005,15.685],[103.011,15.704],[103.003,15.718],[103.005,15.729],[102.986,15.734],[102.971,15.757],[102.941,15.766],[102.94,15.784],[102.93,15.796]]]]}},{"type":"Feature","id":483,"properties":{"id":483,"en":"Na Tan","th":"นาตาล","prov":"อุบลราชธานี","code":"34"},"geometry":{"type":"MultiPolygon","coordinates":[[[[105.254,15.893],[105.26,15.901],[105.271,15.901],[105.287,15.88],[105.293,15.882],[105.31,15.865],[105.355,15.872],[105.361,15.859],[105.375,15.855],[105.343,15.922],[105.375,15.982],[105.393,15.992],[105.329,15.99],[105.24,16.003],[105.239,15.985],[105.213,15.954],[105.154,15.923],[105.137,15.907],[105.132,15.91],[105.129,15.904],[105.14,15.901],[105.151,15.908],[105.165,15.904],[105.17,15.909],[105.208,15.893],[105.221,15.896],[105.242,15.888],[105.254,15.893]]]]}},{"type":"Feature","id":484,"properties":{"id":484,"en":"Na Thawi","th":"นาทวี","prov":"สงขลา","code":"90"},"geometry":{"type":"MultiPolygon","coordinates":[[[[100.596,6.797],[100.586,6.797],[100.578,6.776],[100.57,6.773],[100.566,6.761],[100.555,6.758],[100.554,6.736],[100.545,6.725],[100.561,6.716],[100.554,6.698],[100.563,6.69],[100.571,6.665],[100.566,6.651],[100.572,6.613],[100.564,6.588],[100.58,6.562],[100.593,6.564],[100.598,6.537],[100.612,6.515],[100.608,6.509],[100.609,6.47],[100.618,6.46],[100.646,6.459],[100.643,6.45],[100.653,6.443],[100.662,6.451],[100.684,6.454],[100.687,6.466],[100.709,6.471],[100.734,6.51],[100.74,6.507],[100.749,6.514],[100.75,6.538],[100.76,6.542],[100.75,6.548],[100.766,6.56],[100.777,6.56],[100.782,6.577],[100.792,6.579],[100.789,6.592],[100.776,6.596],[100.766,6.615],[100.769,6.63],[100.779,6.638],[100.796,6.628],[100.796,6.636],[100.808,6.64],[100.811,6.647],[100.805,6.658],[100.816,6.663],[100.813,6.679],[100.825,6.693],[100.819,6.702],[100.831,6.716],[100.811,6.727],[100.799,6.749],[100.793,6.738],[100.786,6.746],[100.778,6.746],[100.777,6.74],[100.749,6.753],[100.744,6.769],[100.724,6.768],[100.714,6.778],[100.717,6.783],[100.695,6.78],[100.692,6.772],[100.682,6.779],[100.682,6.787],[100.655,6.797],[100.64,6.799],[100.609,6.787],[100.596,6.797]]]]}},{"type":"Feature","id":485,"properties":{"id":485,"en":"Na Thom","th":"","prov":"","code":"48"},"geometry":{"type":"MultiPolygon","coordinates":[[[[104.067,17.74],[104.079,17.737],[104.073,17.728],[104.085,17.723],[104.088,17.732],[104.112,17.744],[104.112,17.757],[104.127,17.78],[104.161,17.794],[104.179,17.787],[104.198,17.802],[104.179,17.835],[104.188,17.847],[104.179,17.87],[104.188,17.873],[104.185,17.878],[104.191,17.885],[104.185,17.894],[104.186,17.914],[104.175,17.93],[104.134,17.956],[104.123,17.921],[104.101,17.909],[104.071,17.879],[104.065,17.886],[104.07,17.894],[104.048,17.91],[104.03,17.91],[104.013,17.893],[103.996,17.892],[103.982,17.858],[104.003,17.848],[103.998,17.841],[104.013,17.83],[104.009,17.818],[104.014,17.818],[104.012,17.811],[104.021,17.798],[104.01,17.792],[104.024,17.758],[104.029,17.758],[104.029,17.768],[104.04,17.769],[104.059,17.755],[104.05,17.748],[104.05,17.738],[104.062,17.748],[104.067,17.74]]]]}},{"type":"Feature","id":486,"properties":{"id":486,"en":"Na Wa","th":"","prov":"","code":"48"},"geometry":{"type":"MultiPolygon","coordinates":[[[[104.016,17.462],[104.029,17.445],[104.028,17.438],[104.037,17.43],[104.038,17.42],[104.059,17.396],[104.057,17.39],[104.066,17.389],[104.073,17.376],[104.077,17.394],[104.091,17.384],[104.089,17.376],[104.098,17.378],[104.102,17.39],[104.092,17.39],[104.096,17.398],[104.091,17.402],[104.096,17.404],[104.11,17.402],[104.109,17.392],[104.126,17.399],[104.131,17.38],[104.14,17.384],[104.141,17.396],[104.153,17.394],[104.151,17.402],[104.144,17.402],[104.145,17.41],[104.154,17.407],[104.157,17.417],[104.176,17.413],[104.17,17.418],[104.172,17.429],[104.194,17.423],[104.199,17.44],[104.188,17.45],[104.19,17.462],[104.179,17.503],[104.161,17.507],[104.147,17.52],[104.131,17.509],[104.126,17.514],[104.128,17.538],[104.135,17.543],[104.13,17.547],[104.138,17.551],[104.136,17.559],[104.131,17.559],[104.139,17.565],[104.149,17.557],[104.152,17.564],[104.162,17.558],[104.166,17.564],[104.159,17.574],[104.164,17.577],[104.176,17.571],[104.17,17.565],[104.173,17.56],[104.193,17.568],[104.191,17.576],[104.197,17.581],[104.177,17.58],[104.156,17.592],[104.137,17.592],[104.097,17.612],[104.071,17.652],[104.067,17.644],[104.049,17.638],[104.043,17.646],[104.037,17.639],[104.031,17.643],[104.028,17.639],[104.037,17.635],[104.032,17.618],[104.055,17.593],[104.051,17.574],[104.035,17.564],[104.041,17.527],[104.02,17.487],[104.009,17.486],[104.016,17.462]]]]}},{"type":"Feature","id":487,"properties":{"id":487,"en":"Na Wang","th":"นาวัง","prov":"หนองบัวลำภู","code":"39"},"geometry":{"type":"MultiPolygon","coordinates":[[[[102.043,17.167],[102.054,17.172],[102.071,17.162],[102.085,17.164],[102.1,17.18],[102.109,17.176],[102.123,17.182],[102.11,17.199],[102.102,17.223],[102.106,17.23],[102.096,17.234],[102.092,17.25],[102.105,17.251],[102.139,17.271],[102.141,17.3],[102.121,17.303],[102.118,17.323],[102.107,17.332],[102.117,17.338],[102.117,17.362],[102.132,17.368],[102.118,17.375],[102.126,17.395],[102.106,17.414],[102.097,17.437],[102.105,17.447],[102.103,17.453],[102.087,17.465],[102.052,17.449],[102.046,17.456],[101.996,17.46],[101.987,17.454],[101.989,17.446],[101.993,17.421],[101.983,17.41],[102.018,17.374],[102.014,17.358],[102.021,17.345],[102.011,17.334],[101.99,17.334],[101.984,17.316],[102.015,17.288],[102.013,17.278],[102.026,17.281],[102.034,17.263],[102.045,17.263],[102.054,17.25],[102.06,17.255],[102.077,17.248],[102.087,17.212],[102.094,17.205],[102.097,17.177],[102.084,17.168],[102.078,17.183],[102.038,17.22],[102.031,17.216],[102.024,17.204],[102.043,17.167]]]]}},{"type":"Feature","id":488,"properties":{"id":488,"en":"Na Yai Am","th":"นายายอาม","prov":"จันทบุรี","code":"22"},"geometry":{"type":"MultiPolygon","coordinates":[[[[101.829,12.836],[101.828,12.81],[101.818,12.801],[101.822,12.791],[101.82,12.754],[101.812,12.75],[101.807,12.756],[101.799,12.75],[101.803,12.74],[101.795,12.736],[101.799,12.723],[101.785,12.711],[101.791,12.701],[101.784,12.693],[101.827,12.673],[101.863,12.642],[101.866,12.617],[101.883,12.588],[101.883,12.602],[101.898,12.602],[101.911,12.621],[101.889,12.674],[101.898,12.713],[101.924,12.699],[101.944,12.657],[101.959,12.653],[101.961,12.658],[101.954,12.658],[101.96,12.675],[101.952,12.693],[101.943,12.697],[101.96,12.716],[101.939,12.742],[101.942,12.748],[101.931,12.768],[101.92,12.773],[101.92,12.787],[101.903,12.795],[101.908,12.817],[101.899,12.823],[101.9,12.847],[101.894,12.848],[101.894,12.861],[101.882,12.875],[101.885,12.883],[101.859,12.91],[101.858,12.92],[101.852,12.92],[101.872,12.838],[101.829,12.836]]]]}},{"type":"Feature","id":489,"properties":{"id":489,"en":"Na Yia","th":"พิบูลมังสาหาร","prov":"อุบลราชธานี","code":"34"},"geometry":{"type":"MultiPolygon","coordinates":[[[[105.19,15.028],[105.138,15.028],[105.12,15.041],[105.08,15.048],[105.074,15.058],[105.063,15.055],[105.072,15.076],[105.059,15.082],[105.073,15.083],[105.073,15.099],[105.06,15.095],[105.056,15.087],[105.048,15.095],[105.041,15.084],[105.047,15.105],[105.056,15.107],[105.051,15.113],[105.065,15.126],[105.053,15.125],[105.038,15.136],[105.046,15.148],[105.059,15.142],[105.069,15.149],[105.048,15.158],[105.058,15.184],[105.036,15.185],[105.027,15.175],[104.991,15.168],[105.001,15.149],[104.993,15.133],[105.005,15.097],[104.984,15.081],[104.985,15.072],[104.971,15.056],[104.972,15.039],[104.984,15.031],[105.004,15.033],[105.013,15.022],[105.009,15.013],[105.034,15.013],[105.03,14.987],[105.023,14.982],[105.033,14.961],[105.04,14.972],[105.047,14.964],[105.055,14.972],[105.076,14.944],[105.085,14.949],[105.1,14.945],[105.101,14.972],[105.114,14.968],[105.118,14.979],[105.151,14.985],[105.161,15.001],[105.184,15.011],[105.19,15.028]]]]}},{"type":"Feature","id":490,"properties":{"id":490,"en":"Na Yong","th":"นาโยง","prov":"ตรัง","code":"92"},"geometry":{"type":"MultiPolygon","coordinates":[[[[99.668,7.518],[99.678,7.516],[99.676,7.491],[99.695,7.491],[99.713,7.473],[99.795,7.497],[99.829,7.526],[99.837,7.541],[99.836,7.549],[99.799,7.584],[99.8,7.604],[99.81,7.622],[99.788,7.645],[99.772,7.636],[99.748,7.639],[99.739,7.62],[99.71,7.64],[99.679,7.63],[99.673,7.614],[99.675,7.603],[99.665,7.585],[99.679,7.58],[99.692,7.551],[99.68,7.551],[99.68,7.532],[99.668,7.518]]]]}},{"type":"Feature","id":491,"properties":{"id":491,"en":"Na Yung","th":"นายูง","prov":"อุดรธานี","code":"41"},"geometry":{"type":"MultiPolygon","coordinates":[[[[102.276,17.981],[102.246,17.992],[102.231,18.006],[102.205,18.009],[102.203,18.022],[102.17,18.007],[102.156,17.99],[102.148,17.992],[102.14,18.007],[102.143,18.035],[102.104,18.029],[102.113,18.054],[102.1,18.073],[102.1,18.082],[102.084,18.079],[102.055,18.086],[102.054,18.036],[102.037,18.023],[102.042,17.989],[102.026,17.991],[102.016,17.981],[102.027,17.969],[102.024,17.956],[102.039,17.908],[102.038,17.886],[102.052,17.872],[102.047,17.819],[102.037,17.806],[102.039,17.801],[102.056,17.808],[102.067,17.795],[102.093,17.791],[102.129,17.798],[102.134,17.813],[102.158,17.826],[102.147,17.84],[102.159,17.852],[102.179,17.86],[102.218,17.857],[102.236,17.879],[102.256,17.885],[102.254,17.941],[102.276,17.981]]]]}},{"type":"Feature","id":492,"properties":{"id":492,"en":"Nakhon Chai Si","th":"นครชัยศรี","prov":"นครปฐม","code":"73"},"geometry":{"type":"MultiPolygon","coordinates":[[[[100.175,13.923],[100.152,13.898],[100.136,13.891],[100.135,13.879],[100.117,13.872],[100.132,13.846],[100.126,13.811],[100.098,13.768],[100.107,13.705],[100.148,13.715],[100.151,13.724],[100.152,13.738],[100.178,13.745],[100.185,13.741],[100.228,13.793],[100.239,13.791],[100.249,13.805],[100.236,13.803],[100.246,13.829],[100.264,13.829],[100.267,13.865],[100.256,13.904],[100.233,13.9],[100.175,13.923]]]]}},{"type":"Feature","id":493,"properties":{"id":493,"en":"Nakhon Luang","th":"นครหลวง","prov":"พระนครศรีอยุธยา","code":"14"},"geometry":{"type":"MultiPolygon","coordinates":[[[[100.574,14.405],[100.576,14.394],[100.615,14.393],[100.66,14.416],[100.653,14.437],[100.667,14.438],[100.673,14.45],[100.685,14.451],[100.686,14.457],[100.681,14.474],[100.689,14.483],[100.687,14.495],[100.673,14.497],[100.649,14.532],[100.61,14.553],[100.602,14.554],[100.603,14.544],[100.595,14.541],[100.601,14.515],[100.583,14.494],[100.586,14.487],[100.565,14.468],[100.576,14.465],[100.576,14.455],[100.598,14.438],[100.58,14.43],[100.574,14.405]]]]}},{"type":"Feature","id":494,"properties":{"id":494,"en":"Nakhon Thai","th":"นครไทย","prov":"พิษณุโลก","code":"65"},"geometry":{"type":"MultiPolygon","coordinates":[[[[100.611,17.149],[100.616,17.144],[100.61,17.118],[100.615,17.112],[100.601,17.101],[100.607,17.074],[100.597,17.061],[100.597,17.053],[100.635,17.005],[100.647,16.997],[100.646,16.98],[100.657,16.98],[100.673,16.942],[100.691,16.922],[100.686,16.901],[100.691,16.879],[100.753,16.875],[100.775,16.878],[100.786,16.888],[100.799,16.878],[100.803,16.864],[100.812,16.868],[100.818,16.858],[100.842,16.875],[100.841,16.864],[100.829,16.853],[100.834,16.845],[100.854,16.846],[100.867,16.832],[100.89,16.831],[100.903,16.802],[100.918,16.792],[100.953,16.793],[100.959,16.81],[100.954,16.826],[100.962,16.831],[100.979,16.826],[100.981,16.835],[100.973,16.842],[100.993,16.856],[101.013,16.858],[101.026,16.873],[101.031,16.893],[101.043,16.904],[101.057,16.908],[101.067,16.903],[101.07,16.926],[101.035,16.93],[101.026,16.943],[101.051,16.956],[101.045,16.967],[101.049,16.975],[101.042,16.984],[101.058,17.029],[101.052,17.041],[101.058,17.06],[101.05,17.078],[101.057,17.091],[101.051,17.096],[101.051,17.115],[101.071,17.116],[101.07,17.13],[101.078,17.137],[101.08,17.153],[101.075,17.178],[101.108,17.216],[101.11,17.234],[101.093,17.253],[101.081,17.282],[101.048,17.286],[101.027,17.311],[101.011,17.316],[101.008,17.332],[100.993,17.341],[100.944,17.341],[100.937,17.335],[100.914,17.342],[100.913,17.378],[100.925,17.42],[100.914,17.435],[100.916,17.451],[100.894,17.466],[100.875,17.449],[100.855,17.451],[100.835,17.468],[100.829,17.463],[100.828,17.451],[100.817,17.448],[100.798,17.424],[100.805,17.414],[100.82,17.409],[100.802,17.354],[100.809,17.348],[100.806,17.339],[100.818,17.331],[100.815,17.324],[100.789,17.304],[100.742,17.23],[100.713,17.22],[100.685,17.184],[100.667,17.193],[100.653,17.187],[100.66,17.205],[100.642,17.222],[100.621,17.215],[100.619,17.209],[100.615,17.216],[100.612,17.196],[100.597,17.189],[100.602,17.184],[100.611,17.187],[100.613,17.175],[100.604,17.171],[100.617,17.163],[100.605,17.164],[100.603,17.157],[100.611,17.149]]]]}},{"type":"Feature","id":495,"properties":{"id":495,"en":"Nam Khun","th":"","prov":"","code":"34"},"geometry":{"type":"MultiPolygon","coordinates":[[[[104.985,14.675],[104.973,14.664],[104.957,14.664],[104.949,14.65],[104.918,14.654],[104.901,14.646],[104.877,14.661],[104.848,14.659],[104.847,14.648],[104.836,14.637],[104.838,14.617],[104.827,14.608],[104.829,14.58],[104.816,14.551],[104.858,14.501],[104.862,14.499],[104.86,14.472],[104.829,14.441],[104.838,14.427],[104.852,14.424],[104.876,14.437],[104.886,14.427],[104.9,14.431],[104.888,14.444],[104.898,14.453],[104.898,14.462],[104.907,14.457],[104.911,14.463],[104.905,14.474],[104.917,14.498],[104.908,14.5],[104.908,14.508],[104.91,14.514],[104.918,14.511],[104.912,14.523],[104.927,14.532],[104.955,14.534],[104.952,14.549],[104.969,14.565],[104.967,14.59],[104.975,14.617],[104.983,14.622],[104.977,14.649],[104.995,14.665],[104.985,14.675]]]]}},{"type":"Feature","id":496,"properties":{"id":496,"en":"Nam Kliang","th":"น้ำเกลี้ยง","prov":"ศรีสะเกษ","code":"33"},"geometry":{"type":"MultiPolygon","coordinates":[[[[104.613,14.868],[104.601,14.887],[104.606,14.893],[104.597,14.898],[104.601,14.906],[104.593,14.904],[104.598,14.916],[104.592,14.932],[104.601,14.941],[104.591,14.951],[104.601,14.961],[104.595,14.964],[104.597,14.976],[104.606,14.977],[104.603,14.988],[104.62,14.991],[104.628,15],[104.612,15.004],[104.61,15.013],[104.604,15.01],[104.6,15.016],[104.588,15.003],[104.576,15.004],[104.572,15.013],[104.564,15.009],[104.566,14.997],[104.558,14.994],[104.558,14.977],[104.524,14.976],[104.515,14.974],[104.516,14.961],[104.496,14.95],[104.497,14.968],[104.476,14.99],[104.474,15.007],[104.456,15.009],[104.427,14.982],[104.422,14.972],[104.434,14.956],[104.433,14.911],[104.447,14.901],[104.434,14.88],[104.446,14.861],[104.488,14.887],[104.538,14.851],[104.554,14.83],[104.549,14.825],[104.578,14.819],[104.578,14.806],[104.582,14.812],[104.606,14.817],[104.604,14.845],[104.613,14.868]]]]}},{"type":"Feature","id":497,"properties":{"id":497,"en":"Nam Nao","th":"น้ำหนาว","prov":"เพชรบูรณ์","code":"67"},"geometry":{"type":"MultiPolygon","coordinates":[[[[101.751,16.668],[101.75,16.677],[101.772,16.686],[101.776,16.712],[101.792,16.727],[101.786,16.743],[101.797,16.769],[101.764,16.757],[101.727,16.754],[101.686,16.798],[101.7,16.809],[101.719,16.8],[101.722,16.807],[101.707,16.83],[101.693,16.835],[101.691,16.849],[101.686,16.846],[101.689,16.858],[101.679,16.861],[101.677,16.868],[101.684,16.869],[101.679,16.884],[101.685,16.9],[101.683,16.913],[101.686,16.923],[101.692,16.923],[101.687,16.931],[101.692,16.936],[101.679,16.94],[101.673,16.952],[101.675,16.976],[101.647,17.024],[101.65,17.042],[101.629,17.045],[101.613,17.004],[101.588,16.996],[101.575,16.984],[101.552,16.995],[101.545,17.015],[101.536,17.023],[101.488,17.005],[101.427,17.011],[101.432,17.007],[101.435,16.983],[101.423,16.956],[101.426,16.941],[101.417,16.932],[101.426,16.928],[101.424,16.894],[101.408,16.886],[101.409,16.868],[101.4,16.855],[101.434,16.85],[101.438,16.837],[101.443,16.837],[101.442,16.823],[101.457,16.831],[101.461,16.828],[101.475,16.84],[101.483,16.859],[101.506,16.855],[101.524,16.79],[101.516,16.761],[101.511,16.757],[101.513,16.681],[101.526,16.68],[101.538,16.666],[101.546,16.668],[101.563,16.649],[101.572,16.648],[101.579,16.67],[101.571,16.691],[101.553,16.711],[101.553,16.728],[101.56,16.729],[101.586,16.723],[101.59,16.708],[101.604,16.707],[101.62,16.685],[101.636,16.681],[101.655,16.689],[101.689,16.687],[101.725,16.652],[101.741,16.661],[101.744,16.67],[101.751,16.668]]]]}},{"type":"Feature","id":498,"properties":{"id":498,"en":"Nam Pat","th":"น้ำปาด","prov":"อุตรดิตถ์","code":"53"},"geometry":{"type":"MultiPolygon","coordinates":[[[[100.915,17.882],[100.9,17.868],[100.891,17.875],[100.884,17.873],[100.875,17.861],[100.856,17.873],[100.835,17.862],[100.815,17.866],[100.807,17.859],[100.793,17.865],[100.783,17.856],[100.751,17.874],[100.727,17.909],[100.718,17.909],[100.705,17.894],[100.706,17.876],[100.688,17.843],[100.679,17.843],[100.674,17.821],[100.649,17.835],[100.62,17.781],[100.596,17.762],[100.576,17.726],[100.567,17.724],[100.568,17.739],[100.559,17.733],[100.554,17.74],[100.548,17.726],[100.562,17.689],[100.559,17.679],[100.537,17.667],[100.523,17.672],[100.5,17.654],[100.489,17.654],[100.454,17.614],[100.441,17.611],[100.44,17.593],[100.446,17.567],[100.456,17.556],[100.492,17.539],[100.487,17.531],[100.5,17.524],[100.5,17.511],[100.524,17.51],[100.537,17.481],[100.545,17.49],[100.554,17.5],[100.568,17.5],[100.576,17.51],[100.619,17.531],[100.64,17.521],[100.645,17.494],[100.652,17.494],[100.669,17.501],[100.693,17.525],[100.74,17.542],[100.747,17.559],[100.774,17.583],[100.772,17.596],[100.79,17.613],[100.802,17.639],[100.843,17.653],[100.853,17.68],[100.875,17.711],[100.905,17.715],[100.91,17.702],[100.926,17.696],[100.965,17.702],[100.989,17.744],[100.978,17.753],[100.978,17.762],[100.999,17.77],[101.006,17.784],[100.993,17.804],[100.999,17.82],[101.029,17.829],[101.035,17.86],[101.017,17.878],[101.019,17.891],[101.013,17.895],[100.998,17.891],[100.968,17.895],[100.973,17.89],[100.965,17.886],[100.972,17.885],[100.974,17.875],[100.954,17.879],[100.959,17.872],[100.953,17.866],[100.942,17.876],[100.94,17.872],[100.935,17.876],[100.935,17.871],[100.915,17.882]]]]}},{"type":"Feature","id":499,"properties":{"id":499,"en":"Nam Phong","th":"น้ำพอง","prov":"ขอนแก่น","code":"40"},"geometry":{"type":"MultiPolygon","coordinates":[[[[102.732,16.818],[102.736,16.796],[102.724,16.774],[102.732,16.758],[102.723,16.749],[102.752,16.728],[102.738,16.711],[102.743,16.693],[102.733,16.669],[102.718,16.659],[102.719,16.637],[102.735,16.626],[102.729,16.61],[102.76,16.607],[102.794,16.628],[102.816,16.625],[102.844,16.634],[102.859,16.623],[102.846,16.616],[102.853,16.607],[102.849,16.603],[102.86,16.599],[102.864,16.604],[102.866,16.595],[102.86,16.594],[102.858,16.586],[102.865,16.585],[102.871,16.595],[102.883,16.585],[102.874,16.58],[102.882,16.569],[102.874,16.569],[102.881,16.564],[102.876,16.563],[102.874,16.554],[102.888,16.545],[102.887,16.539],[102.897,16.539],[102.889,16.535],[102.899,16.53],[102.905,16.53],[102.903,16.546],[102.96,16.532],[102.997,16.556],[103.007,16.591],[102.985,16.646],[102.988,16.706],[103.006,16.728],[103.002,16.751],[102.99,16.743],[102.988,16.749],[103,16.77],[103.014,16.78],[103.018,16.798],[103.006,16.826],[103.016,16.831],[103.018,16.842],[103.006,16.85],[103.002,16.865],[102.955,16.84],[102.929,16.838],[102.95,16.805],[102.924,16.791],[102.894,16.787],[102.872,16.786],[102.821,16.815],[102.763,16.821],[102.756,16.835],[102.732,16.818]]]]}},{"type":"Feature","id":500,"properties":{"id":500,"en":"Nam Som","th":"น้ำโสม","prov":"อุดรธานี","code":"41"},"geometry":{"type":"MultiPolygon","coordinates":[[[[102.256,17.885],[102.236,17.879],[102.218,17.857],[102.179,17.86],[102.159,17.852],[102.147,17.84],[102.158,17.826],[102.134,17.813],[102.129,17.798],[102.093,17.791],[102.067,17.795],[102.056,17.808],[102.039,17.801],[102.046,17.79],[102.03,17.786],[102.018,17.748],[102.03,17.7],[102.026,17.677],[102.039,17.664],[102.036,17.65],[102.061,17.657],[102.078,17.646],[102.083,17.634],[102.105,17.647],[102.12,17.633],[102.128,17.635],[102.143,17.659],[102.158,17.668],[102.187,17.657],[102.245,17.651],[102.269,17.663],[102.262,17.682],[102.267,17.691],[102.281,17.685],[102.287,17.692],[102.302,17.682],[102.302,17.675],[102.318,17.677],[102.318,17.795],[102.325,17.801],[102.318,17.817],[102.291,17.838],[102.256,17.885]]]]}},{"type":"Feature","id":501,"properties":{"id":501,"en":"Nam Yuen","th":"น้ำยืน","prov":"อุบลราชธานี","code":"34"},"geometry":{"type":"MultiPolygon","coordinates":[[[[104.995,14.669],[104.977,14.649],[104.983,14.622],[104.975,14.617],[104.967,14.59],[104.969,14.565],[104.952,14.549],[104.955,14.534],[104.927,14.532],[104.912,14.523],[104.918,14.511],[104.91,14.514],[104.908,14.508],[104.908,14.5],[104.917,14.498],[104.905,14.474],[104.911,14.463],[104.907,14.457],[104.898,14.462],[104.898,14.453],[104.888,14.444],[104.9,14.431],[104.886,14.427],[104.907,14.412],[104.907,14.399],[104.923,14.4],[104.949,14.381],[104.956,14.381],[104.959,14.391],[104.992,14.38],[105.001,14.362],[104.99,14.324],[104.982,14.32],[105.002,14.302],[105.025,14.238],[105.046,14.227],[105.05,14.215],[105.082,14.209],[105.093,14.215],[105.108,14.213],[105.153,14.252],[105.155,14.259],[105.144,14.262],[105.154,14.27],[105.151,14.282],[105.16,14.289],[105.161,14.301],[105.176,14.312],[105.177,14.318],[105.166,14.328],[105.175,14.343],[105.186,14.341],[105.196,14.347],[105.227,14.333],[105.234,14.337],[105.235,14.35],[105.258,14.362],[105.281,14.354],[105.284,14.366],[105.275,14.384],[105.241,14.42],[105.215,14.417],[105.202,14.426],[105.204,14.432],[105.197,14.432],[105.193,14.45],[105.169,14.481],[105.139,14.504],[105.148,14.511],[105.147,14.526],[105.157,14.529],[105.146,14.539],[105.157,14.563],[105.151,14.573],[105.174,14.596],[105.168,14.597],[105.167,14.62],[105.149,14.602],[105.13,14.601],[105.117,14.618],[105.084,14.629],[105.07,14.65],[105.054,14.646],[105.044,14.667],[105.032,14.676],[105.016,14.662],[104.995,14.669]]]]}},{"type":"Feature","id":502,"properties":{"id":502,"en":"Nang Rong","th":"นางรอง","prov":"บุรีรัมย์","code":"31"},"geometry":{"type":"MultiPolygon","coordinates":[[[[102.951,14.682],[102.949,14.704],[102.963,14.73],[102.962,14.753],[102.946,14.761],[102.947,14.784],[102.933,14.795],[102.923,14.76],[102.932,14.76],[102.905,14.714],[102.874,14.721],[102.879,14.724],[102.869,14.733],[102.859,14.73],[102.863,14.712],[102.826,14.713],[102.83,14.736],[102.824,14.755],[102.791,14.774],[102.78,14.752],[102.769,14.755],[102.762,14.746],[102.695,14.769],[102.644,14.726],[102.632,14.693],[102.618,14.677],[102.622,14.661],[102.611,14.654],[102.603,14.635],[102.646,14.633],[102.658,14.613],[102.652,14.604],[102.632,14.608],[102.623,14.583],[102.625,14.551],[102.636,14.55],[102.648,14.538],[102.637,14.496],[102.652,14.487],[102.684,14.493],[102.71,14.483],[102.738,14.496],[102.747,14.486],[102.754,14.461],[102.767,14.461],[102.794,14.477],[102.804,14.491],[102.788,14.512],[102.788,14.523],[102.827,14.529],[102.822,14.548],[102.829,14.566],[102.848,14.574],[102.845,14.587],[102.862,14.626],[102.865,14.651],[102.909,14.64],[102.91,14.663],[102.922,14.681],[102.951,14.682]]]]}},{"type":"Feature","id":503,"properties":{"id":503,"en":"Ngao","th":"งาว","prov":"ลำปาง","code":"52"},"geometry":{"type":"MultiPolygon","coordinates":[[[[99.808,18.604],[99.803,18.575],[99.794,18.565],[99.822,18.547],[99.826,18.528],[99.82,18.495],[99.834,18.482],[99.85,18.488],[99.875,18.526],[99.895,18.528],[99.898,18.548],[99.922,18.552],[99.93,18.563],[100.029,18.546],[100.049,18.532],[100.056,18.557],[100.063,18.561],[100.079,18.563],[100.09,18.573],[100.109,18.56],[100.109,18.59],[100.121,18.601],[100.1,18.629],[100.111,18.672],[100.104,18.688],[100.108,18.703],[100.096,18.73],[100.1,18.752],[100.116,18.766],[100.115,18.776],[100.126,18.787],[100.114,18.809],[100.089,18.827],[100.066,18.817],[100.066,18.828],[100.061,18.83],[100.07,18.865],[100.055,18.881],[100.04,18.891],[100.034,18.902],[100.017,18.896],[99.966,18.924],[99.947,18.942],[99.927,18.978],[99.912,18.988],[99.906,18.983],[99.889,18.988],[99.881,19],[99.872,18.996],[99.838,19.002],[99.829,19.011],[99.834,19.039],[99.822,19.048],[99.819,19.061],[99.796,19.053],[99.773,19.064],[99.761,19.049],[99.754,19.049],[99.757,19.027],[99.766,19.017],[99.755,19.006],[99.761,18.981],[99.754,18.962],[99.773,18.937],[99.767,18.929],[99.755,18.928],[99.771,18.91],[99.78,18.912],[99.789,18.904],[99.788,18.884],[99.801,18.882],[99.797,18.867],[99.805,18.85],[99.801,18.837],[99.805,18.808],[99.794,18.797],[99.796,18.758],[99.786,18.742],[99.776,18.738],[99.777,18.706],[99.796,18.705],[99.801,18.693],[99.812,18.691],[99.815,18.675],[99.837,18.661],[99.826,18.631],[99.816,18.622],[99.815,18.606],[99.808,18.604]]]]}},{"type":"Feature","id":504,"properties":{"id":504,"en":"Nikhom Kham Soi","th":"นิคมคำสร้อย","prov":"มุกดาหาร","code":"49"},"geometry":{"type":"MultiPolygon","coordinates":[[[[104.661,16.27],[104.655,16.305],[104.649,16.314],[104.652,16.33],[104.625,16.336],[104.63,16.352],[104.641,16.355],[104.647,16.389],[104.632,16.431],[104.611,16.457],[104.597,16.458],[104.594,16.468],[104.588,16.455],[104.577,16.453],[104.562,16.426],[104.569,16.425],[104.567,16.406],[104.561,16.42],[104.523,16.428],[104.515,16.439],[104.511,16.438],[104.511,16.445],[104.493,16.443],[104.479,16.453],[104.471,16.445],[104.462,16.443],[104.456,16.426],[104.424,16.404],[104.4,16.347],[104.496,16.341],[104.504,16.338],[104.511,16.317],[104.537,16.318],[104.55,16.312],[104.563,16.285],[104.556,16.261],[104.573,16.259],[104.585,16.237],[104.598,16.242],[104.6,16.227],[104.628,16.211],[104.658,16.226],[104.671,16.254],[104.661,16.27]]]]}},{"type":"Feature","id":505,"properties":{"id":505,"en":"Nikhom Nam Un","th":"นิคมน้ำอูน","prov":"สกลนคร","code":"47"},"geometry":{"type":"MultiPolygon","coordinates":[[[[103.86,17.156],[103.839,17.17],[103.802,17.176],[103.767,17.206],[103.734,17.221],[103.717,17.24],[103.675,17.227],[103.678,17.214],[103.668,17.196],[103.683,17.18],[103.673,17.163],[103.664,17.161],[103.646,17.169],[103.614,17.152],[103.622,17.149],[103.639,17.111],[103.672,17.133],[103.68,17.129],[103.698,17.133],[103.715,17.144],[103.735,17.134],[103.792,17.182],[103.801,17.169],[103.797,17.156],[103.819,17.121],[103.831,17.117],[103.86,17.124],[103.852,17.143],[103.86,17.156]]]]}},{"type":"Feature","id":506,"properties":{"id":506,"en":"Nikhom Phatthana","th":"นิคมพัฒนา","prov":"ระยอง","code":"21"},"geometry":{"type":"MultiPolygon","coordinates":[[[[101.094,12.804],[101.107,12.807],[101.109,12.803],[101.125,12.814],[101.145,12.801],[101.141,12.797],[101.149,12.781],[101.163,12.772],[101.165,12.758],[101.178,12.757],[101.183,12.762],[101.199,12.745],[101.214,12.74],[101.219,12.747],[101.233,12.746],[101.239,12.754],[101.236,12.772],[101.223,12.78],[101.223,12.811],[101.208,12.813],[101.224,12.864],[101.216,12.868],[101.2,12.863],[101.192,12.87],[101.187,12.879],[101.193,12.886],[101.179,12.886],[101.191,12.89],[101.181,12.895],[101.189,12.905],[101.153,12.913],[101.152,12.931],[101.125,12.94],[101.103,12.92],[101.088,12.921],[101.076,12.904],[101.08,12.895],[101.062,12.858],[101.064,12.835],[101.049,12.818],[101.068,12.82],[101.094,12.804]]]]}},{"type":"Feature","id":507,"properties":{"id":507,"en":"Noen Kham","th":"เนินขาม","prov":"ชัยนาท","code":"18"},"geometry":{"type":"MultiPolygon","coordinates":[[[[99.724,14.962],[99.752,14.961],[99.794,14.943],[99.843,14.937],[99.874,14.923],[99.888,14.926],[99.932,14.907],[99.952,14.91],[99.964,14.925],[99.968,14.946],[99.944,14.971],[99.947,14.988],[99.902,15.005],[99.877,15.006],[99.875,15.018],[99.859,15.029],[99.85,15.046],[99.836,15.053],[99.813,15.095],[99.803,15.098],[99.772,15.141],[99.768,15.13],[99.791,15.1],[99.791,15.084],[99.772,15.058],[99.777,15.054],[99.769,15.023],[99.729,14.995],[99.72,14.982],[99.724,14.962]]]]}},{"type":"Feature","id":508,"properties":{"id":508,"en":"Noen Maprang","th":"เนินมะปราง","prov":"พิษณุโลก","code":"65"},"geometry":{"type":"MultiPolygon","coordinates":[[[[100.886,16.666],[100.886,16.677],[100.869,16.7],[100.874,16.713],[100.855,16.734],[100.847,16.734],[100.841,16.72],[100.79,16.736],[100.784,16.745],[100.73,16.754],[100.71,16.771],[100.661,16.768],[100.647,16.789],[100.632,16.796],[100.615,16.756],[100.592,16.752],[100.583,16.726],[100.557,16.719],[100.565,16.677],[100.581,16.651],[100.581,16.639],[100.598,16.623],[100.602,16.612],[100.598,16.601],[100.575,16.586],[100.58,16.579],[100.577,16.524],[100.587,16.521],[100.586,16.471],[100.568,16.458],[100.581,16.439],[100.593,16.417],[100.607,16.417],[100.606,16.412],[100.634,16.395],[100.636,16.375],[100.623,16.362],[100.62,16.347],[100.626,16.319],[100.649,16.327],[100.651,16.321],[100.672,16.356],[100.707,16.385],[100.701,16.404],[100.709,16.419],[100.743,16.419],[100.763,16.432],[100.772,16.426],[100.783,16.448],[100.805,16.448],[100.794,16.473],[100.817,16.483],[100.815,16.496],[100.834,16.504],[100.834,16.52],[100.849,16.523],[100.846,16.542],[100.859,16.548],[100.851,16.577],[100.846,16.578],[100.851,16.584],[100.848,16.593],[100.855,16.598],[100.853,16.614],[100.863,16.616],[100.862,16.639],[100.884,16.656],[100.886,16.666]]]]}},{"type":"Feature","id":509,"properties":{"id":509,"en":"Noen Sa-Nga","th":"เมืองชัยภูมิ","prov":"ชัยภูมิ","code":"36"},"geometry":{"type":"MultiPolygon","coordinates":[[[[102.073,15.62],[102.07,15.626],[102.075,15.63],[102.068,15.636],[102.045,15.633],[102.03,15.655],[102.036,15.659],[102.035,15.668],[102.016,15.683],[102.004,15.684],[101.999,15.693],[101.992,15.689],[101.989,15.673],[101.994,15.65],[101.989,15.642],[101.977,15.624],[101.981,15.615],[101.937,15.597],[101.93,15.573],[101.909,15.582],[101.927,15.552],[101.912,15.487],[101.933,15.457],[101.953,15.455],[101.989,15.465],[102.01,15.458],[102.035,15.478],[102.033,15.502],[102.043,15.529],[102.038,15.549],[102.062,15.582],[102.073,15.62]]]]}},{"type":"Feature","id":510,"properties":{"id":510,"en":"Non Daeng","th":"","prov":"","code":"30"},"geometry":{"type":"MultiPolygon","coordinates":[[[[102.47,15.459],[102.433,15.399],[102.461,15.412],[102.505,15.394],[102.528,15.372],[102.538,15.373],[102.576,15.421],[102.59,15.416],[102.607,15.426],[102.604,15.433],[102.611,15.44],[102.608,15.446],[102.6,15.442],[102.593,15.457],[102.599,15.475],[102.591,15.491],[102.598,15.499],[102.594,15.518],[102.608,15.531],[102.536,15.534],[102.541,15.512],[102.534,15.504],[102.532,15.484],[102.522,15.478],[102.524,15.462],[102.503,15.473],[102.48,15.47],[102.47,15.459]]]]}},{"type":"Feature","id":511,"properties":{"id":511,"en":"Non Din Daeng","th":"โนนดินแดง","prov":"บุรีรัมย์","code":"31"},"geometry":{"type":"MultiPolygon","coordinates":[[[[102.749,14.377],[102.746,14.357],[102.735,14.352],[102.693,14.297],[102.686,14.299],[102.626,14.266],[102.578,14.227],[102.549,14.217],[102.538,14.202],[102.512,14.201],[102.499,14.186],[102.477,14.2],[102.469,14.192],[102.453,14.194],[102.433,14.148],[102.453,14.144],[102.456,14.136],[102.475,14.131],[102.483,14.142],[102.507,14.133],[102.521,14.143],[102.55,14.135],[102.569,14.149],[102.607,14.171],[102.634,14.149],[102.654,14.165],[102.661,14.154],[102.668,14.159],[102.689,14.147],[102.688,14.134],[102.698,14.13],[102.728,14.138],[102.763,14.138],[102.778,14.155],[102.812,14.161],[102.829,14.19],[102.814,14.205],[102.825,14.23],[102.811,14.257],[102.819,14.27],[102.82,14.31],[102.8,14.35],[102.775,14.364],[102.769,14.374],[102.749,14.377]]]]}},{"type":"Feature","id":512,"properties":{"id":512,"en":"Non Khun","th":"","prov":"","code":"33"},"geometry":{"type":"MultiPolygon","coordinates":[[[[104.798,14.81],[104.802,14.824],[104.814,14.835],[104.81,14.848],[104.817,14.856],[104.805,14.898],[104.778,14.899],[104.772,14.911],[104.762,14.914],[104.763,14.921],[104.754,14.92],[104.735,14.938],[104.72,14.926],[104.719,14.932],[104.7,14.936],[104.688,14.946],[104.684,15.005],[104.672,15.022],[104.658,15.014],[104.661,15.006],[104.655,15],[104.644,15.011],[104.647,15.005],[104.638,15.006],[104.637,14.999],[104.633,15.007],[104.623,15.006],[104.628,15],[104.62,14.991],[104.603,14.988],[104.606,14.977],[104.597,14.976],[104.595,14.964],[104.601,14.961],[104.591,14.951],[104.601,14.941],[104.592,14.932],[104.598,14.916],[104.593,14.904],[104.601,14.906],[104.597,14.898],[104.606,14.893],[104.601,14.887],[104.614,14.866],[104.63,14.857],[104.696,14.855],[104.717,14.859],[104.76,14.817],[104.798,14.81]]]]}},{"type":"Feature","id":513,"properties":{"id":513,"en":"Non Narai","th":"","prov":"","code":"32"},"geometry":{"type":"MultiPolygon","coordinates":[[[[103.984,15.231],[103.912,15.255],[103.893,15.283],[103.872,15.289],[103.855,15.252],[103.86,15.219],[103.841,15.202],[103.855,15.193],[103.849,15.183],[103.86,15.157],[103.857,15.12],[103.865,15.111],[103.889,15.11],[103.897,15.115],[103.896,15.125],[103.91,15.126],[103.929,15.127],[103.941,15.141],[103.971,15.158],[103.967,15.165],[103.971,15.18],[103.966,15.185],[103.978,15.19],[103.976,15.2],[103.984,15.202],[103.97,15.22],[103.976,15.226],[103.988,15.225],[103.984,15.231]]]]}},{"type":"Feature","id":514,"properties":{"id":514,"en":"Non Sa-At","th":"","prov":"","code":"41"},"geometry":{"type":"MultiPolygon","coordinates":[[[[102.929,16.838],[102.955,16.84],[103.009,16.87],[103.026,16.872],[103.036,16.884],[103.027,16.896],[103.029,16.914],[103.021,16.931],[103.022,16.939],[103.033,16.945],[103.034,16.956],[103.019,16.978],[103.025,17.004],[103.011,17.014],[102.995,17.002],[102.973,17.004],[102.932,16.996],[102.918,17.004],[102.904,16.994],[102.883,17],[102.876,16.992],[102.869,17.002],[102.842,17.013],[102.852,17.024],[102.85,17.033],[102.815,17.04],[102.78,17.076],[102.759,17.084],[102.765,17.099],[102.735,17.103],[102.71,17.087],[102.718,17.054],[102.738,17.047],[102.764,17.026],[102.787,17.016],[102.801,16.988],[102.823,16.973],[102.804,16.955],[102.821,16.938],[102.809,16.915],[102.81,16.892],[102.822,16.875],[102.823,16.863],[102.842,16.869],[102.855,16.883],[102.873,16.881],[102.913,16.839],[102.929,16.838]]]]}},{"type":"Feature","id":515,"properties":{"id":515,"en":"Non Sang","th":"โนนสัง","prov":"หนองบัวลำภู","code":"39"},"geometry":{"type":"MultiPolygon","coordinates":[[[[102.669,16.994],[102.648,17],[102.579,17.041],[102.545,17.013],[102.532,17.019],[102.5,17],[102.483,17.025],[102.462,17.026],[102.432,16.993],[102.412,16.924],[102.406,16.917],[102.397,16.927],[102.385,16.926],[102.374,16.907],[102.379,16.901],[102.375,16.887],[102.368,16.876],[102.38,16.875],[102.377,16.869],[102.386,16.862],[102.404,16.826],[102.405,16.802],[102.416,16.805],[102.415,16.795],[102.428,16.791],[102.434,16.783],[102.439,16.795],[102.45,16.79],[102.459,16.809],[102.472,16.8],[102.496,16.804],[102.543,16.783],[102.611,16.774],[102.622,16.837],[102.677,16.954],[102.679,16.97],[102.669,16.994]]]]}},{"type":"Feature","id":516,"properties":{"id":516,"en":"Non Sila","th":"","prov":"","code":"40"},"geometry":{"type":"MultiPolygon","coordinates":[[[[102.645,16.061],[102.643,16.051],[102.633,16.043],[102.634,16.035],[102.602,16.003],[102.636,15.951],[102.647,15.913],[102.666,15.901],[102.708,15.902],[102.747,15.903],[102.757,15.895],[102.758,15.934],[102.768,15.955],[102.756,15.958],[102.748,15.972],[102.735,15.98],[102.728,16],[102.717,16],[102.713,16.016],[102.68,16.03],[102.68,16.041],[102.655,16.043],[102.656,16.054],[102.645,16.061]]]]}},{"type":"Feature","id":517,"properties":{"id":517,"en":"Non Sung","th":"โนนสูง","prov":"นครราชสีมา","code":"30"},"geometry":{"type":"MultiPolygon","coordinates":[[[[102.379,15.134],[102.37,15.15],[102.368,15.162],[102.374,15.164],[102.368,15.174],[102.379,15.187],[102.367,15.212],[102.405,15.241],[102.436,15.25],[102.418,15.273],[102.41,15.272],[102.4,15.298],[102.387,15.281],[102.365,15.277],[102.343,15.283],[102.34,15.32],[102.375,15.363],[102.358,15.374],[102.32,15.384],[102.312,15.384],[102.239,15.335],[102.191,15.321],[102.185,15.28],[102.159,15.279],[102.16,15.264],[102.174,15.244],[102.178,15.22],[102.137,15.206],[102.134,15.169],[102.121,15.138],[102.137,15.124],[102.15,15.126],[102.158,15.136],[102.181,15.141],[102.183,15.129],[102.222,15.116],[102.233,15.083],[102.246,15.072],[102.25,15.043],[102.277,15.029],[102.29,15.045],[102.297,15.041],[102.305,15.054],[102.317,15.057],[102.325,15.072],[102.348,15.08],[102.347,15.09],[102.363,15.086],[102.35,15.108],[102.353,15.116],[102.366,15.117],[102.367,15.126],[102.375,15.125],[102.379,15.134]]]]}},{"type":"Feature","id":518,"properties":{"id":518,"en":"Non Suwan","th":"","prov":"","code":"31"},"geometry":{"type":"MultiPolygon","coordinates":[[[[102.603,14.635],[102.583,14.62],[102.56,14.625],[102.528,14.598],[102.507,14.588],[102.494,14.561],[102.491,14.532],[102.481,14.512],[102.493,14.505],[102.637,14.496],[102.648,14.538],[102.636,14.55],[102.625,14.551],[102.623,14.583],[102.632,14.608],[102.652,14.604],[102.658,14.613],[102.646,14.633],[102.603,14.635]]]]}},{"type":"Feature","id":519,"properties":{"id":519,"en":"Non Thai","th":"โนนไทย","prov":"นครราชสีมา","code":"30"},"geometry":{"type":"MultiPolygon","coordinates":[[[[101.889,15.111],[101.928,15.108],[101.973,15.087],[102.012,15.086],[102.02,15.073],[102.072,15.073],[102.088,15.082],[102.08,15.098],[102.092,15.132],[102.121,15.138],[102.134,15.169],[102.137,15.206],[102.178,15.22],[102.174,15.244],[102.16,15.264],[102.156,15.287],[102.144,15.291],[102.141,15.308],[102.113,15.309],[102.091,15.307],[102.077,15.297],[102.075,15.285],[102.061,15.278],[102.036,15.304],[102.035,15.294],[102.026,15.293],[102.026,15.276],[102.005,15.266],[102.005,15.262],[102.015,15.264],[102.018,15.253],[102.004,15.238],[101.976,15.229],[101.978,15.221],[101.969,15.241],[101.94,15.252],[101.951,15.28],[101.932,15.291],[101.924,15.306],[101.914,15.258],[101.9,15.237],[101.906,15.226],[101.871,15.224],[101.874,15.203],[101.868,15.19],[101.878,15.187],[101.884,15.161],[101.901,15.157],[101.903,15.15],[101.889,15.111]]]]}},{"type":"Feature","id":520,"properties":{"id":520,"en":"Nong Bua","th":"หนองบัว","prov":"นครสวรรค์","code":"60"},"geometry":{"type":"MultiPolygon","coordinates":[[[[100.461,15.938],[100.461,15.927],[100.45,15.922],[100.431,15.887],[100.409,15.867],[100.403,15.842],[100.407,15.823],[100.441,15.832],[100.47,15.827],[100.467,15.818],[100.485,15.814],[100.488,15.793],[100.505,15.786],[100.532,15.749],[100.564,15.75],[100.588,15.76],[100.594,15.759],[100.589,15.75],[100.598,15.742],[100.618,15.741],[100.644,15.772],[100.67,15.765],[100.715,15.771],[100.763,15.765],[100.78,15.781],[100.813,15.781],[100.798,15.826],[100.803,15.835],[100.809,15.839],[100.812,15.858],[100.805,15.868],[100.81,15.885],[100.77,15.902],[100.763,15.923],[100.768,15.935],[100.755,15.943],[100.743,15.986],[100.69,15.993],[100.654,16.027],[100.637,16.006],[100.626,16.003],[100.617,15.983],[100.588,15.963],[100.58,15.945],[100.563,15.944],[100.545,15.925],[100.523,15.919],[100.522,15.932],[100.53,15.937],[100.519,15.94],[100.479,15.935],[100.461,15.938]]]]}},{"type":"Feature","id":521,"properties":{"id":521,"en":"Nong Bua Daeng","th":"หนองบัวแดง","prov":"ชัยภูมิ","code":"36"},"geometry":{"type":"MultiPolygon","coordinates":[[[[101.753,15.975],[101.793,15.975],[101.88,16.003],[101.903,16.002],[101.92,16.027],[101.887,16.047],[101.843,16.052],[101.83,16.071],[101.834,16.075],[101.825,16.09],[101.846,16.146],[101.817,16.163],[101.851,16.197],[101.859,16.222],[101.85,16.277],[101.815,16.323],[101.757,16.363],[101.711,16.419],[101.688,16.432],[101.673,16.422],[101.666,16.429],[101.656,16.427],[101.583,16.394],[101.569,16.38],[101.56,16.38],[101.541,16.398],[101.522,16.402],[101.507,16.431],[101.493,16.43],[101.452,16.455],[101.444,16.438],[101.419,16.424],[101.417,16.409],[101.401,16.402],[101.409,16.383],[101.393,16.373],[101.377,16.347],[101.379,16.318],[101.368,16.294],[101.372,16.274],[101.358,16.268],[101.355,16.26],[101.361,16.253],[101.374,16.241],[101.367,16.227],[101.375,16.214],[101.378,16.179],[101.384,16.179],[101.384,16.171],[101.405,16.156],[101.397,16.144],[101.402,16.138],[101.411,16.141],[101.42,16.12],[101.432,16.118],[101.435,16.131],[101.471,16.122],[101.467,16.116],[101.484,16.094],[101.485,16.082],[101.506,16.065],[101.504,16.037],[101.498,16.032],[101.506,16.018],[101.503,16.013],[101.508,16.006],[101.524,16.008],[101.521,16.002],[101.533,15.994],[101.529,15.972],[101.541,15.954],[101.55,15.951],[101.553,15.958],[101.546,15.969],[101.556,15.977],[101.65,15.98],[101.674,15.972],[101.692,15.953],[101.698,15.967],[101.712,15.973],[101.753,15.975]]]]}},{"type":"Feature","id":522,"properties":{"id":522,"en":"Nong Bua Rawe","th":"หนองบัวระเหว","prov":"ชัยภูมิ","code":"36"},"geometry":{"type":"MultiPolygon","coordinates":[[[[101.692,15.953],[101.674,15.972],[101.65,15.98],[101.556,15.977],[101.546,15.969],[101.553,15.958],[101.55,15.951],[101.539,15.947],[101.493,15.969],[101.478,15.96],[101.455,15.916],[101.454,15.888],[101.484,15.849],[101.484,15.84],[101.504,15.835],[101.499,15.83],[101.501,15.817],[101.508,15.815],[101.513,15.79],[101.533,15.785],[101.53,15.78],[101.543,15.77],[101.556,15.772],[101.563,15.765],[101.579,15.771],[101.59,15.754],[101.595,15.757],[101.62,15.737],[101.629,15.738],[101.632,15.721],[101.66,15.711],[101.649,15.705],[101.654,15.694],[101.642,15.688],[101.65,15.682],[101.665,15.681],[101.689,15.692],[101.696,15.685],[101.704,15.688],[101.717,15.669],[101.738,15.672],[101.741,15.688],[101.755,15.706],[101.799,15.74],[101.822,15.744],[101.815,15.749],[101.818,15.77],[101.807,15.776],[101.796,15.769],[101.784,15.8],[101.769,15.803],[101.761,15.794],[101.759,15.804],[101.746,15.809],[101.739,15.826],[101.745,15.833],[101.735,15.834],[101.746,15.84],[101.742,15.849],[101.734,15.842],[101.73,15.853],[101.736,15.858],[101.728,15.859],[101.722,15.85],[101.717,15.857],[101.72,15.866],[101.713,15.867],[101.709,15.884],[101.698,15.891],[101.703,15.897],[101.719,15.897],[101.7,15.901],[101.71,15.909],[101.699,15.928],[101.703,15.942],[101.692,15.953]]]]}},{"type":"Feature","id":523,"properties":{"id":523,"en":"Nong Bun Mak","th":"","prov":"","code":"30"},"geometry":{"type":"MultiPolygon","coordinates":[[[[102.321,14.856],[102.302,14.851],[102.287,14.803],[102.279,14.794],[102.279,14.762],[102.29,14.73],[102.265,14.715],[102.262,14.703],[102.27,14.613],[102.331,14.599],[102.354,14.607],[102.367,14.62],[102.375,14.604],[102.431,14.592],[102.458,14.604],[102.471,14.615],[102.475,14.632],[102.475,14.655],[102.46,14.709],[102.477,14.731],[102.476,14.749],[102.472,14.763],[102.456,14.767],[102.444,14.779],[102.44,14.802],[102.445,14.801],[102.447,14.821],[102.458,14.835],[102.453,14.845],[102.431,14.84],[102.42,14.855],[102.401,14.845],[102.388,14.855],[102.359,14.84],[102.349,14.826],[102.33,14.838],[102.321,14.856]]]]}},{"type":"Feature","id":524,"properties":{"id":524,"en":"Nong Chang","th":"หนองฉาง","prov":"อุทัยธานี","code":"61"},"geometry":{"type":"MultiPolygon","coordinates":[[[[99.784,15.318],[99.851,15.311],[99.866,15.304],[99.895,15.325],[99.881,15.334],[99.898,15.371],[99.888,15.385],[99.892,15.405],[99.885,15.413],[99.895,15.425],[99.889,15.431],[99.89,15.444],[99.883,15.448],[99.866,15.443],[99.847,15.446],[99.84,15.438],[99.831,15.439],[99.828,15.432],[99.744,15.413],[99.742,15.433],[99.727,15.425],[99.704,15.435],[99.699,15.427],[99.678,15.423],[99.664,15.418],[99.656,15.425],[99.653,15.39],[99.643,15.366],[99.646,15.342],[99.617,15.339],[99.611,15.331],[99.653,15.312],[99.674,15.318],[99.68,15.303],[99.707,15.287],[99.731,15.296],[99.749,15.318],[99.769,15.322],[99.784,15.318]]]]}},{"type":"Feature","id":525,"properties":{"id":525,"en":"Nong Chik","th":"หนองจิก","prov":"ปัตตานี","code":"94"},"geometry":{"type":"MultiPolygon","coordinates":[[[[101.208,6.723],[101.245,6.699],[101.274,6.699],[101.263,6.712],[101.261,6.727],[101.255,6.726],[101.257,6.736],[101.238,6.757],[101.251,6.771],[101.263,6.772],[101.272,6.786],[101.266,6.796],[101.251,6.801],[101.243,6.812],[101.245,6.82],[101.213,6.821],[101.22,6.843],[101.231,6.847],[101.227,6.854],[101.21,6.853],[101.201,6.86],[101.192,6.866],[101.066,6.857],[101.044,6.847],[101.043,6.838],[101.051,6.836],[101.043,6.828],[101.043,6.812],[101.071,6.793],[101.115,6.791],[101.124,6.778],[101.143,6.772],[101.153,6.761],[101.185,6.761],[101.196,6.732],[101.208,6.723]]]]}},{"type":"Feature","id":527,"properties":{"id":527,"en":"Nong Don","th":"","prov":"","code":"19"},"geometry":{"type":"MultiPolygon","coordinates":[[[[100.748,14.657],[100.759,14.68],[100.738,14.679],[100.725,14.688],[100.714,14.71],[100.723,14.711],[100.725,14.729],[100.718,14.742],[100.708,14.745],[100.725,14.76],[100.689,14.759],[100.686,14.749],[100.672,14.743],[100.668,14.732],[100.665,14.735],[100.651,14.71],[100.655,14.699],[100.636,14.67],[100.64,14.669],[100.631,14.65],[100.641,14.636],[100.649,14.64],[100.662,14.634],[100.68,14.642],[100.674,14.657],[100.682,14.676],[100.701,14.672],[100.717,14.656],[100.748,14.657]]]]}},{"type":"Feature","id":528,"properties":{"id":528,"en":"Nong Han","th":"บ้านผือ","prov":"อุดรธานี","code":"41"},"geometry":{"type":"MultiPolygon","coordinates":[[[[103.254,17.318],[103.257,17.328],[103.271,17.333],[103.272,17.349],[103.302,17.39],[103.281,17.416],[103.281,17.432],[103.276,17.437],[103.267,17.431],[103.246,17.444],[103.214,17.444],[103.189,17.418],[103.156,17.417],[103.147,17.428],[103.15,17.442],[103.132,17.444],[103.151,17.479],[103.129,17.498],[103.121,17.496],[103.102,17.507],[103.092,17.498],[103.082,17.487],[103.092,17.479],[103.09,17.473],[103.051,17.455],[102.968,17.447],[102.954,17.454],[102.947,17.435],[102.954,17.424],[102.949,17.417],[102.951,17.403],[102.944,17.394],[102.94,17.347],[102.933,17.338],[102.959,17.304],[102.993,17.288],[103.02,17.264],[103.071,17.275],[103.081,17.257],[103.084,17.221],[103.102,17.213],[103.135,17.221],[103.148,17.212],[103.162,17.214],[103.171,17.236],[103.157,17.278],[103.185,17.319],[103.201,17.329],[103.205,17.343],[103.216,17.343],[103.254,17.318]]]]}},{"type":"Feature","id":529,"properties":{"id":529,"en":"Nong Hi","th":"","prov":"","code":"45"},"geometry":{"type":"MultiPolygon","coordinates":[[[[104.086,15.551],[104.076,15.575],[104.048,15.584],[104.037,15.61],[104.04,15.657],[104.022,15.658],[103.967,15.642],[103.967,15.628],[103.941,15.592],[103.945,15.578],[103.934,15.561],[103.94,15.552],[103.936,15.549],[103.944,15.55],[103.949,15.542],[103.954,15.55],[103.955,15.54],[103.962,15.536],[103.98,15.548],[103.986,15.538],[104.001,15.536],[104.005,15.526],[104.008,15.531],[104.012,15.526],[104.013,15.533],[104.021,15.523],[104.025,15.522],[104.024,15.528],[104.032,15.52],[104.039,15.523],[104.05,15.504],[104.06,15.502],[104.056,15.515],[104.066,15.524],[104.074,15.522],[104.078,15.533],[104.074,15.54],[104.086,15.551]]]]}},{"type":"Feature","id":530,"properties":{"id":530,"en":"Nong Hin","th":"หนองหิน","prov":"เลย","code":"42"},"geometry":{"type":"MultiPolygon","coordinates":[[[[101.91,17.135],[101.88,17.15],[101.859,17.142],[101.845,17.151],[101.839,17.146],[101.826,17.151],[101.824,17.156],[101.833,17.162],[101.83,17.173],[101.8,17.196],[101.784,17.166],[101.769,17.157],[101.77,17.148],[101.756,17.144],[101.769,17.127],[101.761,17.107],[101.761,17.086],[101.728,17.055],[101.716,17.06],[101.719,17.054],[101.707,17.016],[101.715,16.978],[101.743,16.995],[101.758,16.997],[101.768,17.008],[101.807,16.996],[101.812,17.011],[101.825,17.019],[101.824,17.05],[101.871,16.988],[101.89,17],[101.922,16.993],[101.931,17.005],[101.912,17.021],[101.918,17.038],[101.909,17.05],[101.921,17.063],[101.897,17.094],[101.91,17.135]]]]}},{"type":"Feature","id":531,"properties":{"id":531,"en":"Nong Hong","th":"","prov":"","code":"31"},"geometry":{"type":"MultiPolygon","coordinates":[[[[102.552,14.86],[102.57,14.84],[102.598,14.833],[102.596,14.802],[102.605,14.794],[102.641,14.799],[102.684,14.795],[102.718,14.818],[102.728,14.812],[102.75,14.812],[102.76,14.814],[102.761,14.823],[102.774,14.824],[102.773,14.83],[102.784,14.83],[102.79,14.845],[102.786,14.859],[102.793,14.884],[102.806,14.897],[102.79,14.907],[102.774,14.903],[102.769,14.908],[102.726,14.889],[102.71,14.888],[102.697,14.916],[102.697,14.934],[102.601,14.935],[102.573,14.957],[102.558,14.957],[102.546,14.947],[102.564,14.938],[102.568,14.927],[102.557,14.911],[102.544,14.904],[102.541,14.889],[102.551,14.88],[102.546,14.87],[102.552,14.86]]]]}},{"type":"Feature","id":532,"properties":{"id":532,"en":"Nong Khae","th":"หนองแค","prov":"สระบุรี","code":"19"},"geometry":{"type":"MultiPolygon","coordinates":[[[[100.845,14.459],[100.829,14.434],[100.793,14.443],[100.763,14.427],[100.768,14.423],[100.759,14.412],[100.771,14.407],[100.778,14.414],[100.781,14.398],[100.797,14.39],[100.785,14.38],[100.787,14.365],[100.793,14.364],[100.783,14.355],[100.781,14.341],[100.774,14.337],[100.778,14.328],[100.772,14.325],[100.776,14.319],[100.823,14.33],[100.821,14.243],[100.907,14.283],[100.907,14.3],[100.938,14.314],[100.92,14.346],[100.931,14.346],[100.932,14.36],[100.941,14.364],[100.962,14.398],[100.945,14.412],[100.948,14.423],[100.935,14.436],[100.929,14.46],[100.908,14.462],[100.878,14.445],[100.869,14.446],[100.869,14.455],[100.845,14.459]]]]}},{"type":"Feature","id":534,"properties":{"id":534,"en":"Nong Khayang","th":"หนองขาหย่าง","prov":"อุทัยธานี","code":"61"},"geometry":{"type":"MultiPolygon","coordinates":[[[[99.951,15.436],[99.934,15.429],[99.914,15.441],[99.912,15.43],[99.887,15.418],[99.892,15.405],[99.888,15.385],[99.898,15.371],[99.881,15.334],[99.895,15.325],[99.872,15.305],[99.883,15.287],[99.959,15.306],[99.967,15.298],[100.003,15.302],[100.026,15.29],[100.042,15.296],[100.031,15.305],[100.039,15.334],[100.018,15.33],[100.002,15.353],[100.006,15.361],[99.997,15.379],[99.976,15.385],[99.949,15.378],[99.932,15.386],[99.948,15.415],[99.951,15.436]]]]}},{"type":"Feature","id":535,"properties":{"id":535,"en":"Nong Ki","th":"หนองกี่","prov":"บุรีรัมย์","code":"31"},"geometry":{"type":"MultiPolygon","coordinates":[[[[102.458,14.835],[102.447,14.821],[102.445,14.801],[102.44,14.802],[102.444,14.779],[102.456,14.767],[102.472,14.763],[102.476,14.749],[102.477,14.731],[102.46,14.709],[102.475,14.655],[102.467,14.586],[102.496,14.565],[102.507,14.588],[102.528,14.598],[102.56,14.625],[102.583,14.62],[102.603,14.635],[102.606,14.647],[102.622,14.661],[102.618,14.677],[102.632,14.693],[102.644,14.726],[102.656,14.734],[102.666,14.748],[102.687,14.758],[102.699,14.774],[102.711,14.777],[102.711,14.8],[102.718,14.81],[102.728,14.81],[102.724,14.816],[102.684,14.795],[102.641,14.799],[102.605,14.794],[102.596,14.802],[102.598,14.833],[102.57,14.84],[102.552,14.86],[102.534,14.814],[102.504,14.802],[102.471,14.817],[102.458,14.835]]]]}},{"type":"Feature","id":536,"properties":{"id":536,"en":"Nong Kung Si","th":"","prov":"","code":"46"},"geometry":{"type":"MultiPolygon","coordinates":[[[[103.374,16.619],[103.412,16.607],[103.425,16.623],[103.447,16.616],[103.456,16.641],[103.446,16.663],[103.46,16.677],[103.455,16.692],[103.477,16.76],[103.469,16.775],[103.449,16.777],[103.413,16.808],[103.416,16.831],[103.409,16.85],[103.401,16.855],[103.38,16.828],[103.353,16.845],[103.337,16.839],[103.334,16.83],[103.319,16.828],[103.304,16.814],[103.287,16.819],[103.28,16.813],[103.256,16.809],[103.249,16.831],[103.228,16.842],[103.222,16.791],[103.175,16.784],[103.171,16.771],[103.2,16.739],[103.2,16.729],[103.194,16.727],[103.205,16.72],[103.207,16.699],[103.214,16.7],[103.216,16.679],[103.208,16.667],[103.218,16.661],[103.211,16.65],[103.231,16.643],[103.253,16.624],[103.266,16.626],[103.319,16.608],[103.374,16.619]]]]}},{"type":"Feature","id":537,"properties":{"id":537,"en":"Nong Mamong","th":"หนองมะโมง","prov":"ชัยนาท","code":"18"},"geometry":{"type":"MultiPolygon","coordinates":[[[[99.772,15.141],[99.809,15.142],[99.81,15.161],[99.824,15.168],[99.842,15.163],[99.886,15.175],[99.898,15.189],[99.892,15.21],[99.905,15.211],[99.94,15.239],[99.932,15.243],[99.936,15.257],[99.931,15.261],[99.94,15.268],[99.924,15.281],[99.936,15.283],[99.922,15.298],[99.886,15.287],[99.878,15.291],[99.879,15.299],[99.872,15.305],[99.851,15.311],[99.787,15.319],[99.757,15.312],[99.764,15.308],[99.764,15.299],[99.754,15.295],[99.738,15.266],[99.733,15.269],[99.727,15.25],[99.734,15.242],[99.73,15.213],[99.761,15.175],[99.749,15.165],[99.772,15.141]]]]}},{"type":"Feature","id":538,"properties":{"id":538,"en":"Nong Muang","th":"หนองม่วง","prov":"ลพบุรี","code":"16"},"geometry":{"type":"MultiPolygon","coordinates":[[[[100.636,15.141],[100.7,15.168],[100.716,15.183],[100.743,15.187],[100.767,15.171],[100.775,15.157],[100.773,15.195],[100.752,15.211],[100.767,15.217],[100.761,15.223],[100.761,15.237],[100.785,15.234],[100.824,15.282],[100.811,15.295],[100.809,15.31],[100.791,15.324],[100.735,15.341],[100.727,15.357],[100.733,15.368],[100.732,15.387],[100.725,15.388],[100.728,15.41],[100.695,15.439],[100.687,15.45],[100.676,15.451],[100.667,15.433],[100.659,15.435],[100.659,15.427],[100.644,15.418],[100.642,15.373],[100.632,15.362],[100.633,15.324],[100.622,15.319],[100.611,15.295],[100.593,15.288],[100.597,15.279],[100.591,15.268],[100.636,15.235],[100.649,15.204],[100.647,15.187],[100.628,15.184],[100.632,15.174],[100.622,15.143],[100.626,15.138],[100.636,15.141]]]]}},{"type":"Feature","id":539,"properties":{"id":539,"en":"Nong Muang Khai","th":"หนองม่วงไข่","prov":"แพร่","code":"54"},"geometry":{"type":"MultiPolygon","coordinates":[[[[100.09,18.277],[100.107,18.278],[100.109,18.27],[100.134,18.257],[100.149,18.258],[100.162,18.25],[100.165,18.236],[100.167,18.247],[100.178,18.245],[100.181,18.231],[100.19,18.233],[100.184,18.239],[100.198,18.246],[100.204,18.259],[100.229,18.269],[100.246,18.27],[100.249,18.26],[100.261,18.255],[100.279,18.261],[100.275,18.279],[100.264,18.289],[100.255,18.284],[100.232,18.295],[100.23,18.305],[100.205,18.318],[100.175,18.289],[100.161,18.297],[100.168,18.309],[100.161,18.318],[100.156,18.345],[100.127,18.349],[100.113,18.338],[100.095,18.358],[100.078,18.354],[100.072,18.336],[100.082,18.322],[100.075,18.31],[100.091,18.288],[100.09,18.277]]]]}},{"type":"Feature","id":540,"properties":{"id":540,"en":"Nong Na Kham","th":"","prov":"","code":"40"},"geometry":{"type":"MultiPolygon","coordinates":[[[[102.405,16.815],[102.394,16.816],[102.392,16.81],[102.378,16.818],[102.376,16.811],[102.361,16.817],[102.35,16.831],[102.343,16.818],[102.336,16.832],[102.34,16.837],[102.324,16.846],[102.332,16.849],[102.331,16.855],[102.317,16.855],[102.325,16.867],[102.312,16.868],[102.302,16.877],[102.307,16.884],[102.292,16.884],[102.295,16.892],[102.278,16.894],[102.254,16.895],[102.251,16.89],[102.249,16.878],[102.245,16.882],[102.243,16.875],[102.235,16.881],[102.213,16.86],[102.241,16.853],[102.268,16.833],[102.274,16.799],[102.283,16.784],[102.345,16.756],[102.361,16.733],[102.402,16.736],[102.407,16.743],[102.423,16.746],[102.426,16.776],[102.434,16.783],[102.428,16.791],[102.415,16.795],[102.416,16.805],[102.405,16.802],[102.405,16.815]]]]}},{"type":"Feature","id":541,"properties":{"id":541,"en":"Nong Phai","th":"หนองไผ่","prov":"เพชรบูรณ์","code":"67"},"geometry":{"type":"MultiPolygon","coordinates":[[[[101.364,15.931],[101.376,15.961],[101.378,15.991],[101.365,16.075],[101.346,16.069],[101.334,16.093],[101.344,16.157],[101.362,16.183],[101.377,16.185],[101.374,16.191],[101.358,16.192],[101.358,16.183],[101.343,16.183],[101.335,16.172],[101.324,16.187],[101.319,16.184],[101.312,16.191],[101.293,16.19],[101.271,16.176],[101.268,16.181],[101.249,16.18],[101.242,16.166],[101.227,16.172],[101.22,16.167],[101.207,16.171],[101.203,16.18],[101.196,16.179],[101.193,16.148],[101.165,16.142],[101.172,16.11],[101.161,16.108],[101.142,16.091],[101.132,16.104],[101.107,16.1],[101.084,16.151],[101.031,16.171],[101.021,16.17],[101.008,16.156],[100.99,16.17],[100.981,16.156],[100.986,16.143],[100.982,16.134],[100.973,16.146],[100.952,16.134],[100.944,16.137],[100.942,16.125],[100.926,16.133],[100.907,16.107],[100.931,16.076],[100.933,16.064],[100.946,16.072],[100.97,16.06],[100.982,16.066],[100.98,16.049],[100.989,16.042],[100.985,16.005],[100.973,15.996],[100.956,16.001],[100.931,15.986],[100.942,15.98],[100.928,15.979],[100.902,15.989],[100.894,15.967],[100.902,15.953],[100.888,15.947],[100.886,15.939],[100.901,15.897],[100.912,15.899],[100.926,15.892],[100.925,15.907],[100.94,15.9],[100.941,15.909],[100.958,15.911],[100.99,15.901],[101.001,15.909],[101.04,15.892],[101.043,15.882],[101.059,15.887],[101.064,15.871],[101.078,15.88],[101.137,15.867],[101.164,15.866],[101.21,15.893],[101.232,15.892],[101.241,15.912],[101.253,15.914],[101.278,15.932],[101.282,15.919],[101.277,15.914],[101.289,15.908],[101.299,15.921],[101.302,15.942],[101.364,15.931]]]]}},{"type":"Feature","id":542,"properties":{"id":542,"en":"Nong Phok","th":"","prov":"","code":"45"},"geometry":{"type":"MultiPolygon","coordinates":[[[[104.274,16.226],[104.298,16.24],[104.297,16.253],[104.311,16.255],[104.329,16.271],[104.344,16.291],[104.348,16.323],[104.325,16.334],[104.326,16.355],[104.315,16.393],[104.319,16.422],[104.31,16.454],[104.295,16.471],[104.29,16.472],[104.285,16.451],[104.27,16.438],[104.228,16.429],[104.187,16.383],[104.175,16.384],[104.162,16.374],[104.159,16.38],[104.151,16.378],[104.111,16.323],[104.082,16.316],[104.08,16.311],[104.071,16.314],[104.063,16.306],[104.077,16.279],[104.073,16.263],[104.078,16.25],[104.068,16.25],[104.077,16.245],[104.076,16.228],[104.085,16.235],[104.089,16.229],[104.122,16.223],[104.13,16.196],[104.155,16.201],[104.166,16.211],[104.176,16.209],[104.199,16.224],[104.196,16.21],[104.178,16.193],[104.183,16.179],[104.179,16.148],[104.198,16.15],[104.207,16.164],[104.211,16.157],[104.221,16.161],[104.247,16.193],[104.25,16.219],[104.274,16.226]]]]}},{"type":"Feature","id":543,"properties":{"id":543,"en":"Nong Prue","th":"หนองปรือ","prov":"กาญจนบุรี","code":"71"},"geometry":{"type":"MultiPolygon","coordinates":[[[[99.58,14.591],[99.554,14.602],[99.56,14.617],[99.542,14.64],[99.544,14.655],[99.533,14.668],[99.541,14.689],[99.542,14.716],[99.514,14.704],[99.508,14.709],[99.492,14.705],[99.485,14.708],[99.489,14.716],[99.481,14.715],[99.479,14.722],[99.475,14.716],[99.466,14.717],[99.459,14.729],[99.442,14.732],[99.445,14.741],[99.433,14.755],[99.433,14.776],[99.378,14.765],[99.342,14.784],[99.331,14.806],[99.31,14.813],[99.304,14.827],[99.295,14.832],[99.281,14.827],[99.261,14.837],[99.246,14.832],[99.239,14.822],[99.273,14.786],[99.27,14.766],[99.278,14.762],[99.277,14.753],[99.288,14.744],[99.283,14.737],[99.29,14.712],[99.287,14.702],[99.318,14.695],[99.338,14.703],[99.338,14.688],[99.352,14.675],[99.35,14.657],[99.319,14.634],[99.327,14.624],[99.339,14.622],[99.339,14.611],[99.347,14.604],[99.381,14.62],[99.401,14.617],[99.406,14.606],[99.398,14.592],[99.426,14.578],[99.424,14.553],[99.451,14.534],[99.493,14.536],[99.506,14.547],[99.524,14.545],[99.536,14.557],[99.548,14.558],[99.544,14.577],[99.568,14.592],[99.58,14.591]]]]}},{"type":"Feature","id":544,"properties":{"id":544,"en":"Nong Ruea","th":"","prov":"","code":"40"},"geometry":{"type":"MultiPolygon","coordinates":[[[[102.576,16.627],[102.558,16.624],[102.545,16.603],[102.557,16.565],[102.53,16.557],[102.532,16.551],[102.523,16.554],[102.518,16.539],[102.499,16.545],[102.491,16.537],[102.481,16.545],[102.468,16.545],[102.454,16.595],[102.424,16.605],[102.411,16.58],[102.38,16.584],[102.364,16.575],[102.328,16.571],[102.324,16.564],[102.301,16.567],[102.285,16.541],[102.292,16.511],[102.286,16.472],[102.288,16.466],[102.294,16.47],[102.3,16.465],[102.299,16.448],[102.318,16.456],[102.319,16.446],[102.341,16.448],[102.365,16.453],[102.365,16.438],[102.376,16.435],[102.383,16.445],[102.399,16.447],[102.394,16.459],[102.401,16.468],[102.41,16.447],[102.405,16.439],[102.418,16.42],[102.443,16.408],[102.449,16.397],[102.478,16.388],[102.5,16.359],[102.522,16.355],[102.549,16.385],[102.553,16.44],[102.573,16.504],[102.583,16.577],[102.576,16.627]]]]}},{"type":"Feature","id":545,"properties":{"id":545,"en":"Nong Saeng","th":"","prov":"","code":"19"},"geometry":{"type":"MultiPolygon","coordinates":[[[[100.85,14.521],[100.819,14.513],[100.806,14.527],[100.789,14.534],[100.75,14.518],[100.749,14.509],[100.76,14.494],[100.767,14.498],[100.772,14.494],[100.766,14.484],[100.774,14.481],[100.766,14.478],[100.77,14.465],[100.761,14.452],[100.775,14.431],[100.793,14.443],[100.829,14.434],[100.854,14.488],[100.85,14.521]]]]}},{"type":"Feature","id":546,"properties":{"id":546,"en":"Nong Saeng","th":"หนองแสง","prov":"อุดรธานี","code":"41"},"geometry":{"type":"MultiPolygon","coordinates":[[[[102.71,17.087],[102.735,17.103],[102.765,17.099],[102.759,17.084],[102.78,17.076],[102.815,17.04],[102.834,17.034],[102.85,17.033],[102.87,17.06],[102.878,17.056],[102.874,17.081],[102.887,17.086],[102.89,17.109],[102.878,17.118],[102.874,17.148],[102.885,17.155],[102.857,17.168],[102.842,17.217],[102.828,17.239],[102.8,17.245],[102.793,17.238],[102.785,17.216],[102.759,17.225],[102.75,17.219],[102.698,17.221],[102.692,17.213],[102.678,17.212],[102.674,17.204],[102.664,17.203],[102.642,17.173],[102.64,17.167],[102.657,17.151],[102.69,17.158],[102.686,17.143],[102.696,17.133],[102.694,17.106],[102.702,17.095],[102.7,17.087],[102.71,17.087]]]]}},{"type":"Feature","id":547,"properties":{"id":547,"en":"Nong Song Hong","th":"","prov":"","code":"40"},"geometry":{"type":"MultiPolygon","coordinates":[[[[102.838,15.637],[102.855,15.636],[102.872,15.663],[102.882,15.665],[102.884,15.672],[102.869,15.687],[102.876,15.706],[102.874,15.738],[102.881,15.747],[102.877,15.772],[102.897,15.786],[102.905,15.784],[102.93,15.796],[102.931,15.816],[102.908,15.808],[102.899,15.839],[102.86,15.859],[102.852,15.86],[102.851,15.852],[102.816,15.846],[102.802,15.851],[102.779,15.87],[102.781,15.877],[102.772,15.874],[102.764,15.882],[102.766,15.893],[102.747,15.903],[102.696,15.904],[102.709,15.867],[102.703,15.854],[102.695,15.847],[102.694,15.837],[102.709,15.814],[102.7,15.814],[102.692,15.803],[102.686,15.79],[102.689,15.78],[102.675,15.762],[102.679,15.728],[102.694,15.72],[102.69,15.703],[102.712,15.682],[102.717,15.666],[102.748,15.67],[102.748,15.662],[102.778,15.649],[102.777,15.634],[102.838,15.637]]]]}},{"type":"Feature","id":548,"properties":{"id":548,"en":"Nong Suea","th":"หนองเสือ","prov":"ปทุมธานี","code":"13"},"geometry":{"type":"MultiPolygon","coordinates":[[[[100.951,14.272],[100.892,14.244],[100.892,14.276],[100.755,14.211],[100.756,14.045],[100.914,14.1],[100.914,14.221],[100.946,14.237],[100.951,14.272]]]]}},{"type":"Feature","id":549,"properties":{"id":549,"en":"Nong Sung","th":"หนองสูง","prov":"มุกดาหาร","code":"49"},"geometry":{"type":"MultiPolygon","coordinates":[[[[104.221,16.542],[104.223,16.529],[104.241,16.518],[104.239,16.492],[104.226,16.479],[104.225,16.468],[104.239,16.455],[104.238,16.429],[104.246,16.436],[104.27,16.438],[104.285,16.451],[104.29,16.472],[104.31,16.454],[104.319,16.422],[104.315,16.393],[104.328,16.332],[104.348,16.323],[104.367,16.341],[104.388,16.349],[104.4,16.347],[104.414,16.383],[104.424,16.404],[104.456,16.426],[104.462,16.443],[104.474,16.449],[104.468,16.464],[104.451,16.474],[104.434,16.462],[104.391,16.47],[104.375,16.49],[104.375,16.497],[104.358,16.501],[104.355,16.511],[104.338,16.508],[104.301,16.537],[104.28,16.532],[104.256,16.535],[104.242,16.545],[104.221,16.542]]]]}},{"type":"Feature","id":550,"properties":{"id":550,"en":"Nong Wua So","th":"หนองวัวซอ","prov":"อุดรธานี","code":"41"},"geometry":{"type":"MultiPolygon","coordinates":[[[[102.7,17.087],[102.692,17.126],[102.696,17.133],[102.686,17.143],[102.69,17.158],[102.657,17.151],[102.64,17.167],[102.67,17.206],[102.667,17.228],[102.649,17.253],[102.661,17.267],[102.665,17.295],[102.629,17.325],[102.632,17.329],[102.623,17.342],[102.605,17.352],[102.599,17.375],[102.577,17.359],[102.544,17.356],[102.544,17.362],[102.529,17.363],[102.533,17.353],[102.529,17.351],[102.493,17.348],[102.46,17.343],[102.452,17.352],[102.438,17.338],[102.439,17.282],[102.462,17.287],[102.487,17.283],[102.502,17.272],[102.548,17.277],[102.561,17.269],[102.595,17.264],[102.585,17.241],[102.574,17.234],[102.538,17.226],[102.502,17.23],[102.491,17.219],[102.491,17.208],[102.469,17.203],[102.504,17.146],[102.522,17.096],[102.543,17.067],[102.648,17],[102.669,16.994],[102.682,17.017],[102.679,17.051],[102.696,17.066],[102.7,17.087]]]]}},{"type":"Feature","id":551,"properties":{"id":551,"en":"Nong Ya Plong","th":"หนองหญ้าปล้อง","prov":"เพชรบุรี","code":"76"},"geometry":{"type":"MultiPolygon","coordinates":[[[[99.21,13.208],[99.198,13.193],[99.194,13.197],[99.182,13.193],[99.175,13.203],[99.157,13.208],[99.132,13.203],[99.123,13.195],[99.124,13.182],[99.117,13.174],[99.134,13.165],[99.137,13.151],[99.13,13.142],[99.137,13.133],[99.128,13.115],[99.131,13.097],[99.118,13.096],[99.1,13.078],[99.104,13.063],[99.114,13.059],[99.126,13.038],[99.146,13.033],[99.148,13.027],[99.171,13.015],[99.18,12.993],[99.195,12.991],[99.188,12.976],[99.199,12.978],[99.213,13.001],[99.228,13.006],[99.243,13.023],[99.239,13.039],[99.263,13.033],[99.272,13.036],[99.272,13.051],[99.262,13.054],[99.241,13.09],[99.261,13.102],[99.273,13.1],[99.297,13.121],[99.337,13.143],[99.374,13.116],[99.384,13.1],[99.391,13.102],[99.402,13.067],[99.421,13.071],[99.436,13.066],[99.439,13.05],[99.432,13.048],[99.449,13.037],[99.447,13.024],[99.454,13.027],[99.456,13.018],[99.469,13.019],[99.478,13.032],[99.498,13.031],[99.516,13.048],[99.527,13.049],[99.533,13.047],[99.552,13.062],[99.561,13.062],[99.559,13.048],[99.569,13.043],[99.573,13.027],[99.583,13.044],[99.607,13.066],[99.625,13.04],[99.64,13.041],[99.646,13.032],[99.734,13.029],[99.735,13.037],[99.75,13.045],[99.749,13.061],[99.773,13.079],[99.777,13.091],[99.795,13.1],[99.796,13.118],[99.785,13.145],[99.789,13.156],[99.782,13.158],[99.791,13.18],[99.771,13.186],[99.765,13.204],[99.751,13.21],[99.755,13.226],[99.731,13.252],[99.732,13.261],[99.717,13.261],[99.716,13.271],[99.705,13.285],[99.692,13.287],[99.688,13.3],[99.684,13.292],[99.666,13.287],[99.661,13.279],[99.669,13.259],[99.664,13.254],[99.665,13.215],[99.642,13.212],[99.637,13.202],[99.603,13.206],[99.594,13.199],[99.579,13.198],[99.523,13.21],[99.507,13.18],[99.479,13.201],[99.464,13.184],[99.442,13.183],[99.428,13.198],[99.415,13.199],[99.399,13.218],[99.394,13.213],[99.372,13.221],[99.368,13.234],[99.358,13.233],[99.35,13.244],[99.335,13.221],[99.323,13.223],[99.319,13.203],[99.324,13.178],[99.272,13.149],[99.246,13.186],[99.228,13.203],[99.216,13.201],[99.21,13.208]]]]}},{"type":"Feature","id":552,"properties":{"id":552,"en":"Nong Ya Sai","th":"หนองหญ้าไซ","prov":"สุพรรณบุรี","code":"72"},"geometry":{"type":"MultiPolygon","coordinates":[[[[99.653,14.802],[99.659,14.803],[99.665,14.788],[99.678,14.784],[99.718,14.751],[99.756,14.747],[99.833,14.727],[99.874,14.7],[99.923,14.698],[99.953,14.682],[99.967,14.683],[99.984,14.69],[99.987,14.707],[99.977,14.722],[99.992,14.732],[99.981,14.744],[99.979,14.752],[99.985,14.757],[99.978,14.772],[99.945,14.776],[99.943,14.791],[99.954,14.801],[99.954,14.81],[99.976,14.816],[99.982,14.84],[99.952,14.848],[99.949,14.857],[99.937,14.858],[99.928,14.871],[99.909,14.872],[99.869,14.857],[99.839,14.854],[99.829,14.844],[99.813,14.848],[99.783,14.833],[99.764,14.833],[99.758,14.826],[99.742,14.824],[99.736,14.815],[99.685,14.823],[99.675,14.819],[99.662,14.825],[99.653,14.819],[99.653,14.802]]]]}},{"type":"Feature","id":553,"properties":{"id":553,"en":"Nong Yai","th":"","prov":"","code":"20"},"geometry":{"type":"MultiPolygon","coordinates":[[[[101.22,13.092],[101.22,13.078],[101.239,13.065],[101.26,13.075],[101.27,13.062],[101.292,13.057],[101.301,13.073],[101.327,13.084],[101.342,13.073],[101.364,13.045],[101.38,13.039],[101.394,13.025],[101.402,13.028],[101.408,13.023],[101.436,13.052],[101.47,13.026],[101.473,13.032],[101.464,13.042],[101.469,13.052],[101.477,13.048],[101.489,13.051],[101.485,13.058],[101.514,13.059],[101.512,13.067],[101.522,13.077],[101.53,13.071],[101.547,13.073],[101.537,13.088],[101.537,13.1],[101.519,13.122],[101.518,13.137],[101.501,13.151],[101.489,13.152],[101.46,13.14],[101.439,13.157],[101.437,13.149],[101.43,13.15],[101.351,13.26],[101.334,13.264],[101.318,13.282],[101.308,13.269],[101.321,13.245],[101.311,13.239],[101.299,13.212],[101.311,13.2],[101.3,13.186],[101.274,13.172],[101.258,13.184],[101.248,13.179],[101.251,13.147],[101.244,13.132],[101.251,13.127],[101.249,13.108],[101.256,13.094],[101.22,13.092]]]]}},{"type":"Feature","id":554,"properties":{"id":554,"en":"Nopphitam","th":"นบพิตำ","prov":"นครศรีธรรมราช","code":"80"},"geometry":{"type":"MultiPolygon","coordinates":[[[[99.522,8.719],[99.551,8.721],[99.56,8.709],[99.581,8.702],[99.595,8.709],[99.608,8.706],[99.623,8.69],[99.67,8.678],[99.68,8.658],[99.669,8.65],[99.677,8.638],[99.673,8.616],[99.688,8.618],[99.694,8.599],[99.702,8.593],[99.716,8.615],[99.761,8.612],[99.779,8.621],[99.78,8.628],[99.803,8.618],[99.812,8.623],[99.863,8.622],[99.861,8.633],[99.848,8.643],[99.853,8.688],[99.846,8.717],[99.823,8.723],[99.819,8.706],[99.801,8.71],[99.795,8.725],[99.807,8.731],[99.782,8.765],[99.769,8.787],[99.77,8.798],[99.758,8.812],[99.749,8.819],[99.732,8.818],[99.713,8.838],[99.696,8.847],[99.689,8.845],[99.681,8.858],[99.685,8.874],[99.676,8.875],[99.679,8.897],[99.642,8.92],[99.642,8.928],[99.633,8.922],[99.639,8.917],[99.626,8.912],[99.614,8.928],[99.604,8.928],[99.582,8.918],[99.573,8.891],[99.553,8.876],[99.559,8.851],[99.532,8.85],[99.518,8.836],[99.528,8.814],[99.521,8.767],[99.531,8.759],[99.522,8.719]]]]}},{"type":"Feature","id":555,"properties":{"id":555,"en":"Nuea Khlong","th":"เหนือคลอง","prov":"กระบี่","code":"81"},"geometry":{"type":"MultiPolygon","coordinates":[[[[98.997,7.792],[98.997,7.804],[98.993,7.801],[98.997,7.792]]],[[[98.994,7.82],[98.991,7.843],[98.985,7.839],[98.982,7.83],[98.988,7.815],[98.994,7.82]]],[[[98.957,7.858],[98.939,7.853],[98.935,7.837],[98.96,7.822],[98.985,7.783],[98.993,7.796],[98.984,7.803],[98.986,7.818],[98.975,7.851],[98.957,7.858]]],[[[99.047,7.879],[99.039,7.878],[99.047,7.877],[99.047,7.879]]],[[[99.022,7.884],[99.007,7.884],[99.003,7.865],[99.015,7.836],[99.031,7.841],[99.033,7.852],[99.04,7.861],[99.022,7.884]]],[[[99.055,7.884],[99.056,7.895],[99.05,7.887],[99.044,7.883],[99.055,7.884]]],[[[99.012,7.903],[99.008,7.919],[98.996,7.923],[99.003,7.906],[99.012,7.903]]],[[[98.988,7.927],[98.967,7.923],[98.989,7.851],[98.994,7.858],[98.992,7.882],[99.001,7.898],[98.988,7.927]]],[[[99.016,8.184],[98.998,8.143],[98.97,8.129],[98.962,8.074],[98.943,8.06],[98.954,8.05],[98.951,8.032],[98.96,8.023],[98.958,8],[98.944,7.994],[98.942,7.987],[98.973,7.933],[98.978,7.94],[98.992,7.941],[99.013,7.928],[99.027,7.89],[99.064,7.905],[99.058,7.878],[99.068,7.876],[99.084,7.911],[99.082,7.92],[99.07,7.916],[99.069,7.925],[99.08,7.942],[99.102,7.953],[99.102,7.989],[99.095,8.01],[99.099,8.027],[99.091,8.032],[99.091,8.047],[99.098,8.052],[99.108,8.087],[99.099,8.103],[99.117,8.126],[99.118,8.133],[99.111,8.136],[99.124,8.161],[99.142,8.169],[99.144,8.176],[99.152,8.174],[99.159,8.181],[99.148,8.179],[99.148,8.184],[99.129,8.189],[99.13,8.22],[99.116,8.235],[99.098,8.231],[99.098,8.212],[99.09,8.208],[99.08,8.177],[99.042,8.164],[99.03,8.149],[99.013,8.162],[99.016,8.184]]]]}},{"type":"Feature","id":556,"properties":{"id":556,"en":"Omkoi","th":"อมก๋อย","prov":"เชียงใหม่","code":"50"},"geometry":{"type":"MultiPolygon","coordinates":[[[[98.483,17.91],[98.462,17.946],[98.403,18.004],[98.412,18.016],[98.408,18.024],[98.385,18.041],[98.355,18.037],[98.339,18.048],[98.331,18.044],[98.335,18.041],[98.329,18.034],[98.316,18.028],[98.305,18.037],[98.259,18.039],[98.24,18.013],[98.246,17.99],[98.184,17.981],[98.18,17.972],[98.162,17.97],[98.144,17.935],[98.133,17.946],[98.122,17.946],[98.09,17.963],[98.023,17.936],[98.017,17.92],[98.012,17.927],[98.01,17.896],[98.027,17.889],[98.032,17.876],[98.054,17.87],[98.06,17.858],[98.07,17.853],[98.073,17.829],[98.088,17.808],[98.109,17.793],[98.115,17.798],[98.132,17.797],[98.147,17.777],[98.135,17.76],[98.14,17.749],[98.149,17.746],[98.153,17.73],[98.145,17.683],[98.123,17.658],[98.089,17.637],[98.102,17.623],[98.099,17.614],[98.107,17.611],[98.103,17.6],[98.11,17.593],[98.109,17.582],[98.128,17.568],[98.129,17.553],[98.136,17.542],[98.167,17.548],[98.178,17.537],[98.209,17.54],[98.239,17.55],[98.265,17.579],[98.298,17.575],[98.302,17.567],[98.298,17.554],[98.308,17.543],[98.306,17.533],[98.314,17.527],[98.315,17.505],[98.327,17.49],[98.33,17.47],[98.319,17.445],[98.326,17.429],[98.322,17.417],[98.292,17.407],[98.319,17.38],[98.317,17.367],[98.334,17.348],[98.332,17.33],[98.317,17.322],[98.322,17.311],[98.34,17.296],[98.363,17.288],[98.358,17.274],[98.392,17.242],[98.398,17.252],[98.421,17.253],[98.442,17.271],[98.454,17.269],[98.461,17.276],[98.479,17.278],[98.49,17.27],[98.502,17.28],[98.518,17.282],[98.532,17.275],[98.545,17.283],[98.574,17.284],[98.578,17.3],[98.557,17.294],[98.556,17.314],[98.561,17.322],[98.555,17.338],[98.562,17.352],[98.537,17.362],[98.556,17.397],[98.558,17.427],[98.546,17.434],[98.546,17.446],[98.528,17.454],[98.518,17.48],[98.524,17.496],[98.519,17.511],[98.526,17.519],[98.528,17.537],[98.55,17.559],[98.564,17.562],[98.578,17.575],[98.567,17.596],[98.532,17.621],[98.522,17.681],[98.525,17.707],[98.503,17.761],[98.51,17.789],[98.493,17.802],[98.479,17.842],[98.457,17.84],[98.452,17.848],[98.438,17.853],[98.43,17.867],[98.432,17.891],[98.44,17.898],[98.453,17.892],[98.469,17.907],[98.483,17.91]]]]}},{"type":"Feature","id":557,"properties":{"id":557,"en":"Ongkharak","th":"องครักษ์","prov":"นครนายก","code":"26"},"geometry":{"type":"MultiPolygon","coordinates":[[[[100.946,14.237],[100.914,14.221],[100.914,13.961],[101.045,13.977],[101.142,13.971],[101.139,14.001],[101.146,13.996],[101.156,14.004],[101.165,14.002],[101.165,14.008],[101.17,14.004],[101.173,14.012],[101.152,14.011],[101.123,14.053],[101.112,14.054],[101.112,14.091],[101.066,14.147],[101.051,14.132],[101.033,14.175],[101.02,14.19],[101.013,14.185],[101.002,14.196],[100.998,14.192],[100.984,14.218],[100.979,14.215],[100.966,14.223],[100.959,14.243],[100.946,14.237]]]]}},{"type":"Feature","id":558,"properties":{"id":558,"en":"Pa Bon","th":"ป่าบอน","prov":"พัทลุง","code":"93"},"geometry":{"type":"MultiPolygon","coordinates":[[[[100.135,7.359],[100.129,7.335],[100.117,7.317],[100.123,7.297],[100.112,7.294],[100.123,7.284],[100.124,7.269],[100.111,7.263],[100.095,7.265],[100.084,7.236],[100.051,7.217],[100.049,7.199],[100.009,7.214],[99.999,7.208],[99.982,7.216],[99.973,7.211],[99.968,7.199],[99.958,7.199],[99.957,7.189],[99.961,7.171],[99.969,7.166],[99.972,7.15],[99.979,7.147],[99.99,7.125],[100,7.112],[100.026,7.103],[100.028,7.09],[100.038,7.109],[100.068,7.112],[100.06,7.126],[100.062,7.137],[100.075,7.147],[100.096,7.152],[100.106,7.163],[100.121,7.166],[100.136,7.152],[100.16,7.152],[100.175,7.175],[100.224,7.194],[100.258,7.197],[100.28,7.211],[100.305,7.209],[100.317,7.231],[100.307,7.247],[100.293,7.24],[100.265,7.245],[100.251,7.232],[100.236,7.251],[100.236,7.262],[100.221,7.255],[100.198,7.257],[100.201,7.269],[100.216,7.279],[100.216,7.29],[100.227,7.288],[100.231,7.295],[100.236,7.289],[100.237,7.298],[100.253,7.302],[100.257,7.309],[100.228,7.351],[100.212,7.362],[100.196,7.382],[100.181,7.377],[100.156,7.353],[100.135,7.359]]]]}},{"type":"Feature","id":559,"properties":{"id":559,"en":"Pa Daet","th":"ป่าแดด","prov":"เชียงราย","code":"57"},"geometry":{"type":"MultiPolygon","coordinates":[[[[100.066,19.51],[100.043,19.538],[100.036,19.534],[100.022,19.542],[100.02,19.559],[100.011,19.563],[100.001,19.591],[99.986,19.588],[99.982,19.568],[99.964,19.57],[99.952,19.576],[99.951,19.591],[99.959,19.61],[99.95,19.623],[99.924,19.622],[99.917,19.615],[99.918,19.605],[99.905,19.573],[99.918,19.53],[99.913,19.439],[99.92,19.406],[99.948,19.429],[99.992,19.429],[99.998,19.436],[100.011,19.426],[100.01,19.439],[100.027,19.436],[100.04,19.445],[100.051,19.441],[100.052,19.431],[100.072,19.434],[100.065,19.442],[100.07,19.458],[100.066,19.51]]]]}},{"type":"Feature","id":560,"properties":{"id":560,"en":"Pa Mok","th":"ป่าโมก","prov":"อ่างทอง","code":"15"},"geometry":{"type":"MultiPolygon","coordinates":[[[[100.497,14.46],[100.491,14.488],[100.5,14.502],[100.491,14.515],[100.499,14.52],[100.492,14.532],[100.478,14.528],[100.474,14.536],[100.466,14.535],[100.458,14.518],[100.449,14.518],[100.426,14.523],[100.426,14.532],[100.411,14.538],[100.404,14.54],[100.4,14.507],[100.411,14.506],[100.427,14.493],[100.416,14.477],[100.42,14.447],[100.436,14.449],[100.462,14.439],[100.497,14.46]]]]}},{"type":"Feature","id":561,"properties":{"id":561,"en":"Pa Phayom","th":"ป่าพะยอม","prov":"พัทลุง","code":"93"},"geometry":{"type":"MultiPolygon","coordinates":[[[[99.738,7.859],[99.733,7.849],[99.752,7.832],[99.758,7.804],[99.771,7.789],[99.767,7.769],[99.784,7.759],[99.781,7.753],[99.788,7.744],[99.794,7.757],[99.805,7.761],[99.815,7.755],[99.831,7.762],[99.841,7.747],[99.852,7.764],[99.907,7.762],[99.933,7.796],[99.959,7.802],[99.964,7.797],[99.98,7.801],[99.994,7.845],[99.981,7.847],[99.985,7.863],[99.966,7.877],[99.962,7.906],[99.923,7.865],[99.883,7.893],[99.868,7.887],[99.842,7.891],[99.82,7.884],[99.808,7.893],[99.8,7.883],[99.778,7.876],[99.761,7.859],[99.738,7.859]]]]}},{"type":"Feature","id":562,"properties":{"id":562,"en":"Pa Sang","th":"ป่าซาง","prov":"ลำพูน","code":"51"},"geometry":{"type":"MultiPolygon","coordinates":[[[[98.904,18.275],[98.926,18.281],[98.933,18.274],[98.963,18.281],[98.938,18.296],[98.922,18.334],[98.933,18.352],[98.929,18.363],[98.942,18.374],[98.94,18.387],[98.932,18.39],[98.943,18.398],[98.939,18.422],[98.951,18.437],[98.949,18.465],[98.956,18.478],[98.944,18.496],[98.947,18.513],[98.941,18.523],[98.941,18.541],[98.915,18.536],[98.882,18.514],[98.868,18.515],[98.859,18.501],[98.846,18.499],[98.838,18.485],[98.816,18.472],[98.814,18.462],[98.805,18.463],[98.798,18.453],[98.778,18.45],[98.787,18.437],[98.799,18.438],[98.799,18.419],[98.811,18.415],[98.809,18.41],[98.833,18.38],[98.842,18.357],[98.87,18.345],[98.872,18.307],[98.9,18.302],[98.907,18.292],[98.904,18.275]]]]}},{"type":"Feature","id":563,"properties":{"id":563,"en":"Pa Tio","th":"ป่าติ้ว","prov":"ยโสธร","code":"35"},"geometry":{"type":"MultiPolygon","coordinates":[[[[104.433,15.779],[104.431,15.793],[104.441,15.805],[104.436,15.812],[104.461,15.843],[104.449,15.868],[104.457,15.876],[104.452,15.882],[104.46,15.897],[104.455,15.901],[104.468,15.903],[104.469,15.918],[104.505,15.951],[104.505,15.973],[104.499,15.978],[104.483,15.971],[104.471,15.985],[104.458,15.983],[104.452,15.994],[104.439,15.992],[104.424,15.976],[104.437,15.967],[104.412,15.947],[104.41,15.932],[104.393,15.912],[104.355,15.883],[104.363,15.874],[104.344,15.847],[104.308,15.841],[104.283,15.825],[104.282,15.798],[104.27,15.762],[104.279,15.761],[104.292,15.773],[104.307,15.744],[104.319,15.744],[104.332,15.761],[104.352,15.744],[104.375,15.738],[104.38,15.743],[104.393,15.74],[104.397,15.751],[104.419,15.746],[104.434,15.752],[104.426,15.772],[104.433,15.779]]]]}},{"type":"Feature","id":564,"properties":{"id":564,"en":"Pai","th":"ปาย","prov":"แม่ฮ่องสอน","code":"58"},"geometry":{"type":"MultiPolygon","coordinates":[[[[98.585,19.423],[98.585,19.444],[98.6,19.47],[98.594,19.493],[98.576,19.512],[98.568,19.508],[98.562,19.531],[98.566,19.547],[98.542,19.559],[98.536,19.602],[98.54,19.611],[98.527,19.614],[98.521,19.626],[98.504,19.631],[98.481,19.655],[98.472,19.656],[98.467,19.692],[98.461,19.698],[98.414,19.693],[98.393,19.704],[98.37,19.69],[98.323,19.699],[98.309,19.688],[98.337,19.678],[98.332,19.668],[98.371,19.648],[98.381,19.593],[98.363,19.57],[98.363,19.556],[98.341,19.541],[98.342,19.48],[98.32,19.452],[98.314,19.421],[98.339,19.398],[98.316,19.392],[98.296,19.402],[98.281,19.391],[98.249,19.39],[98.241,19.382],[98.221,19.394],[98.199,19.375],[98.179,19.381],[98.157,19.374],[98.145,19.339],[98.129,19.331],[98.125,19.328],[98.135,19.278],[98.128,19.262],[98.151,19.267],[98.167,19.259],[98.162,19.247],[98.17,19.225],[98.159,19.2],[98.177,19.186],[98.179,19.177],[98.201,19.17],[98.22,19.153],[98.243,19.154],[98.252,19.161],[98.265,19.152],[98.32,19.156],[98.342,19.152],[98.339,19.143],[98.35,19.132],[98.343,19.123],[98.353,19.091],[98.372,19.085],[98.373,19.067],[98.393,19.055],[98.401,19.036],[98.421,19.027],[98.44,19.049],[98.542,19.026],[98.568,19.046],[98.582,19.049],[98.594,19.043],[98.618,19.066],[98.638,19.066],[98.652,19.094],[98.644,19.105],[98.638,19.155],[98.623,19.158],[98.623,19.168],[98.608,19.173],[98.606,19.181],[98.586,19.186],[98.568,19.21],[98.599,19.23],[98.587,19.255],[98.605,19.28],[98.594,19.289],[98.602,19.31],[98.589,19.332],[98.594,19.34],[98.59,19.353],[98.597,19.363],[98.582,19.366],[98.573,19.387],[98.577,19.399],[98.588,19.398],[98.596,19.407],[98.586,19.415],[98.585,19.423]]]]}},{"type":"Feature","id":565,"properties":{"id":565,"en":"Pak Chom","th":"ปากชม","prov":"เลย","code":"42"},"geometry":{"type":"MultiPolygon","coordinates":[[[[101.902,17.73],[101.901,17.705],[101.913,17.699],[101.913,17.654],[101.927,17.67],[101.951,17.681],[101.965,17.661],[101.979,17.661],[102.004,17.639],[102.011,17.644],[102.024,17.635],[102.037,17.642],[102.039,17.664],[102.026,17.677],[102.03,17.7],[102.018,17.748],[102.03,17.786],[102.046,17.79],[102.037,17.806],[102.047,17.819],[102.052,17.872],[102.038,17.886],[102.039,17.908],[102.024,17.956],[102.027,17.969],[102.016,17.981],[102.026,17.991],[102.042,17.989],[102.037,18.023],[102.054,18.036],[102.052,18.076],[102.068,18.142],[102.087,18.16],[102.102,18.163],[102.106,18.214],[102.085,18.22],[102.043,18.199],[102.025,18.152],[101.995,18.124],[101.982,18.121],[101.962,18.103],[101.954,18.104],[101.953,18.092],[101.939,18.082],[101.904,18.03],[101.88,18.027],[101.825,18.06],[101.795,18.065],[101.787,18.072],[101.778,18.066],[101.78,18.054],[101.795,18.048],[101.792,18.026],[101.802,18.022],[101.807,18.008],[101.818,18.002],[101.829,18.007],[101.832,18],[101.848,18.003],[101.846,17.996],[101.857,17.987],[101.856,17.979],[101.843,17.966],[101.85,17.949],[101.841,17.908],[101.853,17.89],[101.837,17.868],[101.853,17.847],[101.849,17.829],[101.861,17.809],[101.856,17.792],[101.864,17.767],[101.883,17.768],[101.874,17.759],[101.878,17.743],[101.897,17.738],[101.902,17.73]]]]}},{"type":"Feature","id":566,"properties":{"id":566,"en":"Pak Chong","th":"ปากช่อง","prov":"นครราชสีมา","code":"30"},"geometry":{"type":"MultiPolygon","coordinates":[[[[101.243,14.471],[101.244,14.489],[101.273,14.512],[101.284,14.502],[101.284,14.489],[101.306,14.498],[101.312,14.471],[101.366,14.449],[101.37,14.438],[101.382,14.434],[101.38,14.424],[101.396,14.419],[101.397,14.408],[101.422,14.384],[101.432,14.389],[101.447,14.421],[101.436,14.446],[101.47,14.46],[101.488,14.462],[101.503,14.44],[101.529,14.426],[101.541,14.425],[101.547,14.436],[101.595,14.442],[101.61,14.438],[101.629,14.422],[101.643,14.421],[101.647,14.434],[101.64,14.473],[101.647,14.486],[101.664,14.48],[101.677,14.49],[101.677,14.473],[101.687,14.471],[101.69,14.478],[101.696,14.471],[101.693,14.466],[101.707,14.457],[101.716,14.455],[101.732,14.466],[101.735,14.472],[101.729,14.478],[101.744,14.501],[101.716,14.505],[101.724,14.528],[101.731,14.532],[101.714,14.532],[101.689,14.573],[101.673,14.576],[101.684,14.582],[101.68,14.592],[101.689,14.615],[101.685,14.626],[101.704,14.624],[101.709,14.636],[101.72,14.632],[101.732,14.644],[101.725,14.651],[101.723,14.672],[101.711,14.675],[101.708,14.685],[101.693,14.683],[101.655,14.702],[101.642,14.717],[101.617,14.714],[101.611,14.741],[101.602,14.752],[101.578,14.757],[101.57,14.768],[101.547,14.777],[101.552,14.811],[101.562,14.828],[101.559,14.845],[101.548,14.85],[101.516,14.832],[101.492,14.842],[101.451,14.903],[101.455,14.877],[101.45,14.857],[101.415,14.844],[101.389,14.813],[101.338,14.787],[101.334,14.766],[101.328,14.759],[101.305,14.757],[101.299,14.737],[101.292,14.736],[101.283,14.745],[101.281,14.726],[101.263,14.733],[101.232,14.732],[101.211,14.757],[101.208,14.751],[101.199,14.756],[101.198,14.749],[101.189,14.749],[101.194,14.731],[101.185,14.722],[101.186,14.711],[101.195,14.705],[101.204,14.683],[101.199,14.664],[101.208,14.633],[101.204,14.607],[101.216,14.59],[101.194,14.562],[101.195,14.554],[101.185,14.552],[101.181,14.544],[101.19,14.528],[101.195,14.531],[101.21,14.52],[101.243,14.471]]]]}},{"type":"Feature","id":567,"properties":{"id":567,"en":"Pak Khat","th":"","prov":"","code":"38"},"geometry":{"type":"MultiPolygon","coordinates":[[[[103.327,18.434],[103.311,18.434],[103.296,18.424],[103.282,18.403],[103.244,18.368],[103.244,18.352],[103.252,18.338],[103.289,18.324],[103.301,18.303],[103.295,18.295],[103.299,18.289],[103.294,18.289],[103.297,18.28],[103.29,18.278],[103.295,18.272],[103.286,18.273],[103.286,18.265],[103.276,18.269],[103.267,18.26],[103.261,18.266],[103.259,18.249],[103.265,18.249],[103.261,18.244],[103.271,18.235],[103.281,18.235],[103.329,18.211],[103.341,18.195],[103.342,18.176],[103.361,18.172],[103.364,18.165],[103.381,18.167],[103.382,18.176],[103.394,18.179],[103.411,18.157],[103.41,18.168],[103.421,18.169],[103.416,18.184],[103.439,18.199],[103.436,18.227],[103.424,18.245],[103.41,18.247],[103.409,18.256],[103.4,18.255],[103.39,18.275],[103.4,18.281],[103.396,18.294],[103.38,18.305],[103.376,18.325],[103.362,18.33],[103.366,18.34],[103.356,18.349],[103.362,18.367],[103.334,18.368],[103.322,18.383],[103.316,18.378],[103.307,18.381],[103.327,18.434]]]]}},{"type":"Feature","id":568,"properties":{"id":568,"en":"Pak Kret","th":"ปากเกร็ด","prov":"นนทบุรี","code":"12"},"geometry":{"type":"MultiPolygon","coordinates":[[[[100.45,13.889],[100.474,13.892],[100.485,13.885],[100.497,13.895],[100.55,13.878],[100.568,13.951],[100.539,13.956],[100.532,13.945],[100.5,13.937],[100.461,13.976],[100.453,13.967],[100.434,13.981],[100.382,13.995],[100.38,13.989],[100.417,13.983],[100.451,13.948],[100.442,13.932],[100.441,13.921],[100.446,13.92],[100.439,13.899],[100.448,13.898],[100.45,13.889]]]]}},{"type":"Feature","id":569,"properties":{"id":569,"en":"Pak Phanang","th":"ปากพนัง","prov":"นครศรีธรรมราช","code":"80"},"geometry":{"type":"MultiPolygon","coordinates":[[[[100.078,8.225],[100.127,8.207],[100.132,8.222],[100.16,8.219],[100.178,8.23],[100.192,8.219],[100.204,8.218],[100.212,8.202],[100.257,8.196],[100.259,8.173],[100.295,8.171],[100.259,8.317],[100.223,8.421],[100.197,8.473],[100.168,8.504],[100.148,8.516],[100.113,8.519],[100.163,8.5],[100.165,8.484],[100.147,8.443],[100.153,8.414],[100.173,8.388],[100.154,8.391],[100.138,8.388],[100.108,8.41],[100.089,8.415],[100.096,8.399],[100.087,8.363],[100.079,8.359],[100.077,8.336],[100.054,8.336],[100.055,8.324],[100.044,8.308],[100.048,8.292],[100.032,8.251],[100.019,8.248],[100.057,8.219],[100.072,8.234],[100.078,8.225]]]]}},{"type":"Feature","id":570,"properties":{"id":570,"en":"Pak Phayun","th":"ปากพะยูน","prov":"พัทลุง","code":"93"},"geometry":{"type":"MultiPolygon","coordinates":[[[[100.196,7.382],[100.212,7.362],[100.228,7.351],[100.257,7.309],[100.253,7.302],[100.237,7.298],[100.236,7.289],[100.231,7.295],[100.227,7.288],[100.216,7.29],[100.216,7.279],[100.201,7.269],[100.198,7.257],[100.221,7.255],[100.236,7.262],[100.236,7.251],[100.251,7.232],[100.265,7.245],[100.293,7.24],[100.307,7.247],[100.313,7.235],[100.317,7.231],[100.335,7.239],[100.342,7.251],[100.342,7.275],[100.36,7.278],[100.357,7.298],[100.374,7.304],[100.377,7.313],[100.384,7.277],[100.401,7.263],[100.427,7.283],[100.429,7.309],[100.411,7.34],[100.399,7.4],[100.383,7.425],[100.386,7.512],[100.356,7.528],[100.296,7.495],[100.273,7.497],[100.282,7.437],[100.259,7.417],[100.23,7.414],[100.221,7.403],[100.191,7.394],[100.196,7.382]]]]}},{"type":"Feature","id":571,"properties":{"id":571,"en":"Pak Phli","th":"ปากพลี","prov":"นครนายก","code":"26"},"geometry":{"type":"MultiPolygon","coordinates":[[[[101.278,14.055],[101.321,14.077],[101.309,14.096],[101.304,14.12],[101.286,14.134],[101.29,14.153],[101.311,14.164],[101.315,14.173],[101.328,14.175],[101.346,14.197],[101.383,14.211],[101.387,14.22],[101.379,14.239],[101.381,14.273],[101.396,14.273],[101.413,14.254],[101.452,14.256],[101.484,14.27],[101.501,14.269],[101.5,14.299],[101.505,14.309],[101.494,14.318],[101.496,14.334],[101.483,14.347],[101.476,14.365],[101.453,14.381],[101.426,14.39],[101.404,14.367],[101.37,14.353],[101.346,14.361],[101.344,14.348],[101.335,14.343],[101.344,14.326],[101.337,14.307],[101.346,14.296],[101.339,14.269],[101.322,14.259],[101.323,14.249],[101.314,14.242],[101.295,14.238],[101.29,14.211],[101.279,14.193],[101.269,14.188],[101.26,14.195],[101.241,14.191],[101.228,14.183],[101.229,14.173],[101.215,14.164],[101.211,14.15],[101.207,14.155],[101.197,14.151],[101.203,14.15],[101.199,14.142],[101.204,14.14],[101.197,14.134],[101.208,14.12],[101.198,14.105],[101.183,14.099],[101.19,14.094],[101.19,14.083],[101.178,14.077],[101.203,14.043],[101.214,14.056],[101.227,14.052],[101.259,14.062],[101.278,14.055]]]]}},{"type":"Feature","id":572,"properties":{"id":572,"en":"Pak Tho","th":"ปากท่อ","prov":"ราชบุรี","code":"70"},"geometry":{"type":"MultiPolygon","coordinates":[[[[99.884,13.416],[99.859,13.417],[99.851,13.406],[99.842,13.406],[99.842,13.428],[99.859,13.448],[99.846,13.452],[99.845,13.46],[99.834,13.46],[99.834,13.449],[99.828,13.453],[99.813,13.446],[99.746,13.449],[99.735,13.471],[99.716,13.483],[99.692,13.479],[99.684,13.502],[99.656,13.504],[99.637,13.515],[99.624,13.501],[99.601,13.511],[99.577,13.5],[99.575,13.469],[99.567,13.465],[99.565,13.444],[99.538,13.438],[99.534,13.434],[99.544,13.425],[99.542,13.418],[99.529,13.418],[99.52,13.405],[99.52,13.392],[99.527,13.385],[99.522,13.38],[99.528,13.373],[99.522,13.37],[99.526,13.355],[99.517,13.317],[99.509,13.316],[99.499,13.302],[99.517,13.284],[99.511,13.246],[99.529,13.207],[99.546,13.203],[99.552,13.208],[99.579,13.198],[99.594,13.199],[99.603,13.206],[99.637,13.202],[99.642,13.212],[99.665,13.215],[99.664,13.254],[99.669,13.259],[99.661,13.279],[99.666,13.287],[99.684,13.292],[99.701,13.318],[99.757,13.343],[99.782,13.332],[99.804,13.329],[99.809,13.34],[99.829,13.34],[99.856,13.329],[99.884,13.416]]]]}},{"type":"Feature","id":573,"properties":{"id":573,"en":"Pak Thong Chai","th":"ปักธงชัย","prov":"นครราชสีมา","code":"30"},"geometry":{"type":"MultiPolygon","coordinates":[[[[102.107,14.791],[102.093,14.795],[102.044,14.845],[102.031,14.843],[102.028,14.837],[101.99,14.839],[101.98,14.816],[101.969,14.809],[101.968,14.823],[101.962,14.822],[101.958,14.807],[101.922,14.77],[101.892,14.762],[101.905,14.742],[101.915,14.741],[101.914,14.734],[101.9,14.727],[101.897,14.718],[101.887,14.723],[101.878,14.72],[101.882,14.712],[101.872,14.702],[101.858,14.704],[101.854,14.69],[101.845,14.694],[101.836,14.687],[101.815,14.686],[101.808,14.697],[101.779,14.701],[101.772,14.719],[101.749,14.732],[101.737,14.733],[101.716,14.724],[101.703,14.707],[101.711,14.675],[101.723,14.672],[101.725,14.651],[101.744,14.64],[101.757,14.622],[101.754,14.605],[101.768,14.603],[101.78,14.608],[101.787,14.609],[101.784,14.6],[101.756,14.546],[101.765,14.538],[101.764,14.518],[101.773,14.517],[101.78,14.506],[101.781,14.517],[101.803,14.505],[101.813,14.511],[101.831,14.507],[101.835,14.516],[101.857,14.499],[101.873,14.499],[101.893,14.536],[101.915,14.548],[101.947,14.548],[101.95,14.556],[101.97,14.569],[101.99,14.566],[101.996,14.583],[102.013,14.579],[102.016,14.564],[102.047,14.545],[102.098,14.595],[102.094,14.602],[102.1,14.626],[102.131,14.64],[102.124,14.654],[102.131,14.663],[102.128,14.678],[102.136,14.681],[102.136,14.698],[102.124,14.712],[102.114,14.713],[102.117,14.752],[102.107,14.791]]]]}},{"type":"Feature","id":574,"properties":{"id":574,"en":"Pakham","th":"ปะคำ","prov":"บุรีรัมย์","code":"31"},"geometry":{"type":"MultiPolygon","coordinates":[[[[102.767,14.461],[102.754,14.461],[102.747,14.486],[102.738,14.496],[102.71,14.483],[102.684,14.493],[102.655,14.486],[102.637,14.496],[102.611,14.494],[102.599,14.448],[102.583,14.446],[102.569,14.427],[102.563,14.375],[102.569,14.362],[102.583,14.358],[102.587,14.335],[102.603,14.323],[102.621,14.32],[102.643,14.327],[102.693,14.297],[102.706,14.308],[102.735,14.352],[102.746,14.357],[102.756,14.409],[102.783,14.424],[102.757,14.44],[102.767,14.461]]]]}},{"type":"Feature","id":575,"properties":{"id":575,"en":"Palian","th":"ปะเหลียน","prov":"ตรัง","code":"92"},"geometry":{"type":"MultiPolygon","coordinates":[[[[99.555,7.127],[99.566,7.093],[99.592,7.09],[99.608,7.08],[99.616,7.081],[99.597,7.104],[99.584,7.113],[99.572,7.112],[99.555,7.127]]],[[[99.7,7.124],[99.702,7.131],[99.697,7.126],[99.7,7.124]]],[[[99.642,7.166],[99.66,7.165],[99.671,7.125],[99.668,7.114],[99.699,7.131],[99.721,7.128],[99.735,7.136],[99.764,7.124],[99.785,7.127],[99.789,7.14],[99.799,7.129],[99.831,7.138],[99.844,7.162],[99.86,7.173],[99.871,7.171],[99.891,7.187],[99.935,7.19],[99.949,7.204],[99.947,7.223],[99.932,7.245],[99.947,7.266],[99.941,7.281],[99.939,7.317],[99.912,7.32],[99.9,7.351],[99.841,7.373],[99.822,7.37],[99.819,7.377],[99.811,7.376],[99.8,7.365],[99.787,7.364],[99.78,7.344],[99.774,7.336],[99.754,7.345],[99.75,7.355],[99.743,7.35],[99.739,7.358],[99.721,7.355],[99.715,7.364],[99.704,7.36],[99.697,7.372],[99.66,7.368],[99.652,7.358],[99.655,7.338],[99.647,7.334],[99.632,7.356],[99.615,7.358],[99.599,7.349],[99.581,7.362],[99.568,7.321],[99.629,7.298],[99.635,7.279],[99.642,7.28],[99.64,7.248],[99.613,7.208],[99.636,7.182],[99.642,7.166]]]]}},{"type":"Feature","id":576,"properties":{"id":576,"en":"Panare","th":"ปะนาเระ","prov":"ปัตตานี","code":"94"},"geometry":{"type":"MultiPolygon","coordinates":[[[[101.501,6.734],[101.526,6.748],[101.535,6.768],[101.573,6.77],[101.595,6.782],[101.557,6.846],[101.544,6.846],[101.526,6.865],[101.52,6.861],[101.457,6.883],[101.454,6.864],[101.463,6.858],[101.469,6.864],[101.482,6.852],[101.451,6.826],[101.471,6.792],[101.472,6.783],[101.461,6.774],[101.501,6.734]]]]}},{"type":"Feature","id":577,"properties":{"id":577,"en":"Pang Mapha","th":"ปางมะผ้า","prov":"แม่ฮ่องสอน","code":"58"},"geometry":{"type":"MultiPolygon","coordinates":[[[[98.155,19.369],[98.179,19.381],[98.199,19.375],[98.221,19.394],[98.241,19.382],[98.249,19.39],[98.281,19.391],[98.296,19.402],[98.316,19.392],[98.339,19.398],[98.314,19.421],[98.32,19.452],[98.342,19.48],[98.341,19.541],[98.363,19.556],[98.363,19.57],[98.381,19.59],[98.371,19.648],[98.332,19.668],[98.337,19.678],[98.309,19.688],[98.248,19.677],[98.232,19.697],[98.238,19.709],[98.229,19.727],[98.217,19.725],[98.193,19.738],[98.184,19.76],[98.164,19.774],[98.151,19.774],[98.136,19.788],[98.101,19.772],[98.091,19.791],[98.083,19.792],[98.084,19.81],[98.073,19.809],[98.059,19.804],[98.049,19.815],[98.034,19.805],[98.04,19.8],[98.033,19.783],[98.038,19.765],[98.026,19.714],[98.034,19.701],[98.029,19.688],[98.031,19.674],[98.042,19.666],[98.045,19.654],[98.027,19.638],[98.05,19.628],[98.06,19.615],[98.063,19.594],[98.079,19.58],[98.074,19.572],[98.082,19.571],[98.077,19.567],[98.081,19.551],[98.097,19.535],[98.12,19.533],[98.121,19.518],[98.126,19.52],[98.119,19.491],[98.124,19.475],[98.114,19.46],[98.123,19.437],[98.12,19.421],[98.112,19.415],[98.112,19.39],[98.155,19.369]]]]}},{"type":"Feature","id":578,"properties":{"id":578,"en":"Pang Sila Thong","th":"ปางศิลาทอง","prov":"กำแพงเพชร","code":"62"},"geometry":{"type":"MultiPolygon","coordinates":[[[[99.651,16.129],[99.661,16.134],[99.665,16.146],[99.66,16.155],[99.647,16.16],[99.631,16.163],[99.612,16.156],[99.587,16.162],[99.549,16.149],[99.539,16.156],[99.513,16.149],[99.497,16.153],[99.486,16.164],[99.465,16.165],[99.453,16.152],[99.418,16.142],[99.421,16.13],[99.453,16.122],[99.454,16.101],[99.438,16.099],[99.428,16.086],[99.414,16.084],[99.404,16.073],[99.399,16.075],[99.396,16.065],[99.389,16.074],[99.371,16.058],[99.352,16.056],[99.346,16.063],[99.336,16.06],[99.32,16.07],[99.313,16.052],[99.307,16.056],[99.298,16.045],[99.276,16.044],[99.253,16.031],[99.246,16.032],[99.245,16.041],[99.228,16.042],[99.227,16.051],[99.194,16.088],[99.163,16.108],[99.145,16.093],[99.131,16.089],[99.124,16.094],[99.11,16.088],[99.117,16.075],[99.115,16.061],[99.105,16.049],[99.087,16.041],[99.082,16.006],[99.089,15.979],[99.074,15.961],[99.075,15.951],[99.086,15.948],[99.097,15.931],[99.086,15.915],[99.086,15.884],[99.095,15.883],[99.128,15.912],[99.138,15.906],[99.146,15.908],[99.153,15.92],[99.174,15.928],[99.172,15.937],[99.186,15.928],[99.194,15.945],[99.204,15.936],[99.209,15.948],[99.219,15.937],[99.223,15.945],[99.234,15.928],[99.266,15.908],[99.271,15.912],[99.29,15.892],[99.29,15.905],[99.297,15.909],[99.31,15.904],[99.311,15.918],[99.32,15.918],[99.32,15.927],[99.33,15.912],[99.351,15.926],[99.333,15.951],[99.338,15.963],[99.393,15.974],[99.407,15.961],[99.431,15.978],[99.414,16.016],[99.427,16.018],[99.44,16.036],[99.505,16.045],[99.508,16.053],[99.521,16.055],[99.537,16.084],[99.553,16.093],[99.551,16.1],[99.562,16.103],[99.576,16.124],[99.589,16.116],[99.629,16.118],[99.651,16.129]]]]}},{"type":"Feature","id":579,"properties":{"id":579,"en":"Pathio","th":"ปะทิว","prov":"ชุมพร","code":"86"},"geometry":{"type":"MultiPolygon","coordinates":[[[[99.41,10.699],[99.411,10.704],[99.408,10.701],[99.41,10.699]]],[[[99.49,10.859],[99.473,10.843],[99.47,10.836],[99.478,10.839],[99.49,10.859]]],[[[99.258,10.965],[99.253,10.949],[99.256,10.932],[99.276,10.913],[99.264,10.89],[99.244,10.883],[99.275,10.869],[99.276,10.844],[99.25,10.831],[99.226,10.797],[99.233,10.764],[99.225,10.761],[99.22,10.749],[99.231,10.74],[99.233,10.715],[99.221,10.687],[99.241,10.677],[99.236,10.664],[99.24,10.651],[99.205,10.601],[99.203,10.578],[99.228,10.575],[99.235,10.568],[99.244,10.574],[99.254,10.561],[99.278,10.552],[99.276,10.573],[99.283,10.583],[99.281,10.601],[99.289,10.613],[99.323,10.673],[99.348,10.683],[99.359,10.675],[99.358,10.665],[99.365,10.671],[99.368,10.677],[99.36,10.68],[99.36,10.692],[99.371,10.706],[99.38,10.708],[99.394,10.745],[99.413,10.763],[99.412,10.773],[99.429,10.812],[99.434,10.856],[99.441,10.872],[99.467,10.871],[99.484,10.889],[99.497,10.875],[99.497,10.861],[99.51,10.873],[99.508,10.885],[99.519,10.899],[99.509,10.905],[99.51,10.916],[99.504,10.914],[99.498,10.922],[99.489,10.949],[99.494,10.986],[99.503,10.992],[99.49,10.988],[99.469,10.994],[99.407,10.955],[99.382,10.962],[99.376,10.973],[99.362,10.969],[99.345,10.976],[99.336,10.964],[99.321,10.971],[99.306,10.965],[99.29,10.969],[99.281,10.958],[99.265,10.97],[99.258,10.965]]]]}},{"type":"Feature","id":580,"properties":{"id":580,"en":"Pathum Rat","th":"ปทุมรัตต์","prov":"ร้อยเอ็ด","code":"45"},"geometry":{"type":"MultiPolygon","coordinates":[[[[103.413,15.712],[103.391,15.709],[103.352,15.726],[103.327,15.698],[103.317,15.708],[103.301,15.706],[103.308,15.703],[103.308,15.694],[103.292,15.693],[103.299,15.685],[103.285,15.674],[103.277,15.654],[103.267,15.652],[103.299,15.649],[103.289,15.621],[103.276,15.611],[103.274,15.602],[103.282,15.593],[103.294,15.593],[103.303,15.562],[103.355,15.541],[103.36,15.526],[103.384,15.539],[103.411,15.54],[103.416,15.535],[103.424,15.544],[103.444,15.545],[103.467,15.56],[103.464,15.57],[103.476,15.59],[103.487,15.594],[103.491,15.608],[103.494,15.671],[103.424,15.677],[103.407,15.7],[103.416,15.701],[103.413,15.712]]]]}},{"type":"Feature","id":581,"properties":{"id":581,"en":"Pathum Ratchawongsa","th":"","prov":"","code":"37"},"geometry":{"type":"MultiPolygon","coordinates":[[[[104.818,16.009],[104.808,15.974],[104.784,15.965],[104.805,15.957],[104.791,15.922],[104.795,15.913],[104.808,15.909],[104.804,15.897],[104.819,15.881],[104.808,15.86],[104.815,15.842],[104.813,15.819],[104.825,15.806],[104.818,15.788],[104.847,15.754],[104.891,15.766],[104.904,15.749],[104.907,15.761],[104.96,15.792],[104.966,15.811],[104.963,15.861],[105.004,15.937],[104.998,15.947],[105.026,15.984],[105.01,16],[104.98,16.003],[104.962,16.022],[104.929,16.004],[104.918,16.013],[104.899,16.005],[104.873,16.006],[104.866,16.011],[104.832,15.998],[104.822,16.001],[104.818,16.009]]]]}},{"type":"Feature","id":583,"properties":{"id":583,"en":"Pha Khao","th":"ผาขาว","prov":"เลย","code":"42"},"geometry":{"type":"MultiPolygon","coordinates":[[[[101.982,17.154],[101.97,17.14],[101.91,17.135],[101.902,17.119],[101.899,17.088],[101.921,17.063],[101.909,17.05],[101.918,17.038],[101.912,17.021],[101.931,17.005],[101.922,16.993],[101.935,16.981],[101.975,16.954],[102.008,16.957],[102.021,16.95],[102.051,16.965],[102.067,16.961],[102.091,16.98],[102.124,16.994],[102.155,17.024],[102.15,17.034],[102.132,17.036],[102.123,17.047],[102.12,17.057],[102.102,17.067],[102.106,17.081],[102.1,17.087],[102.1,17.101],[102.092,17.103],[102.087,17.114],[102.073,17.112],[102.024,17.154],[102.016,17.138],[102.006,17.151],[101.982,17.154]]]]}},{"type":"Feature","id":584,"properties":{"id":584,"en":"Phachi","th":"","prov":"","code":"14"},"geometry":{"type":"MultiPolygon","coordinates":[[[[100.66,14.416],[100.664,14.408],[100.674,14.412],[100.71,14.401],[100.738,14.4],[100.744,14.405],[100.751,14.398],[100.753,14.381],[100.774,14.361],[100.784,14.367],[100.785,14.38],[100.797,14.39],[100.781,14.398],[100.778,14.414],[100.771,14.407],[100.759,14.412],[100.768,14.423],[100.763,14.427],[100.772,14.435],[100.762,14.454],[100.77,14.465],[100.766,14.478],[100.774,14.481],[100.766,14.484],[100.772,14.492],[100.767,14.498],[100.763,14.487],[100.754,14.492],[100.749,14.486],[100.722,14.505],[100.687,14.495],[100.689,14.483],[100.681,14.474],[100.685,14.451],[100.673,14.45],[100.667,14.438],[100.652,14.435],[100.66,14.416]]]]}},{"type":"Feature","id":585,"properties":{"id":585,"en":"Phaisali","th":"ไพศาลี","prov":"นครสวรรค์","code":"60"},"geometry":{"type":"MultiPolygon","coordinates":[[[[100.813,15.781],[100.78,15.781],[100.763,15.765],[100.715,15.771],[100.67,15.765],[100.644,15.772],[100.589,15.707],[100.556,15.647],[100.549,15.613],[100.562,15.605],[100.577,15.607],[100.577,15.544],[100.567,15.524],[100.546,15.519],[100.54,15.499],[100.557,15.496],[100.551,15.478],[100.556,15.464],[100.528,15.455],[100.52,15.431],[100.528,15.425],[100.526,15.417],[100.512,15.401],[100.54,15.379],[100.546,15.382],[100.553,15.404],[100.583,15.398],[100.604,15.403],[100.589,15.389],[100.598,15.377],[100.595,15.348],[100.611,15.334],[100.621,15.342],[100.633,15.341],[100.632,15.362],[100.642,15.373],[100.645,15.389],[100.644,15.418],[100.659,15.427],[100.659,15.435],[100.667,15.433],[100.679,15.453],[100.705,15.439],[100.77,15.463],[100.769,15.496],[100.753,15.502],[100.746,15.513],[100.759,15.519],[100.758,15.526],[100.769,15.534],[100.791,15.538],[100.831,15.563],[100.813,15.578],[100.818,15.586],[100.808,15.593],[100.826,15.615],[100.819,15.628],[100.827,15.645],[100.823,15.662],[100.828,15.667],[100.826,15.676],[100.833,15.681],[100.826,15.685],[100.817,15.708],[100.825,15.75],[100.813,15.781]]]]}},{"type":"Feature","id":586,"properties":{"id":586,"en":"Phak Hai","th":"ผักไห่","prov":"พระนครศรีอยุธยา","code":"14"},"geometry":{"type":"MultiPolygon","coordinates":[[[[100.42,14.447],[100.416,14.477],[100.427,14.493],[100.405,14.509],[100.378,14.509],[100.374,14.5],[100.348,14.498],[100.315,14.487],[100.306,14.493],[100.286,14.498],[100.285,14.482],[100.259,14.491],[100.246,14.469],[100.252,14.44],[100.245,14.437],[100.263,14.428],[100.262,14.422],[100.273,14.407],[100.359,14.402],[100.409,14.406],[100.416,14.396],[100.41,14.43],[100.42,14.447]]]]}},{"type":"Feature","id":587,"properties":{"id":587,"en":"Phakdi Chumphon","th":"ภักดีชุมพล","prov":"ชัยภูมิ","code":"36"},"geometry":{"type":"MultiPolygon","coordinates":[[[[101.327,15.851],[101.332,15.849],[101.325,15.837],[101.331,15.83],[101.323,15.811],[101.331,15.805],[101.318,15.792],[101.339,15.767],[101.336,15.753],[101.341,15.756],[101.381,15.737],[101.391,15.746],[101.404,15.739],[101.418,15.755],[101.43,15.843],[101.451,15.873],[101.455,15.916],[101.478,15.96],[101.497,15.97],[101.53,15.949],[101.55,15.951],[101.541,15.954],[101.529,15.972],[101.533,15.994],[101.521,16.002],[101.524,16.008],[101.505,16.008],[101.498,16.032],[101.504,16.037],[101.506,16.065],[101.495,16.069],[101.497,16.075],[101.488,16.079],[101.484,16.094],[101.475,16.1],[101.467,16.116],[101.471,16.122],[101.463,16.125],[101.435,16.131],[101.432,16.118],[101.42,16.12],[101.411,16.141],[101.402,16.138],[101.397,16.144],[101.405,16.156],[101.384,16.171],[101.386,16.178],[101.378,16.179],[101.377,16.185],[101.362,16.183],[101.344,16.157],[101.334,16.093],[101.346,16.069],[101.365,16.075],[101.378,15.991],[101.371,15.939],[101.361,15.923],[101.375,15.918],[101.352,15.889],[101.332,15.882],[101.327,15.851]]]]}},{"type":"Feature","id":588,"properties":{"id":588,"en":"Phan","th":"พาน","prov":"เชียงราย","code":"57"},"geometry":{"type":"MultiPolygon","coordinates":[[[[99.914,19.432],[99.918,19.53],[99.905,19.573],[99.921,19.608],[99.917,19.615],[99.927,19.623],[99.915,19.619],[99.91,19.625],[99.882,19.626],[99.883,19.637],[99.872,19.642],[99.867,19.653],[99.879,19.664],[99.872,19.687],[99.852,19.692],[99.847,19.707],[99.802,19.733],[99.756,19.73],[99.755,19.741],[99.741,19.752],[99.727,19.737],[99.728,19.723],[99.722,19.724],[99.718,19.715],[99.694,19.712],[99.69,19.717],[99.66,19.708],[99.66,19.697],[99.645,19.697],[99.637,19.672],[99.621,19.657],[99.624,19.652],[99.618,19.644],[99.623,19.638],[99.617,19.625],[99.624,19.613],[99.647,19.607],[99.646,19.597],[99.641,19.583],[99.63,19.58],[99.623,19.567],[99.617,19.513],[99.606,19.507],[99.583,19.474],[99.586,19.457],[99.569,19.443],[99.565,19.418],[99.632,19.385],[99.677,19.392],[99.685,19.382],[99.694,19.383],[99.683,19.422],[99.731,19.424],[99.755,19.441],[99.775,19.442],[99.787,19.451],[99.844,19.445],[99.864,19.446],[99.875,19.455],[99.899,19.426],[99.914,19.432]]]]}},{"type":"Feature","id":589,"properties":{"id":589,"en":"Phan Thong","th":"","prov":"","code":"20"},"geometry":{"type":"MultiPolygon","coordinates":[[[[101.136,13.376],[101.126,13.39],[101.14,13.436],[101.124,13.456],[101.125,13.48],[101.132,13.486],[101.106,13.497],[101.104,13.508],[101.115,13.537],[101.132,13.552],[101.114,13.57],[101.092,13.553],[101.068,13.557],[101.055,13.552],[101.045,13.56],[101.042,13.55],[101.056,13.548],[101.057,13.539],[101.071,13.535],[101.069,13.531],[101.071,13.503],[101.066,13.51],[101.049,13.509],[101.051,13.504],[101.036,13.486],[101.039,13.48],[101.011,13.473],[101.013,13.462],[101.009,13.459],[101.023,13.437],[101.077,13.445],[101.057,13.426],[101.062,13.391],[101.098,13.38],[101.096,13.373],[101.116,13.377],[101.115,13.362],[101.124,13.36],[101.129,13.36],[101.129,13.376],[101.136,13.376]]]]}},{"type":"Feature","id":590,"properties":{"id":590,"en":"Phana","th":"พนา","prov":"อำนาจเจริญ","code":"37"},"geometry":{"type":"MultiPolygon","coordinates":[[[[104.888,15.545],[104.896,15.564],[104.885,15.572],[104.909,15.598],[104.926,15.602],[104.924,15.615],[104.931,15.619],[104.927,15.626],[104.934,15.638],[104.929,15.645],[104.895,15.654],[104.891,15.69],[104.906,15.725],[104.902,15.755],[104.891,15.766],[104.847,15.754],[104.821,15.786],[104.794,15.764],[104.791,15.749],[104.776,15.734],[104.782,15.709],[104.808,15.679],[104.813,15.664],[104.806,15.638],[104.813,15.625],[104.807,15.621],[104.804,15.605],[104.812,15.605],[104.823,15.586],[104.832,15.584],[104.83,15.591],[104.837,15.592],[104.836,15.582],[104.845,15.584],[104.847,15.574],[104.849,15.58],[104.862,15.58],[104.877,15.563],[104.863,15.557],[104.866,15.549],[104.874,15.546],[104.87,15.538],[104.879,15.537],[104.882,15.547],[104.888,15.545]]]]}},{"type":"Feature","id":591,"properties":{"id":591,"en":"Phanat Nikhom","th":"","prov":"","code":"20"},"geometry":{"type":"MultiPolygon","coordinates":[[[[101.267,13.314],[101.271,13.336],[101.281,13.348],[101.269,13.354],[101.273,13.369],[101.266,13.372],[101.271,13.417],[101.304,13.441],[101.33,13.427],[101.334,13.434],[101.342,13.432],[101.369,13.448],[101.376,13.458],[101.361,13.464],[101.352,13.481],[101.315,13.505],[101.267,13.568],[101.252,13.565],[101.201,13.585],[101.153,13.584],[101.144,13.589],[101.129,13.578],[101.13,13.57],[101.118,13.565],[101.132,13.552],[101.115,13.537],[101.104,13.508],[101.106,13.497],[101.132,13.486],[101.125,13.48],[101.124,13.456],[101.14,13.436],[101.126,13.39],[101.13,13.38],[101.141,13.366],[101.138,13.377],[101.159,13.378],[101.177,13.365],[101.183,13.378],[101.193,13.371],[101.199,13.351],[101.209,13.342],[101.223,13.341],[101.225,13.333],[101.238,13.332],[101.267,13.314]]]]}},{"type":"Feature","id":592,"properties":{"id":592,"en":"Phang Khon","th":"พังโคน","prov":"สกลนคร","code":"47"},"geometry":{"type":"MultiPolygon","coordinates":[[[[103.857,17.465],[103.848,17.474],[103.848,17.485],[103.826,17.485],[103.797,17.46],[103.786,17.439],[103.781,17.444],[103.769,17.436],[103.75,17.441],[103.741,17.431],[103.728,17.443],[103.71,17.439],[103.707,17.446],[103.698,17.437],[103.688,17.444],[103.685,17.438],[103.661,17.434],[103.659,17.426],[103.636,17.413],[103.625,17.4],[103.628,17.389],[103.635,17.385],[103.644,17.363],[103.658,17.369],[103.671,17.365],[103.681,17.351],[103.701,17.349],[103.717,17.339],[103.74,17.3],[103.729,17.26],[103.762,17.259],[103.783,17.297],[103.766,17.332],[103.773,17.357],[103.784,17.36],[103.817,17.398],[103.826,17.397],[103.832,17.384],[103.855,17.373],[103.857,17.386],[103.851,17.387],[103.85,17.396],[103.859,17.413],[103.85,17.425],[103.857,17.438],[103.857,17.465]]]]}},{"type":"Feature","id":593,"properties":{"id":593,"en":"Phanna Nikhom","th":"พรรณานิคม","prov":"สกลนคร","code":"47"},"geometry":{"type":"MultiPolygon","coordinates":[[[[103.876,17.465],[103.857,17.465],[103.855,17.456],[103.857,17.438],[103.85,17.425],[103.859,17.413],[103.85,17.396],[103.851,17.387],[103.857,17.386],[103.855,17.373],[103.832,17.384],[103.826,17.397],[103.817,17.398],[103.803,17.387],[103.791,17.366],[103.773,17.357],[103.765,17.343],[103.783,17.297],[103.773,17.273],[103.762,17.259],[103.729,17.26],[103.709,17.253],[103.734,17.221],[103.767,17.206],[103.802,17.176],[103.84,17.169],[103.872,17.147],[103.915,17.169],[103.931,17.191],[103.95,17.185],[103.968,17.211],[103.979,17.27],[103.993,17.289],[103.982,17.31],[103.999,17.334],[104.004,17.325],[104.018,17.34],[104.023,17.329],[104.034,17.328],[104.03,17.333],[104.038,17.346],[104.031,17.346],[104.033,17.361],[104.026,17.36],[104.024,17.365],[104.043,17.375],[104.055,17.371],[104.064,17.386],[104.016,17.462],[103.999,17.464],[103.987,17.473],[103.969,17.467],[103.876,17.465]]]]}},{"type":"Feature","id":594,"properties":{"id":594,"en":"Phanom","th":"พนม","prov":"สุราษฎร์ธานี","code":"84"},"geometry":{"type":"MultiPolygon","coordinates":[[[[98.506,8.983],[98.494,8.985],[98.452,8.966],[98.45,8.951],[98.443,8.945],[98.457,8.934],[98.446,8.895],[98.505,8.881],[98.514,8.861],[98.536,8.858],[98.533,8.845],[98.553,8.83],[98.555,8.814],[98.599,8.797],[98.595,8.712],[98.57,8.682],[98.546,8.674],[98.537,8.661],[98.564,8.638],[98.604,8.626],[98.611,8.637],[98.638,8.644],[98.648,8.659],[98.663,8.656],[98.675,8.662],[98.698,8.643],[98.706,8.628],[98.715,8.634],[98.723,8.63],[98.748,8.675],[98.771,8.673],[98.787,8.651],[98.798,8.651],[98.801,8.659],[98.841,8.678],[98.888,8.681],[98.9,8.738],[98.898,8.757],[98.909,8.761],[98.911,8.784],[98.903,8.792],[98.895,8.82],[98.884,8.825],[98.886,8.841],[98.898,8.843],[98.902,8.859],[98.92,8.872],[98.907,8.876],[98.904,8.894],[98.879,8.891],[98.863,8.902],[98.851,8.899],[98.838,8.916],[98.82,8.889],[98.803,8.898],[98.782,8.895],[98.755,8.909],[98.751,8.917],[98.739,8.914],[98.727,8.925],[98.721,8.922],[98.718,8.931],[98.699,8.924],[98.697,8.938],[98.673,8.945],[98.67,8.958],[98.646,8.952],[98.632,8.936],[98.613,8.942],[98.611,8.932],[98.588,8.946],[98.575,8.965],[98.563,8.951],[98.549,8.958],[98.538,8.972],[98.531,8.968],[98.512,8.971],[98.506,8.983]]]]}},{"type":"Feature","id":595,"properties":{"id":595,"en":"Phanom Dong Rak","th":"","prov":"","code":"32"},"geometry":{"type":"MultiPolygon","coordinates":[[[[103.226,14.327],[103.269,14.349],[103.316,14.356],[103.332,14.351],[103.379,14.352],[103.412,14.361],[103.41,14.369],[103.399,14.374],[103.397,14.39],[103.404,14.401],[103.388,14.443],[103.393,14.452],[103.387,14.483],[103.354,14.491],[103.356,14.514],[103.343,14.516],[103.285,14.498],[103.238,14.536],[103.211,14.54],[103.216,14.523],[103.221,14.518],[103.215,14.501],[103.235,14.483],[103.234,14.468],[103.247,14.442],[103.236,14.411],[103.22,14.403],[103.234,14.393],[103.221,14.379],[103.226,14.327]]]]}},{"type":"Feature","id":596,"properties":{"id":596,"en":"Phanom Phrai","th":"เมืองยโสธร","prov":"ยโสธร","code":"35"},"geometry":{"type":"MultiPolygon","coordinates":[[[[103.943,15.705],[103.959,15.702],[103.968,15.692],[103.963,15.652],[103.967,15.642],[103.999,15.654],[104.04,15.657],[104.037,15.61],[104.048,15.584],[104.076,15.575],[104.086,15.551],[104.101,15.546],[104.106,15.549],[104.1,15.568],[104.122,15.563],[104.122,15.578],[104.161,15.603],[104.209,15.609],[104.21,15.618],[104.187,15.609],[104.182,15.621],[104.191,15.633],[104.17,15.633],[104.179,15.639],[104.172,15.66],[104.184,15.657],[104.187,15.667],[104.175,15.664],[104.177,15.671],[104.153,15.69],[104.143,15.704],[104.148,15.712],[104.139,15.711],[104.128,15.696],[104.118,15.702],[104.13,15.705],[104.132,15.743],[104.142,15.751],[104.133,15.754],[104.127,15.768],[104.14,15.784],[104.136,15.797],[104.111,15.807],[104.097,15.825],[104.074,15.839],[104.07,15.828],[104.079,15.825],[104.078,15.82],[104.036,15.797],[104.002,15.795],[104.003,15.802],[103.992,15.81],[103.991,15.8],[103.966,15.782],[103.985,15.773],[103.995,15.762],[103.995,15.751],[103.975,15.726],[103.943,15.705]]]]}},{"type":"Feature","id":597,"properties":{"id":597,"en":"Phanom Sarakham","th":"พนมสารคาม","prov":"ฉะเชิงเทรา","code":"24"},"geometry":{"type":"MultiPolygon","coordinates":[[[[101.336,13.861],[101.333,13.83],[101.308,13.777],[101.321,13.744],[101.314,13.751],[101.316,13.743],[101.295,13.737],[101.291,13.687],[101.282,13.664],[101.294,13.654],[101.333,13.643],[101.383,13.599],[101.393,13.603],[101.409,13.627],[101.426,13.67],[101.44,13.689],[101.473,13.681],[101.505,13.679],[101.507,13.673],[101.523,13.671],[101.519,13.701],[101.536,13.718],[101.552,13.717],[101.562,13.726],[101.583,13.727],[101.591,13.737],[101.56,13.768],[101.554,13.793],[101.545,13.786],[101.524,13.787],[101.474,13.822],[101.437,13.827],[101.422,13.837],[101.398,13.841],[101.361,13.859],[101.352,13.87],[101.343,13.859],[101.336,13.861]]]]}},{"type":"Feature","id":598,"properties":{"id":598,"en":"Phanom Thuan","th":"","prov":"","code":"71"},"geometry":{"type":"MultiPolygon","coordinates":[[[[99.566,14.129],[99.569,14.102],[99.581,14.11],[99.592,14.104],[99.616,14.106],[99.639,14.089],[99.648,14.069],[99.662,14.058],[99.662,14.027],[99.673,14.018],[99.695,14.021],[99.713,14.04],[99.735,14.032],[99.735,14.054],[99.75,14.051],[99.754,14.084],[99.771,14.088],[99.768,14.116],[99.786,14.125],[99.782,14.142],[99.794,14.177],[99.799,14.177],[99.801,14.206],[99.796,14.218],[99.806,14.23],[99.813,14.229],[99.816,14.247],[99.824,14.254],[99.821,14.261],[99.834,14.272],[99.829,14.275],[99.801,14.277],[99.799,14.267],[99.772,14.254],[99.738,14.261],[99.731,14.24],[99.699,14.244],[99.663,14.237],[99.627,14.247],[99.608,14.23],[99.582,14.242],[99.57,14.235],[99.572,14.222],[99.563,14.22],[99.562,14.202],[99.574,14.174],[99.566,14.129]]]]}},{"type":"Feature","id":600,"properties":{"id":600,"en":"Phato","th":"พะโต๊ะ","prov":"ชุมพร","code":"86"},"geometry":{"type":"MultiPolygon","coordinates":[[[[98.74,9.601],[98.768,9.627],[98.769,9.686],[98.787,9.694],[98.79,9.684],[98.804,9.688],[98.819,9.704],[98.844,9.703],[98.858,9.713],[98.863,9.727],[98.881,9.729],[98.879,9.741],[98.888,9.772],[98.882,9.79],[98.898,9.795],[98.909,9.807],[98.933,9.81],[98.946,9.823],[98.963,9.824],[98.968,9.843],[98.98,9.846],[98.978,9.863],[98.966,9.878],[98.973,9.882],[98.97,9.892],[98.979,9.898],[98.963,9.922],[98.967,9.935],[98.941,9.934],[98.947,9.94],[98.935,9.946],[98.932,9.968],[98.897,9.987],[98.882,10.005],[98.867,9.995],[98.844,9.992],[98.828,9.978],[98.824,9.948],[98.814,9.936],[98.78,9.95],[98.772,9.946],[98.756,9.934],[98.752,9.918],[98.721,9.894],[98.721,9.868],[98.693,9.833],[98.682,9.835],[98.646,9.792],[98.633,9.788],[98.633,9.767],[98.628,9.764],[98.635,9.743],[98.642,9.738],[98.639,9.714],[98.65,9.701],[98.646,9.691],[98.66,9.685],[98.648,9.662],[98.654,9.653],[98.672,9.655],[98.697,9.636],[98.721,9.629],[98.74,9.601]]]]}},{"type":"Feature","id":601,"properties":{"id":601,"en":"Phatthana Nikhom","th":"พัฒนานิคม","prov":"ลพบุรี","code":"16"},"geometry":{"type":"MultiPolygon","coordinates":[[[[100.903,15.039],[100.9,15.033],[100.911,15.029],[100.9,15.012],[100.908,15.004],[100.9,14.998],[100.88,14.999],[100.871,14.991],[100.874,14.972],[100.856,14.969],[100.84,14.978],[100.824,14.977],[100.834,14.972],[100.826,14.936],[100.853,14.909],[100.884,14.902],[100.889,14.852],[100.898,14.845],[100.862,14.841],[100.864,14.817],[100.845,14.79],[100.865,14.782],[100.867,14.768],[100.901,14.77],[100.912,14.757],[100.941,14.751],[100.944,14.741],[100.959,14.744],[100.966,14.752],[100.992,14.74],[100.992,14.768],[101.026,14.81],[101.054,14.79],[101.06,14.76],[101.069,14.76],[101.074,14.764],[101.062,14.789],[101.073,14.791],[101.069,14.814],[101.082,14.811],[101.078,14.818],[101.089,14.831],[101.079,14.836],[101.068,14.831],[101.065,14.84],[101.078,14.844],[101.08,14.851],[101.083,14.843],[101.093,14.85],[101.081,14.88],[101.098,14.909],[101.152,14.897],[101.191,14.921],[101.233,14.921],[101.256,14.912],[101.284,14.944],[101.329,14.965],[101.331,14.984],[101.313,14.982],[101.297,14.992],[101.288,14.984],[101.257,14.998],[101.207,14.984],[101.202,14.996],[101.182,14.997],[101.168,14.988],[101.157,14.991],[101.16,15],[101.15,15.01],[101.125,14.994],[101.12,14.981],[101.119,14.989],[101.091,14.99],[101.086,14.997],[101.073,14.998],[101.066,14.968],[101.045,14.984],[101.042,15.03],[101.013,15.033],[101.006,15.043],[100.959,15.059],[100.95,15.042],[100.933,15.047],[100.903,15.039]]]]}},{"type":"Feature","id":602,"properties":{"id":602,"en":"Phaya Mengrai","th":"พญาเม็งราย","prov":"เชียงราย","code":"57"},"geometry":{"type":"MultiPolygon","coordinates":[[[[100.2,20.051],[100.184,20.04],[100.148,20.03],[100.136,20.011],[100.118,20.005],[100.118,19.994],[100.111,19.988],[100.119,19.981],[100.084,19.929],[100.099,19.906],[100.084,19.873],[100.091,19.862],[100.086,19.849],[100.09,19.845],[100.072,19.823],[100.071,19.798],[100.054,19.8],[100.041,19.745],[100.067,19.742],[100.077,19.733],[100.073,19.725],[100.082,19.719],[100.159,19.71],[100.168,19.73],[100.16,19.751],[100.169,19.764],[100.173,19.782],[100.166,19.795],[100.172,19.796],[100.166,19.799],[100.171,19.799],[100.166,19.801],[100.169,19.809],[100.193,19.819],[100.198,19.832],[100.204,19.825],[100.202,19.838],[100.215,19.84],[100.221,19.858],[100.217,19.861],[100.232,19.866],[100.235,19.883],[100.251,19.885],[100.249,19.904],[100.258,19.903],[100.252,19.909],[100.263,19.915],[100.26,19.973],[100.251,19.975],[100.257,19.988],[100.243,19.99],[100.237,20.006],[100.217,20.012],[100.2,20.027],[100.2,20.051]]]]}},{"type":"Feature","id":604,"properties":{"id":604,"en":"Phayakkhaphum Phisai","th":"","prov":"","code":"44"},"geometry":{"type":"MultiPolygon","coordinates":[[[[103.403,15.436],[103.401,15.445],[103.421,15.506],[103.421,15.524],[103.427,15.525],[103.424,15.533],[103.411,15.54],[103.384,15.539],[103.36,15.526],[103.355,15.541],[103.303,15.562],[103.294,15.593],[103.282,15.593],[103.274,15.602],[103.276,15.611],[103.289,15.621],[103.299,15.649],[103.267,15.65],[103.267,15.635],[103.261,15.63],[103.252,15.647],[103.215,15.657],[103.206,15.622],[103.196,15.614],[103.18,15.617],[103.141,15.597],[103.116,15.599],[103.091,15.618],[103.084,15.632],[103.056,15.625],[103.063,15.601],[103.048,15.582],[103.046,15.564],[103.077,15.543],[103.081,15.547],[103.091,15.533],[103.089,15.526],[103.083,15.528],[103.084,15.517],[103.075,15.513],[103.072,15.499],[103.079,15.493],[103.111,15.481],[103.215,15.461],[103.224,15.448],[103.251,15.448],[103.27,15.423],[103.327,15.414],[103.341,15.406],[103.403,15.436]]]]}},{"type":"Feature","id":605,"properties":{"id":605,"en":"Phayu","th":"","prov":"","code":"33"},"geometry":{"type":"MultiPolygon","coordinates":[[[[104.301,14.963],[104.301,14.887],[104.35,14.878],[104.384,14.855],[104.398,14.855],[104.404,14.841],[104.399,14.839],[104.399,14.831],[104.421,14.837],[104.428,14.824],[104.45,14.829],[104.447,14.852],[104.434,14.88],[104.447,14.901],[104.433,14.911],[104.434,14.956],[104.422,14.972],[104.425,14.977],[104.394,14.966],[104.376,14.968],[104.351,14.946],[104.301,14.963]]]]}},{"type":"Feature","id":606,"properties":{"id":606,"en":"Phayuha Khiri","th":"พยุหะคีรี","prov":"นครสวรรค์","code":"60"},"geometry":{"type":"MultiPolygon","coordinates":[[[[100.035,15.51],[100.024,15.482],[100.013,15.473],[100.047,15.457],[100.049,15.443],[100.063,15.438],[100.054,15.424],[100.077,15.427],[100.125,15.412],[100.13,15.405],[100.14,15.404],[100.144,15.39],[100.162,15.381],[100.181,15.381],[100.218,15.363],[100.222,15.368],[100.214,15.376],[100.218,15.393],[100.244,15.411],[100.246,15.43],[100.292,15.454],[100.327,15.454],[100.377,15.498],[100.383,15.51],[100.401,15.521],[100.41,15.538],[100.384,15.573],[100.384,15.594],[100.349,15.587],[100.338,15.598],[100.309,15.574],[100.311,15.567],[100.296,15.56],[100.29,15.575],[100.275,15.575],[100.268,15.627],[100.24,15.637],[100.219,15.632],[100.202,15.619],[100.189,15.591],[100.143,15.603],[100.141,15.61],[100.135,15.601],[100.139,15.571],[100.12,15.567],[100.091,15.539],[100.08,15.541],[100.052,15.533],[100.035,15.51]]]]}},{"type":"Feature","id":607,"properties":{"id":607,"en":"Phen","th":"เพ็ญ","prov":"อุดรธานี","code":"41"},"geometry":{"type":"MultiPolygon","coordinates":[[[[103.117,17.696],[103.028,17.714],[103.013,17.721],[103.004,17.738],[102.989,17.746],[102.975,17.748],[102.97,17.742],[102.957,17.747],[102.959,17.761],[102.952,17.775],[102.976,17.795],[102.97,17.801],[102.969,17.824],[102.961,17.827],[102.944,17.855],[102.934,17.888],[102.927,17.893],[102.894,17.891],[102.884,17.898],[102.87,17.888],[102.868,17.876],[102.874,17.865],[102.873,17.857],[102.865,17.856],[102.869,17.846],[102.844,17.837],[102.851,17.827],[102.836,17.822],[102.841,17.821],[102.839,17.811],[102.826,17.814],[102.843,17.806],[102.839,17.794],[102.851,17.786],[102.844,17.785],[102.845,17.78],[102.854,17.776],[102.845,17.762],[102.85,17.749],[102.842,17.744],[102.85,17.728],[102.833,17.716],[102.831,17.693],[102.784,17.683],[102.773,17.664],[102.774,17.647],[102.76,17.642],[102.768,17.621],[102.741,17.62],[102.728,17.597],[102.713,17.592],[102.693,17.572],[102.728,17.556],[102.743,17.562],[102.78,17.563],[102.792,17.578],[102.897,17.564],[102.905,17.534],[102.928,17.512],[102.927,17.501],[102.914,17.485],[102.932,17.47],[102.946,17.474],[102.967,17.471],[102.975,17.48],[102.981,17.477],[102.982,17.486],[102.993,17.485],[102.987,17.5],[102.999,17.503],[102.997,17.513],[103.004,17.507],[103.005,17.519],[102.997,17.535],[103.014,17.536],[103.027,17.549],[103.024,17.553],[103.045,17.569],[103.059,17.573],[103.063,17.569],[103.08,17.584],[103.092,17.581],[103.094,17.593],[103.107,17.606],[103.104,17.615],[103.117,17.619],[103.105,17.63],[103.112,17.637],[103.102,17.637],[103.095,17.644],[103.105,17.65],[103.097,17.663],[103.105,17.678],[103.112,17.676],[103.117,17.696]]]]}},{"type":"Feature","id":608,"properties":{"id":608,"en":"Phibun Mangsahan","th":"พิบูลมังสาหาร","prov":"อุบลราชธานี","code":"34"},"geometry":{"type":"MultiPolygon","coordinates":[[[[105.373,14.941],[105.375,14.948],[105.392,14.956],[105.382,14.958],[105.378,14.978],[105.364,14.996],[105.369,15.026],[105.386,15.066],[105.385,15.099],[105.341,15.11],[105.351,15.135],[105.351,15.152],[105.343,15.163],[105.347,15.168],[105.326,15.166],[105.318,15.175],[105.293,15.182],[105.282,15.178],[105.276,15.185],[105.294,15.198],[105.29,15.205],[105.297,15.208],[105.295,15.217],[105.303,15.225],[105.284,15.241],[105.289,15.251],[105.308,15.27],[105.33,15.276],[105.332,15.286],[105.371,15.296],[105.364,15.324],[105.353,15.326],[105.346,15.336],[105.351,15.363],[105.345,15.371],[105.33,15.37],[105.3,15.385],[105.279,15.372],[105.246,15.367],[105.228,15.35],[105.23,15.328],[105.213,15.331],[105.204,15.305],[105.183,15.313],[105.163,15.308],[105.161,15.3],[105.173,15.291],[105.177,15.269],[105.171,15.242],[105.141,15.221],[105.135,15.208],[105.152,15.184],[105.145,15.186],[105.142,15.177],[105.127,15.169],[105.115,15.164],[105.085,15.169],[105.067,15.187],[105.05,15.166],[105.048,15.158],[105.069,15.149],[105.059,15.142],[105.046,15.148],[105.038,15.136],[105.053,15.125],[105.065,15.126],[105.051,15.113],[105.056,15.107],[105.047,15.105],[105.041,15.084],[105.048,15.095],[105.056,15.087],[105.06,15.095],[105.073,15.099],[105.073,15.083],[105.059,15.082],[105.072,15.076],[105.063,15.055],[105.074,15.058],[105.08,15.048],[105.12,15.041],[105.138,15.028],[105.184,15.031],[105.21,15.006],[105.244,14.988],[105.261,14.972],[105.272,14.974],[105.292,14.963],[105.297,14.954],[105.327,14.956],[105.337,14.938],[105.373,14.941]]]]}},{"type":"Feature","id":609,"properties":{"id":609,"en":"Phibun Rak","th":"","prov":"","code":"41"},"geometry":{"type":"MultiPolygon","coordinates":[[[[103.117,17.619],[103.104,17.615],[103.107,17.606],[103.094,17.593],[103.092,17.581],[103.08,17.584],[103.063,17.569],[103.059,17.573],[103.045,17.569],[103.024,17.553],[103.027,17.549],[103.014,17.536],[102.997,17.535],[103.005,17.519],[103.004,17.507],[102.997,17.513],[102.999,17.503],[102.987,17.5],[102.993,17.485],[102.982,17.486],[102.981,17.477],[102.975,17.48],[102.975,17.473],[102.96,17.47],[102.956,17.461],[102.955,17.455],[102.968,17.447],[103.051,17.455],[103.083,17.468],[103.092,17.479],[103.082,17.487],[103.096,17.507],[103.129,17.498],[103.135,17.507],[103.133,17.524],[103.143,17.54],[103.144,17.575],[103.156,17.592],[103.15,17.613],[103.138,17.625],[103.117,17.619]]]]}},{"type":"Feature","id":610,"properties":{"id":610,"en":"Phichai","th":"พิชัย","prov":"อุตรดิตถ์","code":"53"},"geometry":{"type":"MultiPolygon","coordinates":[[[[100.254,17.403],[100.243,17.39],[100.212,17.389],[100.129,17.404],[100.063,17.444],[100.058,17.433],[100.063,17.42],[100.047,17.431],[100.045,17.423],[100.032,17.427],[100.028,17.42],[100.021,17.424],[100.017,17.418],[99.996,17.417],[99.991,17.4],[100.01,17.381],[100,17.369],[100.008,17.361],[100.001,17.355],[100.012,17.336],[100.019,17.334],[99.995,17.327],[99.995,17.306],[100.004,17.296],[99.996,17.289],[99.97,17.284],[99.976,17.277],[99.965,17.272],[99.963,17.25],[99.955,17.242],[99.974,17.241],[99.958,17.23],[99.982,17.216],[99.979,17.213],[99.971,17.211],[99.984,17.189],[99.973,17.165],[99.981,17.156],[99.992,17.159],[100.009,17.151],[99.996,17.139],[100.014,17.139],[100.036,17.181],[100.078,17.182],[100.102,17.189],[100.136,17.181],[100.15,17.186],[100.16,17.166],[100.168,17.201],[100.23,17.212],[100.239,17.222],[100.282,17.221],[100.274,17.239],[100.278,17.266],[100.272,17.277],[100.282,17.307],[100.283,17.336],[100.297,17.348],[100.295,17.366],[100.275,17.394],[100.254,17.403]]]]}},{"type":"Feature","id":611,"properties":{"id":611,"en":"Phimai","th":"พิมาย","prov":"นครราชสีมา","code":"30"},"geometry":{"type":"MultiPolygon","coordinates":[[[[102.484,15.081],[102.497,15.098],[102.533,15.097],[102.562,15.089],[102.571,15.094],[102.585,15.157],[102.609,15.153],[102.62,15.14],[102.643,15.147],[102.654,15.163],[102.667,15.162],[102.674,15.168],[102.665,15.182],[102.669,15.19],[102.652,15.202],[102.652,15.216],[102.661,15.224],[102.657,15.241],[102.667,15.246],[102.661,15.256],[102.674,15.257],[102.671,15.263],[102.681,15.277],[102.677,15.28],[102.685,15.286],[102.682,15.292],[102.692,15.294],[102.695,15.31],[102.66,15.313],[102.658,15.302],[102.627,15.298],[102.612,15.314],[102.624,15.322],[102.619,15.338],[102.624,15.341],[102.619,15.342],[102.628,15.345],[102.631,15.358],[102.637,15.361],[102.644,15.354],[102.643,15.362],[102.649,15.366],[102.652,15.359],[102.663,15.364],[102.667,15.357],[102.673,15.358],[102.679,15.37],[102.689,15.374],[102.685,15.388],[102.699,15.432],[102.7,15.457],[102.712,15.472],[102.711,15.48],[102.707,15.486],[102.705,15.479],[102.691,15.473],[102.673,15.477],[102.663,15.469],[102.649,15.47],[102.653,15.463],[102.639,15.463],[102.633,15.47],[102.628,15.465],[102.617,15.457],[102.618,15.45],[102.612,15.451],[102.614,15.445],[102.609,15.448],[102.607,15.426],[102.597,15.418],[102.576,15.421],[102.542,15.374],[102.508,15.368],[102.508,15.358],[102.496,15.356],[102.5,15.347],[102.485,15.346],[102.485,15.337],[102.476,15.341],[102.477,15.334],[102.467,15.336],[102.466,15.33],[102.454,15.325],[102.457,15.319],[102.442,15.311],[102.442,15.3],[102.43,15.296],[102.428,15.283],[102.418,15.273],[102.436,15.25],[102.405,15.241],[102.367,15.212],[102.379,15.187],[102.368,15.174],[102.374,15.164],[102.368,15.162],[102.37,15.15],[102.376,15.133],[102.397,15.12],[102.391,15.109],[102.4,15.107],[102.403,15.082],[102.427,15.082],[102.45,15.068],[102.466,15.069],[102.484,15.081]]]]}},{"type":"Feature","id":612,"properties":{"id":612,"en":"Phipun","th":"พิปูน","prov":"นครศรีธรรมราช","code":"80"},"geometry":{"type":"MultiPolygon","coordinates":[[[[99.492,8.697],[99.499,8.685],[99.493,8.681],[99.496,8.672],[99.479,8.658],[99.476,8.626],[99.494,8.613],[99.511,8.584],[99.506,8.571],[99.518,8.56],[99.526,8.5],[99.546,8.499],[99.556,8.504],[99.573,8.498],[99.579,8.482],[99.587,8.484],[99.596,8.499],[99.613,8.494],[99.622,8.499],[99.643,8.519],[99.671,8.509],[99.694,8.483],[99.74,8.5],[99.745,8.505],[99.738,8.523],[99.74,8.533],[99.733,8.548],[99.717,8.548],[99.72,8.562],[99.708,8.577],[99.71,8.597],[99.697,8.594],[99.688,8.618],[99.673,8.616],[99.677,8.638],[99.669,8.65],[99.68,8.658],[99.67,8.678],[99.623,8.69],[99.604,8.708],[99.581,8.702],[99.568,8.705],[99.551,8.721],[99.537,8.723],[99.51,8.714],[99.492,8.697]]]]}},{"type":"Feature","id":613,"properties":{"id":613,"en":"Phlapphla Chai","th":"","prov":"","code":"31"},"geometry":{"type":"MultiPolygon","coordinates":[[[[103.211,14.792],[103.174,14.787],[103.143,14.807],[103.095,14.812],[103.085,14.822],[103.078,14.806],[103.078,14.801],[103.09,14.797],[103.091,14.786],[103.081,14.779],[103.085,14.761],[103.073,14.746],[103.082,14.739],[103.111,14.738],[103.105,14.696],[103.093,14.681],[103.096,14.649],[103.114,14.65],[103.142,14.628],[103.159,14.622],[103.164,14.628],[103.16,14.664],[103.181,14.681],[103.188,14.677],[103.199,14.689],[103.201,14.699],[103.225,14.686],[103.262,14.682],[103.27,14.706],[103.265,14.718],[103.271,14.716],[103.274,14.737],[103.269,14.742],[103.275,14.749],[103.268,14.755],[103.268,14.766],[103.257,14.767],[103.24,14.786],[103.211,14.792]]]]}},{"type":"Feature","id":614,"properties":{"id":614,"en":"Pho Chai","th":"เชียงขวัญ","prov":"ร้อยเอ็ด","code":"45"},"geometry":{"type":"MultiPolygon","coordinates":[[[[103.829,16.182],[103.835,16.198],[103.858,16.191],[103.86,16.203],[103.847,16.209],[103.839,16.229],[103.841,16.284],[103.803,16.306],[103.818,16.312],[103.823,16.326],[103.84,16.328],[103.856,16.34],[103.885,16.409],[103.876,16.433],[103.89,16.453],[103.866,16.471],[103.844,16.462],[103.823,16.47],[103.774,16.436],[103.769,16.425],[103.728,16.407],[103.7,16.374],[103.728,16.346],[103.723,16.33],[103.756,16.3],[103.75,16.287],[103.752,16.263],[103.734,16.248],[103.734,16.223],[103.723,16.221],[103.751,16.202],[103.751,16.19],[103.765,16.196],[103.779,16.172],[103.799,16.169],[103.8,16.163],[103.791,16.158],[103.795,16.153],[103.821,16.167],[103.815,16.179],[103.807,16.178],[103.809,16.184],[103.829,16.182]]]]}},{"type":"Feature","id":615,"properties":{"id":615,"en":"Pho Prathap Chang","th":"โพธิ์ประทับช้าง","prov":"พิจิตร","code":"66"},"geometry":{"type":"MultiPolygon","coordinates":[[[[100.261,16.242],[100.26,16.254],[100.268,16.262],[100.263,16.28],[100.272,16.293],[100.287,16.296],[100.287,16.281],[100.31,16.278],[100.318,16.305],[100.333,16.314],[100.318,16.36],[100.272,16.361],[100.269,16.394],[100.254,16.388],[100.226,16.405],[100.218,16.4],[100.219,16.388],[100.213,16.383],[100.187,16.383],[100.171,16.373],[100.16,16.385],[100.132,16.381],[100.105,16.375],[100.098,16.361],[100.08,16.365],[100.061,16.35],[100.059,16.326],[100.028,16.32],[100.019,16.297],[100.031,16.281],[100.029,16.271],[100.036,16.269],[100.04,16.276],[100.06,16.263],[100.084,16.265],[100.118,16.254],[100.127,16.245],[100.189,16.25],[100.24,16.245],[100.253,16.236],[100.261,16.242]]]]}},{"type":"Feature","id":616,"properties":{"id":616,"en":"Pho Sai","th":"โพธิ์ไทร","prov":"อุบลราชธานี","code":"34"},"geometry":{"type":"MultiPolygon","coordinates":[[[[105.162,15.801],[105.165,15.774],[105.18,15.781],[105.181,15.772],[105.193,15.773],[105.197,15.752],[105.212,15.752],[105.211,15.74],[105.225,15.737],[105.24,15.717],[105.269,15.708],[105.285,15.691],[105.311,15.705],[105.317,15.7],[105.332,15.708],[105.345,15.68],[105.372,15.668],[105.382,15.649],[105.413,15.635],[105.414,15.644],[105.428,15.649],[105.436,15.674],[105.445,15.683],[105.479,15.682],[105.494,15.692],[105.526,15.692],[105.541,15.712],[105.546,15.75],[105.533,15.749],[105.504,15.767],[105.468,15.746],[105.434,15.756],[105.421,15.773],[105.42,15.789],[105.401,15.795],[105.393,15.805],[105.39,15.828],[105.375,15.855],[105.361,15.859],[105.355,15.872],[105.31,15.865],[105.293,15.882],[105.287,15.88],[105.271,15.901],[105.26,15.901],[105.233,15.857],[105.217,15.842],[105.186,15.832],[105.162,15.801]]]]}},{"type":"Feature","id":617,"properties":{"id":617,"en":"Pho Si Suwan","th":"","prov":"","code":"33"},"geometry":{"type":"MultiPolygon","coordinates":[[[[104.015,15.29],[104.003,15.289],[103.997,15.295],[103.999,15.273],[103.991,15.268],[103.974,15.282],[103.978,15.264],[104.021,15.242],[104.045,15.221],[104.07,15.176],[104.094,15.163],[104.111,15.161],[104.11,15.189],[104.121,15.204],[104.125,15.234],[104.121,15.248],[104.128,15.263],[104.097,15.269],[104.096,15.276],[104.058,15.267],[104.032,15.287],[104.015,15.29]]]]}},{"type":"Feature","id":618,"properties":{"id":618,"en":"Pho Tak","th":"","prov":"","code":"43"},"geometry":{"type":"MultiPolygon","coordinates":[[[[102.441,17.82],[102.456,17.833],[102.46,17.828],[102.468,17.83],[102.472,17.846],[102.483,17.845],[102.48,17.851],[102.494,17.863],[102.498,17.858],[102.503,17.87],[102.483,17.881],[102.464,17.909],[102.457,17.938],[102.429,17.939],[102.404,17.951],[102.386,17.974],[102.378,17.946],[102.374,17.935],[102.356,17.923],[102.357,17.916],[102.364,17.917],[102.368,17.904],[102.39,17.894],[102.4,17.877],[102.396,17.864],[102.403,17.855],[102.4,17.844],[102.41,17.841],[102.41,17.833],[102.425,17.821],[102.441,17.82]]]]}},{"type":"Feature","id":619,"properties":{"id":619,"en":"Pho Thale","th":"โพทะเล","prov":"พิจิตร","code":"66"},"geometry":{"type":"MultiPolygon","coordinates":[[[[100.358,16.118],[100.349,16.124],[100.344,16.145],[100.333,16.145],[100.332,16.168],[100.301,16.176],[100.287,16.188],[100.264,16.185],[100.26,16.191],[100.255,16.157],[100.25,16.157],[100.229,16.169],[100.224,16.192],[100.197,16.19],[100.186,16.182],[100.182,16.156],[100.176,16.147],[100.174,16.152],[100.171,16.148],[100.165,16.11],[100.141,16.099],[100.129,16.071],[100.117,16.08],[100.109,16.076],[100.118,16.059],[100.115,16.047],[100.13,16.035],[100.127,16.028],[100.138,16.012],[100.148,15.989],[100.162,15.978],[100.161,15.959],[100.168,15.958],[100.173,15.937],[100.182,15.929],[100.201,15.935],[100.229,15.927],[100.247,15.938],[100.241,15.946],[100.255,15.961],[100.269,15.94],[100.31,15.961],[100.3,15.983],[100.318,16.001],[100.329,16.001],[100.331,16.021],[100.342,16.035],[100.339,16.049],[100.369,16.091],[100.365,16.098],[100.372,16.107],[100.358,16.118]]]]}},{"type":"Feature","id":620,"properties":{"id":620,"en":"Pho Thong","th":"","prov":"","code":"15"},"geometry":{"type":"MultiPolygon","coordinates":[[[[100.42,14.727],[100.415,14.728],[100.412,14.753],[100.403,14.759],[100.393,14.744],[100.383,14.744],[100.382,14.735],[100.372,14.732],[100.378,14.721],[100.357,14.727],[100.34,14.719],[100.316,14.695],[100.303,14.701],[100.277,14.697],[100.27,14.71],[100.23,14.709],[100.215,14.724],[100.212,14.718],[100.204,14.721],[100.224,14.689],[100.222,14.665],[100.236,14.654],[100.248,14.652],[100.263,14.663],[100.27,14.663],[100.275,14.64],[100.297,14.632],[100.307,14.632],[100.306,14.647],[100.329,14.663],[100.361,14.637],[100.359,14.613],[100.396,14.603],[100.393,14.609],[100.4,14.626],[100.432,14.627],[100.431,14.634],[100.439,14.636],[100.441,14.651],[100.432,14.661],[100.436,14.667],[100.426,14.672],[100.434,14.698],[100.42,14.727]]]]}},{"type":"Feature","id":621,"properties":{"id":621,"en":"Phon","th":"พล","prov":"ขอนแก่น","code":"40"},"geometry":{"type":"MultiPolygon","coordinates":[[[[102.598,15.712],[102.609,15.728],[102.65,15.715],[102.668,15.716],[102.679,15.728],[102.675,15.762],[102.689,15.78],[102.686,15.79],[102.692,15.803],[102.7,15.814],[102.709,15.814],[102.694,15.837],[102.709,15.867],[102.696,15.904],[102.67,15.901],[102.628,15.912],[102.61,15.911],[102.595,15.921],[102.592,15.935],[102.571,15.933],[102.574,15.925],[102.584,15.922],[102.575,15.904],[102.567,15.907],[102.563,15.896],[102.536,15.885],[102.517,15.889],[102.51,15.855],[102.499,15.839],[102.51,15.835],[102.509,15.821],[102.5,15.821],[102.508,15.807],[102.506,15.787],[102.48,15.788],[102.461,15.782],[102.453,15.717],[102.479,15.718],[102.513,15.728],[102.532,15.711],[102.556,15.704],[102.598,15.712]]]]}},{"type":"Feature","id":622,"properties":{"id":622,"en":"Phon Charoen","th":"พรเจริญ","prov":"บึงกาฬ","code":"38"},"geometry":{"type":"MultiPolygon","coordinates":[[[[103.704,17.942],[103.709,17.941],[103.713,17.949],[103.724,17.983],[103.722,17.996],[103.734,18.018],[103.721,18.027],[103.753,18.043],[103.774,18.087],[103.783,18.087],[103.787,18.093],[103.782,18.097],[103.789,18.1],[103.779,18.106],[103.769,18.095],[103.743,18.105],[103.739,18.096],[103.728,18.095],[103.651,18.158],[103.648,18.174],[103.593,18.184],[103.6,18.193],[103.585,18.199],[103.577,18.186],[103.566,18.186],[103.57,18.182],[103.558,18.172],[103.554,18.159],[103.547,18.162],[103.534,18.152],[103.538,18.147],[103.532,18.139],[103.539,18.133],[103.532,18.119],[103.549,18.112],[103.543,18.108],[103.545,18.101],[103.554,18.111],[103.555,18.099],[103.55,18.097],[103.559,18.089],[103.542,18.088],[103.547,18.078],[103.538,18.072],[103.542,18.065],[103.559,18.062],[103.581,18.038],[103.595,18.05],[103.595,18.044],[103.606,18.035],[103.611,18.013],[103.641,18.013],[103.632,18.004],[103.621,18.003],[103.625,17.968],[103.638,17.977],[103.639,17.964],[103.652,17.963],[103.662,17.974],[103.667,17.967],[103.661,17.95],[103.685,17.955],[103.704,17.942]]]]}},{"type":"Feature","id":623,"properties":{"id":623,"en":"Phon Na Kaeo","th":"","prov":"","code":"47"},"geometry":{"type":"MultiPolygon","coordinates":[[[[104.362,17.099],[104.366,17.106],[104.372,17.103],[104.392,17.112],[104.391,17.123],[104.409,17.139],[104.389,17.148],[104.391,17.178],[104.435,17.24],[104.425,17.248],[104.426,17.255],[104.406,17.28],[104.37,17.29],[104.338,17.272],[104.336,17.264],[104.269,17.27],[104.275,17.281],[104.264,17.293],[104.23,17.3],[104.233,17.31],[104.209,17.316],[104.208,17.326],[104.203,17.319],[104.184,17.32],[104.18,17.306],[104.185,17.293],[104.195,17.292],[104.217,17.268],[104.208,17.236],[104.197,17.232],[104.193,17.223],[104.186,17.191],[104.19,17.18],[104.232,17.167],[104.255,17.143],[104.278,17.153],[104.292,17.146],[104.32,17.153],[104.329,17.123],[104.34,17.12],[104.336,17.115],[104.341,17.111],[104.353,17.115],[104.353,17.104],[104.362,17.099]]]]}},{"type":"Feature","id":624,"properties":{"id":624,"en":"Phon Phisai","th":"โพนพิสัย","prov":"หนองคาย","code":"43"},"geometry":{"type":"MultiPolygon","coordinates":[[[[103.359,17.857],[103.336,17.876],[103.308,17.888],[103.325,17.905],[103.302,17.917],[103.316,17.919],[103.318,17.926],[103.329,17.92],[103.359,17.922],[103.354,17.942],[103.34,17.957],[103.317,17.962],[103.301,17.948],[103.274,17.948],[103.268,17.956],[103.251,17.956],[103.243,17.974],[103.245,17.996],[103.233,17.987],[103.182,17.996],[103.177,18.005],[103.183,18.025],[103.179,18.034],[103.186,18.044],[103.179,18.049],[103.186,18.062],[103.207,18.073],[103.22,18.09],[103.202,18.122],[103.187,18.131],[103.166,18.126],[103.161,18.13],[103.154,18.123],[103.14,18.127],[103.143,18.143],[103.138,18.144],[103.145,18.152],[103.138,18.164],[103.081,18.127],[103.072,18.075],[103.081,18.046],[103.079,18.034],[103.056,17.998],[103.023,17.973],[102.99,17.977],[102.983,17.969],[102.971,17.972],[102.969,17.965],[102.941,17.96],[102.935,17.973],[102.931,17.968],[102.923,17.971],[102.924,17.961],[102.905,17.952],[102.912,17.943],[102.903,17.933],[102.896,17.939],[102.884,17.929],[102.887,17.937],[102.876,17.939],[102.878,17.924],[102.867,17.915],[102.859,17.915],[102.876,17.914],[102.894,17.891],[102.927,17.893],[102.937,17.885],[102.944,17.855],[102.961,17.827],[102.969,17.824],[102.982,17.83],[102.988,17.843],[103.004,17.842],[103.004,17.862],[103.012,17.862],[103.012,17.876],[103.038,17.878],[103.037,17.891],[103.044,17.893],[103.052,17.88],[103.078,17.886],[103.082,17.874],[103.095,17.866],[103.1,17.87],[103.101,17.857],[103.109,17.854],[103.107,17.861],[103.114,17.861],[103.117,17.844],[103.128,17.844],[103.123,17.832],[103.136,17.825],[103.132,17.816],[103.153,17.803],[103.167,17.816],[103.175,17.854],[103.191,17.872],[103.2,17.866],[103.208,17.873],[103.221,17.87],[103.239,17.88],[103.24,17.886],[103.266,17.865],[103.269,17.849],[103.3,17.827],[103.329,17.824],[103.342,17.851],[103.359,17.857]]]]}},{"type":"Feature","id":625,"properties":{"id":625,"en":"Phon Sai","th":"","prov":"","code":"45"},"geometry":{"type":"MultiPolygon","coordinates":[[[[103.936,15.558],[103.915,15.54],[103.905,15.545],[103.904,15.554],[103.899,15.551],[103.893,15.558],[103.865,15.55],[103.855,15.556],[103.846,15.554],[103.846,15.544],[103.826,15.526],[103.826,15.509],[103.833,15.513],[103.856,15.488],[103.859,15.449],[103.877,15.468],[103.887,15.454],[103.891,15.469],[103.898,15.443],[103.907,15.437],[103.924,15.439],[103.93,15.432],[103.946,15.439],[103.948,15.433],[103.941,15.428],[103.95,15.413],[103.96,15.417],[103.962,15.424],[103.976,15.425],[103.971,15.407],[103.989,15.407],[103.996,15.448],[104.018,15.464],[104.032,15.489],[104.06,15.502],[104.05,15.504],[104.039,15.523],[104.032,15.52],[104.024,15.528],[104.025,15.522],[104.021,15.523],[104.013,15.533],[104.012,15.526],[104.008,15.531],[104.005,15.526],[104.001,15.536],[103.986,15.538],[103.98,15.548],[103.962,15.536],[103.955,15.54],[103.954,15.55],[103.944,15.543],[103.944,15.55],[103.936,15.549],[103.94,15.552],[103.936,15.558]]]]}},{"type":"Feature","id":626,"properties":{"id":626,"en":"Phon Sawan","th":"","prov":"","code":"48"},"geometry":{"type":"MultiPolygon","coordinates":[[[[104.413,17.361],[104.46,17.366],[104.476,17.374],[104.493,17.37],[104.538,17.407],[104.554,17.432],[104.565,17.436],[104.597,17.426],[104.612,17.433],[104.621,17.429],[104.622,17.42],[104.648,17.427],[104.637,17.442],[104.61,17.441],[104.594,17.45],[104.576,17.494],[104.547,17.517],[104.553,17.527],[104.534,17.551],[104.522,17.549],[104.517,17.556],[104.491,17.543],[104.469,17.549],[104.441,17.538],[104.395,17.547],[104.388,17.537],[104.391,17.53],[104.38,17.529],[104.367,17.547],[104.362,17.535],[104.352,17.522],[104.328,17.518],[104.317,17.535],[104.301,17.529],[104.286,17.537],[104.265,17.519],[104.264,17.501],[104.253,17.508],[104.242,17.502],[104.179,17.503],[104.19,17.462],[104.188,17.45],[104.212,17.414],[104.252,17.416],[104.287,17.432],[104.318,17.432],[104.339,17.422],[104.374,17.421],[104.386,17.412],[104.396,17.415],[104.391,17.422],[104.397,17.428],[104.414,17.427],[104.418,17.418],[104.41,17.404],[104.415,17.395],[104.407,17.379],[104.413,17.361]]]]}},{"type":"Feature","id":627,"properties":{"id":627,"en":"Phon Thong","th":"โพนทอง","prov":"ร้อยเอ็ด","code":"45"},"geometry":{"type":"MultiPolygon","coordinates":[[[[103.89,16.453],[103.876,16.433],[103.885,16.409],[103.856,16.34],[103.84,16.328],[103.823,16.326],[103.818,16.312],[103.803,16.306],[103.841,16.284],[103.839,16.229],[103.847,16.209],[103.86,16.203],[103.858,16.191],[103.889,16.198],[103.945,16.175],[103.982,16.174],[103.994,16.162],[103.988,16.141],[103.993,16.146],[103.999,16.132],[104.012,16.146],[104.006,16.156],[104.011,16.161],[104.035,16.16],[104.058,16.149],[104.068,16.154],[104.087,16.146],[104.119,16.19],[104.129,16.189],[104.13,16.196],[104.122,16.223],[104.089,16.229],[104.085,16.235],[104.074,16.23],[104.077,16.245],[104.068,16.25],[104.078,16.25],[104.073,16.263],[104.077,16.279],[104.066,16.294],[104.064,16.309],[104.039,16.298],[104.021,16.297],[104.017,16.304],[104.024,16.315],[104.018,16.336],[104.031,16.345],[104.033,16.357],[104.038,16.357],[104.032,16.361],[104.039,16.367],[104.037,16.374],[104.044,16.376],[104.047,16.385],[104.039,16.396],[104.036,16.438],[104.001,16.445],[103.974,16.431],[103.948,16.444],[103.928,16.434],[103.914,16.439],[103.91,16.454],[103.904,16.447],[103.89,16.453]]]]}},{"type":"Feature","id":628,"properties":{"id":628,"en":"Phop Phra","th":"พบพระ","prov":"ตาก","code":"63"},"geometry":{"type":"MultiPolygon","coordinates":[[[[99.031,16.422],[99.037,16.441],[99.032,16.468],[99.036,16.489],[99.029,16.495],[99.021,16.493],[98.992,16.544],[98.97,16.558],[98.965,16.573],[98.957,16.572],[98.959,16.581],[98.95,16.593],[98.956,16.603],[98.945,16.61],[98.954,16.629],[98.935,16.642],[98.913,16.619],[98.895,16.615],[98.875,16.62],[98.831,16.606],[98.824,16.615],[98.8,16.607],[98.782,16.612],[98.754,16.596],[98.749,16.571],[98.736,16.558],[98.707,16.552],[98.688,16.533],[98.655,16.545],[98.641,16.535],[98.608,16.546],[98.595,16.537],[98.606,16.525],[98.633,16.477],[98.65,16.472],[98.657,16.456],[98.639,16.431],[98.636,16.411],[98.656,16.399],[98.648,16.394],[98.658,16.378],[98.653,16.37],[98.664,16.365],[98.653,16.352],[98.666,16.347],[98.669,16.326],[98.663,16.319],[98.672,16.317],[98.666,16.292],[98.676,16.271],[98.681,16.281],[98.695,16.27],[98.703,16.271],[98.707,16.294],[98.719,16.295],[98.719,16.311],[98.728,16.314],[98.729,16.331],[98.747,16.346],[98.777,16.344],[98.784,16.368],[98.817,16.385],[98.813,16.394],[98.83,16.422],[98.846,16.419],[98.861,16.428],[98.878,16.425],[98.919,16.384],[98.936,16.39],[98.987,16.373],[98.994,16.38],[99.011,16.375],[99.027,16.381],[99.016,16.387],[99.02,16.419],[99.031,16.422]]]]}},{"type":"Feature","id":629,"properties":{"id":629,"en":"Photharam","th":"โพธาราม","prov":"ราชบุรี","code":"70"},"geometry":{"type":"MultiPolygon","coordinates":[[[[99.606,13.796],[99.563,13.765],[99.533,13.76],[99.544,13.751],[99.536,13.745],[99.537,13.726],[99.552,13.706],[99.565,13.713],[99.608,13.705],[99.622,13.695],[99.634,13.695],[99.634,13.703],[99.66,13.703],[99.656,13.699],[99.663,13.692],[99.679,13.693],[99.693,13.682],[99.666,13.683],[99.684,13.674],[99.693,13.667],[99.689,13.66],[99.721,13.655],[99.756,13.634],[99.781,13.637],[99.79,13.625],[99.81,13.629],[99.828,13.613],[99.84,13.617],[99.863,13.611],[99.876,13.631],[99.881,13.614],[99.895,13.61],[99.908,13.633],[99.905,13.659],[99.913,13.668],[99.904,13.673],[99.907,13.683],[99.893,13.703],[99.896,13.717],[99.908,13.727],[99.948,13.738],[99.938,13.77],[99.888,13.762],[99.883,13.749],[99.872,13.749],[99.856,13.76],[99.842,13.757],[99.838,13.747],[99.829,13.749],[99.832,13.76],[99.818,13.754],[99.791,13.767],[99.784,13.763],[99.797,13.753],[99.773,13.752],[99.717,13.77],[99.688,13.786],[99.669,13.78],[99.606,13.796]]]]}},{"type":"Feature","id":632,"properties":{"id":632,"en":"Phra Nakhon Si Ayutthaya","th":"พระนครศรีอยุธยา","prov":"พระนครศรีอยุธยา","code":"14"},"geometry":{"type":"MultiPolygon","coordinates":[[[[100.508,14.325],[100.527,14.28],[100.548,14.301],[100.587,14.304],[100.585,14.321],[100.63,14.323],[100.617,14.336],[100.626,14.336],[100.62,14.347],[100.601,14.342],[100.607,14.357],[100.615,14.359],[100.615,14.393],[100.576,14.394],[100.574,14.405],[100.55,14.405],[100.505,14.406],[100.499,14.401],[100.501,14.385],[100.521,14.373],[100.509,14.336],[100.516,14.334],[100.508,14.325]]]]}},{"type":"Feature","id":633,"properties":{"id":633,"en":"Phra Phrom","th":"","prov":"","code":"80"},"geometry":{"type":"MultiPolygon","coordinates":[[[[100.003,8.253],[99.985,8.305],[99.98,8.357],[99.97,8.392],[99.95,8.385],[99.943,8.388],[99.946,8.397],[99.933,8.397],[99.927,8.392],[99.93,8.386],[99.913,8.389],[99.913,8.382],[99.892,8.382],[99.868,8.371],[99.871,8.365],[99.898,8.359],[99.892,8.358],[99.893,8.345],[99.877,8.341],[99.866,8.312],[99.86,8.306],[99.865,8.298],[99.882,8.295],[99.887,8.285],[99.891,8.289],[99.911,8.282],[99.921,8.265],[99.936,8.272],[99.961,8.254],[99.977,8.262],[100.003,8.253]]]]}},{"type":"Feature","id":634,"properties":{"id":634,"en":"Phra Phutthabat","th":"พระพุทธบาท","prov":"สระบุรี","code":"19"},"geometry":{"type":"MultiPolygon","coordinates":[[[[100.804,14.6],[100.821,14.606],[100.823,14.621],[100.838,14.622],[100.847,14.651],[100.857,14.657],[100.859,14.676],[100.845,14.706],[100.853,14.729],[100.865,14.726],[100.887,14.739],[100.907,14.735],[100.919,14.745],[100.944,14.742],[100.941,14.751],[100.912,14.757],[100.901,14.77],[100.867,14.768],[100.862,14.783],[100.845,14.79],[100.847,14.802],[100.837,14.805],[100.82,14.804],[100.814,14.795],[100.799,14.792],[100.767,14.797],[100.752,14.779],[100.738,14.777],[100.708,14.745],[100.724,14.731],[100.723,14.711],[100.714,14.71],[100.725,14.688],[100.738,14.679],[100.759,14.68],[100.748,14.657],[100.777,14.654],[100.804,14.638],[100.792,14.616],[100.805,14.606],[100.804,14.6]]]]}},{"type":"Feature","id":635,"properties":{"id":635,"en":"Phra Pradaeng","th":"พระประแดง","prov":"สมุทรปราการ","code":"11"},"geometry":{"type":"MultiPolygon","coordinates":[[[[100.589,13.683],[100.578,13.7],[100.555,13.705],[100.547,13.673],[100.537,13.669],[100.52,13.676],[100.515,13.645],[100.516,13.613],[100.526,13.599],[100.569,13.637],[100.587,13.629],[100.592,13.664],[100.579,13.669],[100.589,13.683]]]]}},{"type":"Feature","id":636,"properties":{"id":636,"en":"Phra Samut Chedi","th":"พระสมุทรเจดีย์","prov":"สมุทรปราการ","code":"11"},"geometry":{"type":"MultiPolygon","coordinates":[[[[100.454,13.502],[100.488,13.501],[100.52,13.511],[100.531,13.506],[100.572,13.515],[100.587,13.53],[100.584,13.539],[100.597,13.539],[100.576,13.563],[100.592,13.594],[100.591,13.606],[100.585,13.61],[100.551,13.619],[100.526,13.599],[100.524,13.606],[100.514,13.603],[100.491,13.586],[100.477,13.603],[100.47,13.593],[100.464,13.606],[100.454,13.606],[100.444,13.553],[100.454,13.502]]]]}},{"type":"Feature","id":637,"properties":{"id":637,"en":"Phra Thong Kham","th":"","prov":"","code":"30"},"geometry":{"type":"MultiPolygon","coordinates":[[[[101.878,15.389],[101.883,15.373],[101.916,15.353],[101.924,15.334],[101.934,15.331],[101.92,15.317],[101.932,15.291],[101.951,15.28],[101.94,15.252],[101.969,15.241],[101.974,15.222],[101.978,15.221],[101.976,15.229],[101.985,15.235],[102.014,15.247],[102.015,15.264],[102.005,15.262],[102.005,15.266],[102.026,15.276],[102.026,15.293],[102.035,15.294],[102.036,15.304],[102.061,15.278],[102.075,15.285],[102.079,15.299],[102.103,15.308],[102.111,15.312],[102.086,15.318],[102.08,15.334],[102.061,15.355],[102.071,15.377],[102.049,15.387],[102.048,15.433],[102,15.462],[101.937,15.456],[101.932,15.436],[101.912,15.436],[101.911,15.422],[101.878,15.389]]]]}},{"type":"Feature","id":638,"properties":{"id":638,"en":"Phra Yuen","th":"พระยืน","prov":"ขอนแก่น","code":"40"},"geometry":{"type":"MultiPolygon","coordinates":[[[[102.527,16.343],[102.532,16.328],[102.527,16.312],[102.538,16.306],[102.571,16.316],[102.6,16.286],[102.618,16.286],[102.65,16.275],[102.675,16.261],[102.678,16.248],[102.693,16.246],[102.694,16.24],[102.712,16.248],[102.745,16.243],[102.743,16.247],[102.761,16.27],[102.761,16.289],[102.767,16.296],[102.769,16.29],[102.773,16.299],[102.778,16.293],[102.777,16.32],[102.772,16.322],[102.78,16.327],[102.776,16.334],[102.764,16.34],[102.737,16.334],[102.694,16.344],[102.683,16.376],[102.674,16.381],[102.623,16.363],[102.606,16.349],[102.567,16.347],[102.545,16.356],[102.527,16.343]]]]}},{"type":"Feature","id":639,"properties":{"id":639,"en":"Phrai Bueng","th":"ไพรบึง","prov":"ศรีสะเกษ","code":"33"},"geometry":{"type":"MultiPolygon","coordinates":[[[[104.313,14.648],[104.347,14.669],[104.396,14.683],[104.402,14.697],[104.422,14.707],[104.423,14.718],[104.412,14.739],[104.42,14.759],[104.403,14.766],[104.4,14.785],[104.385,14.795],[104.391,14.803],[104.384,14.818],[104.386,14.827],[104.399,14.83],[104.399,14.839],[104.404,14.841],[104.4,14.854],[104.384,14.855],[104.35,14.878],[104.293,14.887],[104.275,14.831],[104.29,14.797],[104.305,14.79],[104.311,14.749],[104.296,14.734],[104.311,14.717],[104.296,14.704],[104.285,14.676],[104.313,14.648]]]]}},{"type":"Feature","id":640,"properties":{"id":640,"en":"Phran Kratai","th":"พรานกระต่าย","prov":"กำแพงเพชร","code":"62"},"geometry":{"type":"MultiPolygon","coordinates":[[[[99.433,16.876],[99.423,16.883],[99.411,16.872],[99.384,16.867],[99.378,16.848],[99.387,16.838],[99.382,16.822],[99.388,16.813],[99.385,16.808],[99.37,16.804],[99.346,16.813],[99.324,16.813],[99.315,16.794],[99.292,16.785],[99.295,16.772],[99.329,16.765],[99.336,16.738],[99.353,16.742],[99.369,16.736],[99.378,16.694],[99.409,16.681],[99.415,16.673],[99.408,16.664],[99.414,16.657],[99.494,16.648],[99.518,16.634],[99.54,16.593],[99.563,16.591],[99.599,16.562],[99.635,16.548],[99.64,16.54],[99.676,16.557],[99.685,16.555],[99.69,16.551],[99.685,16.525],[99.703,16.52],[99.72,16.523],[99.747,16.531],[99.755,16.57],[99.723,16.588],[99.74,16.609],[99.737,16.624],[99.729,16.629],[99.741,16.65],[99.758,16.664],[99.76,16.675],[99.755,16.681],[99.76,16.685],[99.759,16.711],[99.756,16.722],[99.742,16.73],[99.745,16.744],[99.72,16.723],[99.709,16.725],[99.696,16.717],[99.693,16.732],[99.675,16.728],[99.654,16.746],[99.643,16.744],[99.622,16.757],[99.601,16.79],[99.578,16.807],[99.581,16.819],[99.572,16.835],[99.571,16.86],[99.56,16.853],[99.545,16.862],[99.542,16.84],[99.531,16.825],[99.517,16.858],[99.514,16.882],[99.497,16.893],[99.489,16.911],[99.474,16.905],[99.448,16.87],[99.433,16.876]]]]}},{"type":"Feature","id":641,"properties":{"id":641,"en":"Phrao","th":"พร้าว","prov":"เชียงใหม่","code":"50"},"geometry":{"type":"MultiPolygon","coordinates":[[[[99.136,19.571],[99.114,19.546],[99.117,19.53],[99.121,19.521],[99.13,19.526],[99.155,19.513],[99.156,19.475],[99.145,19.478],[99.126,19.454],[99.123,19.43],[99.134,19.412],[99.112,19.408],[99.097,19.384],[99.105,19.364],[99.086,19.329],[99.084,19.313],[99.093,19.288],[99.077,19.262],[99.081,19.257],[99.104,19.255],[99.122,19.234],[99.122,19.225],[99.155,19.198],[99.154,19.191],[99.14,19.18],[99.14,19.17],[99.127,19.162],[99.133,19.146],[99.108,19.132],[99.136,19.099],[99.133,19.089],[99.113,19.072],[99.135,19.047],[99.135,19.039],[99.144,19.039],[99.153,19.026],[99.152,19.012],[99.159,19.007],[99.182,19.01],[99.211,18.994],[99.222,19],[99.252,19],[99.253,19.03],[99.283,19.033],[99.29,19.04],[99.302,19.052],[99.304,19.066],[99.332,19.082],[99.341,19.096],[99.321,19.124],[99.319,19.165],[99.306,19.176],[99.304,19.193],[99.315,19.209],[99.311,19.225],[99.343,19.268],[99.336,19.284],[99.339,19.298],[99.327,19.319],[99.334,19.33],[99.334,19.352],[99.332,19.378],[99.323,19.397],[99.331,19.398],[99.308,19.431],[99.319,19.455],[99.305,19.475],[99.308,19.489],[99.299,19.487],[99.295,19.495],[99.306,19.527],[99.326,19.539],[99.317,19.555],[99.297,19.561],[99.295,19.571],[99.244,19.561],[99.228,19.573],[99.21,19.571],[99.209,19.577],[99.197,19.581],[99.166,19.571],[99.159,19.583],[99.136,19.571]]]]}},{"type":"Feature","id":642,"properties":{"id":642,"en":"Phrasaeng","th":"พระแสง","prov":"สุราษฎร์ธานี","code":"84"},"geometry":{"type":"MultiPolygon","coordinates":[[[[99.205,8.366],[99.201,8.362],[99.209,8.336],[99.232,8.318],[99.263,8.301],[99.281,8.304],[99.282,8.311],[99.291,8.309],[99.289,8.317],[99.283,8.316],[99.276,8.351],[99.262,8.35],[99.247,8.367],[99.241,8.367],[99.234,8.386],[99.235,8.4],[99.246,8.404],[99.262,8.437],[99.26,8.448],[99.271,8.458],[99.276,8.455],[99.295,8.474],[99.288,8.484],[99.295,8.489],[99.281,8.494],[99.281,8.488],[99.277,8.49],[99.282,8.5],[99.271,8.507],[99.272,8.521],[99.265,8.524],[99.268,8.538],[99.283,8.543],[99.283,8.549],[99.273,8.56],[99.251,8.566],[99.255,8.571],[99.266,8.571],[99.257,8.58],[99.263,8.599],[99.259,8.61],[99.269,8.607],[99.26,8.63],[99.265,8.631],[99.264,8.639],[99.277,8.634],[99.28,8.646],[99.269,8.654],[99.247,8.649],[99.215,8.647],[99.211,8.636],[99.195,8.643],[99.184,8.635],[99.172,8.647],[99.141,8.634],[99.115,8.648],[99.112,8.663],[99.097,8.673],[99.065,8.666],[99.044,8.678],[99.038,8.671],[99.019,8.686],[98.996,8.681],[98.982,8.695],[98.939,8.685],[98.922,8.708],[98.907,8.717],[98.898,8.718],[98.888,8.681],[98.903,8.648],[98.902,8.631],[98.92,8.615],[98.919,8.596],[98.929,8.593],[98.938,8.578],[98.935,8.558],[98.941,8.552],[98.967,8.55],[98.978,8.543],[98.992,8.551],[99.025,8.552],[99.024,8.516],[99.078,8.515],[99.087,8.522],[99.1,8.514],[99.113,8.531],[99.13,8.507],[99.17,8.5],[99.196,8.486],[99.204,8.474],[99.196,8.424],[99.205,8.366]]]]}},{"type":"Feature","id":643,"properties":{"id":643,"en":"Phrom Buri","th":"พรหมบุรี","prov":"สิงห์บุรี","code":"17"},"geometry":{"type":"MultiPolygon","coordinates":[[[[100.458,14.721],[100.463,14.726],[100.475,14.723],[100.474,14.731],[100.488,14.748],[100.472,14.762],[100.478,14.766],[100.472,14.769],[100.476,14.772],[100.468,14.798],[100.483,14.811],[100.464,14.821],[100.466,14.829],[100.456,14.833],[100.458,14.857],[100.444,14.849],[100.431,14.851],[100.408,14.819],[100.409,14.803],[100.416,14.803],[100.41,14.793],[100.421,14.79],[100.425,14.781],[100.423,14.751],[100.415,14.748],[100.413,14.738],[100.416,14.725],[100.438,14.728],[100.458,14.721]]]]}},{"type":"Feature","id":644,"properties":{"id":644,"en":"Phrom Khiri","th":"พรหมคีรี","prov":"นครศรีธรรมราช","code":"80"},"geometry":{"type":"MultiPolygon","coordinates":[[[[99.798,8.47],[99.806,8.484],[99.814,8.477],[99.849,8.491],[99.859,8.486],[99.874,8.495],[99.885,8.49],[99.9,8.505],[99.948,8.509],[99.951,8.515],[99.943,8.519],[99.933,8.54],[99.91,8.549],[99.899,8.543],[99.856,8.55],[99.848,8.567],[99.833,8.569],[99.829,8.592],[99.836,8.599],[99.831,8.62],[99.812,8.623],[99.803,8.618],[99.78,8.628],[99.779,8.621],[99.761,8.612],[99.716,8.615],[99.709,8.606],[99.713,8.588],[99.708,8.577],[99.72,8.562],[99.717,8.548],[99.733,8.548],[99.74,8.533],[99.738,8.523],[99.745,8.505],[99.734,8.494],[99.762,8.492],[99.782,8.474],[99.798,8.47]]]]}},{"type":"Feature","id":645,"properties":{"id":645,"en":"Phrom Phiram","th":"พรหมพิราม","prov":"พิษณุโลก","code":"65"},"geometry":{"type":"MultiPolygon","coordinates":[[[[100.121,16.907],[100.138,16.93],[100.145,16.928],[100.164,16.94],[100.183,16.938],[100.186,16.929],[100.195,16.929],[100.21,16.915],[100.232,16.913],[100.219,16.951],[100.233,16.952],[100.281,16.934],[100.272,16.983],[100.281,16.997],[100.28,17.02],[100.261,17.023],[100.259,17.037],[100.286,17.034],[100.327,17.071],[100.32,17.099],[100.301,17.126],[100.292,17.153],[100.287,17.18],[100.295,17.208],[100.282,17.221],[100.25,17.223],[100.23,17.212],[100.182,17.206],[100.168,17.201],[100.16,17.166],[100.15,17.186],[100.136,17.181],[100.102,17.189],[100.078,17.182],[100.036,17.181],[100.014,17.139],[99.996,17.139],[100.009,17.151],[99.985,17.16],[99.981,17.156],[99.968,17.169],[99.951,17.167],[99.959,17.147],[99.961,17.113],[99.983,17.101],[99.985,17.078],[99.998,17.086],[100.006,17.073],[100.014,17.073],[100.005,17.044],[100.023,17.026],[100.041,17.022],[100.044,17.011],[100.061,17.013],[100.071,17.001],[100.079,17.002],[100.077,16.992],[100.087,16.988],[100.094,16.992],[100.1,16.975],[100.108,16.972],[100.098,16.97],[100.104,16.968],[100.11,16.945],[100.107,16.925],[100.112,16.913],[100.121,16.907]]]]}},{"type":"Feature","id":646,"properties":{"id":646,"en":"Phu Kamyao","th":"ภูกามยาว","prov":"พะเยา","code":"56"},"geometry":{"type":"MultiPolygon","coordinates":[[[[100.005,19.429],[99.998,19.436],[99.992,19.429],[99.948,19.429],[99.92,19.406],[99.93,19.362],[99.926,19.305],[99.913,19.251],[99.929,19.241],[99.929,19.23],[99.945,19.212],[99.974,19.207],[99.975,19.214],[99.992,19.218],[100.016,19.262],[100.011,19.269],[100.02,19.282],[100.016,19.292],[100.023,19.305],[100.025,19.309],[100.013,19.314],[100.018,19.328],[100.009,19.338],[100.015,19.344],[100.008,19.349],[100.003,19.346],[100.003,19.359],[99.997,19.36],[100.002,19.381],[100.013,19.389],[100.027,19.387],[100.021,19.397],[100.002,19.407],[100,19.414],[100.008,19.419],[100.005,19.429]]]]}},{"type":"Feature","id":647,"properties":{"id":647,"en":"Phu Khiao","th":"ภูเขียว","prov":"ชัยภูมิ","code":"36"},"geometry":{"type":"MultiPolygon","coordinates":[[[[102.255,16.461],[102.257,16.467],[102.244,16.47],[102.242,16.48],[102.228,16.484],[102.214,16.501],[102.207,16.498],[102.198,16.504],[102.192,16.499],[102.182,16.506],[102.173,16.492],[102.165,16.502],[102.157,16.498],[102.158,16.503],[102.122,16.494],[102.094,16.499],[102.085,16.492],[102.067,16.495],[102.044,16.461],[102.028,16.457],[101.97,16.469],[101.967,16.467],[101.977,16.457],[101.97,16.452],[101.994,16.405],[101.999,16.381],[102.008,16.37],[102.027,16.378],[102.029,16.372],[102.035,16.376],[102.035,16.367],[102.043,16.369],[102.034,16.358],[102.031,16.331],[102.047,16.339],[102.058,16.333],[102.065,16.315],[102.063,16.289],[102.077,16.279],[102.092,16.257],[102.053,16.251],[102.085,16.21],[102.084,16.195],[102.087,16.191],[102.108,16.203],[102.111,16.213],[102.127,16.215],[102.161,16.2],[102.177,16.174],[102.196,16.173],[102.197,16.185],[102.219,16.221],[102.23,16.222],[102.238,16.234],[102.25,16.238],[102.29,16.238],[102.296,16.241],[102.295,16.258],[102.342,16.266],[102.353,16.287],[102.338,16.29],[102.337,16.303],[102.323,16.31],[102.308,16.372],[102.296,16.368],[102.265,16.378],[102.24,16.374],[102.224,16.384],[102.22,16.411],[102.24,16.437],[102.241,16.45],[102.255,16.461]]]]}},{"type":"Feature","id":648,"properties":{"id":648,"en":"Phu Kradueng","th":"ภูกระดึง","prov":"เลย","code":"42"},"geometry":{"type":"MultiPolygon","coordinates":[[[[102.028,16.862],[102.04,16.858],[102.044,16.868],[102.056,16.868],[102.055,16.876],[102.069,16.89],[102.048,16.905],[102.029,16.951],[102.008,16.957],[101.975,16.954],[101.922,16.993],[101.896,17],[101.871,16.988],[101.824,17.05],[101.825,17.019],[101.812,17.011],[101.807,16.996],[101.768,17.008],[101.758,16.997],[101.743,16.995],[101.715,16.978],[101.709,16.994],[101.689,16.966],[101.673,16.959],[101.679,16.94],[101.692,16.936],[101.687,16.931],[101.692,16.923],[101.686,16.923],[101.683,16.913],[101.681,16.87],[101.679,16.861],[101.689,16.858],[101.686,16.846],[101.691,16.849],[101.693,16.835],[101.707,16.83],[101.722,16.807],[101.719,16.8],[101.7,16.809],[101.686,16.798],[101.704,16.784],[101.718,16.76],[101.731,16.754],[101.786,16.762],[101.863,16.791],[101.881,16.811],[101.901,16.813],[101.951,16.841],[101.944,16.853],[101.956,16.847],[101.962,16.852],[101.974,16.84],[101.978,16.845],[101.979,16.84],[101.994,16.84],[101.999,16.845],[101.996,16.85],[102.006,16.855],[101.999,16.86],[102.01,16.87],[102.028,16.862]]]]}},{"type":"Feature","id":649,"properties":{"id":649,"en":"Phu Luang","th":"ภูหลวง","prov":"เลย","code":"42"},"geometry":{"type":"MultiPolygon","coordinates":[[[[101.475,17.089],[101.504,17.01],[101.536,17.023],[101.545,17.015],[101.552,16.995],[101.567,16.986],[101.575,16.984],[101.588,16.996],[101.607,16.999],[101.629,17.045],[101.65,17.042],[101.647,17.024],[101.675,16.976],[101.67,16.961],[101.678,16.96],[101.709,16.986],[101.707,17.022],[101.719,17.054],[101.716,17.06],[101.728,17.055],[101.761,17.086],[101.761,17.107],[101.769,17.127],[101.756,17.144],[101.77,17.148],[101.769,17.157],[101.788,17.175],[101.788,17.181],[101.768,17.171],[101.751,17.207],[101.717,17.205],[101.68,17.188],[101.649,17.186],[101.606,17.169],[101.47,17.172],[101.474,17.157],[101.471,17.128],[101.48,17.11],[101.475,17.089]]]]}},{"type":"Feature","id":650,"properties":{"id":650,"en":"Phu Pha Man","th":"ภูผาม่าน","prov":"ขอนแก่น","code":"40"},"geometry":{"type":"MultiPolygon","coordinates":[[[[101.941,16.836],[101.901,16.813],[101.881,16.811],[101.863,16.791],[101.797,16.769],[101.786,16.743],[101.792,16.727],[101.776,16.712],[101.772,16.686],[101.75,16.677],[101.754,16.652],[101.765,16.655],[101.779,16.647],[101.774,16.629],[101.805,16.653],[101.82,16.655],[101.823,16.65],[101.833,16.658],[101.852,16.655],[101.874,16.642],[101.89,16.645],[101.906,16.635],[101.905,16.628],[101.91,16.634],[101.92,16.627],[101.938,16.636],[101.955,16.63],[101.955,16.688],[101.944,16.714],[101.936,16.718],[101.932,16.745],[101.945,16.79],[101.941,16.836]]]]}},{"type":"Feature","id":651,"properties":{"id":651,"en":"Phu Phan","th":"ภูพาน","prov":"สกลนคร","code":"47"},"geometry":{"type":"MultiPolygon","coordinates":[[[[103.95,16.776],[103.956,16.819],[103.969,16.812],[103.982,16.835],[104,16.837],[104.023,16.856],[104.047,16.856],[104.052,16.872],[104.071,16.888],[104.102,16.943],[104.078,16.961],[104.081,16.981],[104.068,16.992],[104.082,16.986],[104.087,16.994],[104.059,17.022],[104.041,17.054],[104.029,17.06],[103.994,17.044],[103.99,17.032],[103.967,17.033],[103.945,17.023],[103.925,17.014],[103.9,17.023],[103.884,17.039],[103.811,17.044],[103.772,17.022],[103.765,16.999],[103.74,16.971],[103.75,16.973],[103.784,16.958],[103.776,16.942],[103.781,16.909],[103.792,16.896],[103.789,16.888],[103.806,16.885],[103.808,16.878],[103.822,16.874],[103.824,16.866],[103.835,16.865],[103.835,16.849],[103.843,16.84],[103.869,16.832],[103.875,16.819],[103.888,16.816],[103.923,16.789],[103.935,16.788],[103.937,16.773],[103.95,16.776]]]]}},{"type":"Feature","id":652,"properties":{"id":652,"en":"Phu Phiang","th":"ภูเพียง","prov":"น่าน","code":"55"},"geometry":{"type":"MultiPolygon","coordinates":[[[[100.984,18.848],[100.967,18.86],[100.94,18.863],[100.922,18.857],[100.886,18.863],[100.879,18.857],[100.867,18.866],[100.87,18.876],[100.853,18.916],[100.828,18.931],[100.82,18.923],[100.799,18.929],[100.796,18.916],[100.803,18.913],[100.793,18.907],[100.795,18.902],[100.786,18.907],[100.78,18.886],[100.792,18.868],[100.78,18.848],[100.788,18.824],[100.786,18.806],[100.794,18.801],[100.782,18.777],[100.766,18.765],[100.77,18.75],[100.756,18.739],[100.762,18.734],[100.766,18.719],[100.761,18.711],[100.778,18.708],[100.779,18.693],[100.794,18.675],[100.838,18.69],[100.849,18.688],[100.846,18.676],[100.859,18.671],[100.877,18.678],[100.919,18.668],[100.914,18.676],[100.921,18.695],[100.934,18.697],[100.954,18.716],[100.948,18.73],[100.958,18.74],[100.963,18.773],[100.984,18.813],[100.984,18.848]]]]}},{"type":"Feature","id":653,"properties":{"id":653,"en":"Phu Ruea","th":"ภูเรือ","prov":"เลย","code":"42"},"geometry":{"type":"MultiPolygon","coordinates":[[[[101.472,17.28],[101.488,17.285],[101.531,17.276],[101.527,17.3],[101.538,17.321],[101.516,17.342],[101.517,17.366],[101.511,17.373],[101.525,17.4],[101.516,17.418],[101.527,17.438],[101.535,17.441],[101.535,17.464],[101.519,17.486],[101.521,17.493],[101.501,17.503],[101.497,17.498],[101.486,17.508],[101.445,17.472],[101.431,17.482],[101.39,17.489],[101.374,17.486],[101.35,17.504],[101.344,17.512],[101.351,17.516],[101.35,17.523],[101.324,17.535],[101.317,17.532],[101.288,17.561],[101.265,17.568],[101.247,17.562],[101.242,17.553],[101.232,17.555],[101.225,17.534],[101.24,17.524],[101.233,17.513],[101.254,17.506],[101.265,17.495],[101.263,17.478],[101.27,17.462],[101.272,17.453],[101.256,17.441],[101.26,17.436],[101.268,17.438],[101.279,17.424],[101.269,17.418],[101.277,17.41],[101.27,17.404],[101.279,17.399],[101.271,17.394],[101.285,17.392],[101.28,17.384],[101.287,17.378],[101.277,17.369],[101.297,17.352],[101.278,17.335],[101.275,17.32],[101.28,17.313],[101.326,17.311],[101.357,17.298],[101.365,17.293],[101.383,17.262],[101.393,17.257],[101.415,17.264],[101.431,17.26],[101.461,17.282],[101.472,17.28]]]]}},{"type":"Feature","id":654,"properties":{"id":654,"en":"Phu Sang","th":"ภูซาง","prov":"พะเยา","code":"56"},"geometry":{"type":"MultiPolygon","coordinates":[[[[100.49,19.57],[100.483,19.61],[100.447,19.629],[100.444,19.662],[100.428,19.673],[100.446,19.707],[100.438,19.72],[100.407,19.736],[100.385,19.71],[100.374,19.708],[100.361,19.716],[100.337,19.709],[100.334,19.703],[100.342,19.688],[100.331,19.679],[100.318,19.65],[100.29,19.643],[100.284,19.644],[100.28,19.652],[100.269,19.647],[100.269,19.642],[100.261,19.649],[100.253,19.642],[100.256,19.608],[100.249,19.599],[100.256,19.557],[100.276,19.551],[100.289,19.552],[100.294,19.559],[100.304,19.547],[100.326,19.553],[100.341,19.571],[100.384,19.57],[100.426,19.58],[100.445,19.572],[100.49,19.57]]]]}},{"type":"Feature","id":655,"properties":{"id":655,"en":"Phu Sing","th":"ภูสิงห์","prov":"ศรีสะเกษ","code":"33"},"geometry":{"type":"MultiPolygon","coordinates":[[[[104.057,14.343],[104.09,14.348],[104.102,14.368],[104.13,14.376],[104.138,14.372],[104.136,14.358],[104.143,14.352],[104.176,14.359],[104.173,14.376],[104.189,14.383],[104.202,14.38],[104.214,14.367],[104.233,14.37],[104.277,14.408],[104.278,14.413],[104.262,14.42],[104.264,14.438],[104.251,14.47],[104.26,14.529],[104.241,14.544],[104.249,14.555],[104.248,14.579],[104.211,14.577],[104.198,14.583],[104.192,14.631],[104.167,14.639],[104.155,14.631],[104.136,14.637],[104.135,14.631],[104.126,14.631],[104.12,14.613],[104.093,14.615],[104.085,14.626],[104.057,14.622],[104.055,14.58],[104.046,14.566],[104.047,14.556],[104.032,14.544],[104.035,14.498],[104.054,14.495],[104.047,14.483],[104.058,14.469],[104.05,14.434],[104.053,14.413],[104.047,14.408],[104.051,14.379],[104.044,14.361],[104.057,14.343]]]]}},{"type":"Feature","id":656,"properties":{"id":656,"en":"Phu Wiang","th":"ภูเวียง","prov":"ขอนแก่น","code":"40"},"geometry":{"type":"MultiPolygon","coordinates":[[[[102.301,16.567],[102.324,16.564],[102.328,16.571],[102.364,16.575],[102.38,16.584],[102.411,16.58],[102.424,16.605],[102.454,16.595],[102.468,16.545],[102.481,16.545],[102.491,16.537],[102.499,16.545],[102.518,16.539],[102.523,16.554],[102.532,16.551],[102.53,16.557],[102.557,16.565],[102.545,16.603],[102.558,16.624],[102.57,16.661],[102.595,16.685],[102.607,16.707],[102.606,16.772],[102.543,16.783],[102.496,16.804],[102.472,16.8],[102.459,16.809],[102.45,16.79],[102.439,16.795],[102.439,16.788],[102.428,16.782],[102.423,16.746],[102.407,16.743],[102.402,16.736],[102.361,16.733],[102.363,16.709],[102.347,16.663],[102.278,16.615],[102.285,16.602],[102.308,16.594],[102.315,16.586],[102.301,16.567]]]]}},{"type":"Feature","id":657,"properties":{"id":657,"en":"Phunphin","th":"พุนพิน","prov":"สุราษฎร์ธานี","code":"84"},"geometry":{"type":"MultiPolygon","coordinates":[[[[99.321,8.96],[99.309,8.975],[99.3,8.977],[99.304,9.018],[99.291,9.036],[99.283,9.074],[99.269,9.098],[99.272,9.128],[99.263,9.136],[99.253,9.117],[99.236,9.114],[99.219,9.125],[99.23,9.138],[99.222,9.146],[99.24,9.172],[99.248,9.168],[99.255,9.19],[99.263,9.188],[99.266,9.196],[99.299,9.21],[99.32,9.246],[99.267,9.219],[99.258,9.233],[99.249,9.229],[99.24,9.235],[99.218,9.208],[99.219,9.189],[99.15,9.179],[99.112,9.185],[99.103,9.18],[99.089,9.184],[99.069,9.203],[99.041,9.212],[99.021,9.208],[99.016,9.177],[99.027,9.128],[99.019,9.106],[99.036,9.076],[99.068,9.074],[99.066,9.054],[99.072,9.052],[99.062,9.013],[99.073,9.004],[99.075,8.99],[99.071,8.972],[99.062,8.969],[99.07,8.965],[99.072,8.939],[99.082,8.926],[99.054,8.908],[99.01,8.897],[99.034,8.871],[99.045,8.867],[99.016,8.803],[99.044,8.812],[99.067,8.84],[99.094,8.828],[99.086,8.814],[99.092,8.811],[99.118,8.831],[99.146,8.842],[99.161,8.859],[99.173,8.858],[99.177,8.876],[99.195,8.888],[99.186,8.895],[99.198,8.903],[99.19,8.917],[99.209,8.93],[99.199,8.94],[99.209,8.946],[99.22,8.943],[99.215,8.953],[99.225,8.965],[99.236,8.961],[99.242,8.97],[99.245,8.956],[99.257,8.971],[99.266,8.967],[99.279,8.973],[99.284,8.969],[99.294,8.972],[99.31,8.959],[99.321,8.96]]]]}},{"type":"Feature","id":658,"properties":{"id":658,"en":"Phutthaisong","th":"","prov":"","code":"31"},"geometry":{"type":"MultiPolygon","coordinates":[[[[102.896,15.521],[102.911,15.516],[102.913,15.508],[102.931,15.507],[102.922,15.499],[102.931,15.488],[102.939,15.497],[102.944,15.49],[102.937,15.476],[102.946,15.483],[102.951,15.477],[102.961,15.479],[102.961,15.485],[102.968,15.478],[102.979,15.482],[102.985,15.467],[102.993,15.469],[103.003,15.442],[103.02,15.43],[103.034,15.443],[103.044,15.44],[103.049,15.453],[103.057,15.449],[103.051,15.444],[103.057,15.433],[103.063,15.443],[103.062,15.431],[103.068,15.426],[103.071,15.431],[103.086,15.427],[103.083,15.435],[103.092,15.432],[103.094,15.439],[103.1,15.433],[103.111,15.45],[103.107,15.464],[103.115,15.467],[103.111,15.483],[103.073,15.498],[103.075,15.513],[103.084,15.517],[103.083,15.528],[103.089,15.526],[103.091,15.533],[103.081,15.547],[103.077,15.543],[103.046,15.564],[103.054,15.59],[103.05,15.596],[103.027,15.6],[103.013,15.617],[102.964,15.603],[102.959,15.611],[102.927,15.621],[102.892,15.645],[102.883,15.667],[102.872,15.663],[102.855,15.636],[102.838,15.637],[102.84,15.626],[102.861,15.625],[102.891,15.611],[102.893,15.584],[102.914,15.589],[102.917,15.597],[102.935,15.587],[102.931,15.561],[102.896,15.521]]]]}},{"type":"Feature","id":659,"properties":{"id":659,"en":"Phutthamonthon","th":"พุทธมณฑล","prov":"นครปฐม","code":"73"},"geometry":{"type":"MultiPolygon","coordinates":[[[[100.319,13.823],[100.286,13.892],[100.28,13.89],[100.274,13.905],[100.256,13.904],[100.267,13.865],[100.264,13.829],[100.246,13.829],[100.236,13.803],[100.251,13.801],[100.277,13.803],[100.304,13.796],[100.303,13.791],[100.311,13.794],[100.31,13.768],[100.33,13.763],[100.334,13.782],[100.319,13.823]]]]}},{"type":"Feature","id":660,"properties":{"id":660,"en":"Pla Pak","th":"ปลาปาก","prov":"นครพนม","code":"48"},"geometry":{"type":"MultiPolygon","coordinates":[[[[104.406,17.28],[104.426,17.255],[104.425,17.248],[104.435,17.24],[104.391,17.178],[104.391,17.145],[104.425,17.135],[104.461,17.114],[104.498,17.115],[104.506,17.099],[104.552,17.088],[104.558,17.091],[104.565,17.081],[104.573,17.082],[104.573,17.074],[104.593,17.087],[104.6,17.082],[104.607,17.088],[104.608,17.105],[104.628,17.123],[104.654,17.171],[104.653,17.192],[104.684,17.223],[104.67,17.242],[104.684,17.286],[104.672,17.331],[104.658,17.327],[104.653,17.305],[104.643,17.303],[104.631,17.278],[104.592,17.283],[104.567,17.277],[104.538,17.288],[104.507,17.272],[104.464,17.285],[104.416,17.321],[104.418,17.315],[104.403,17.308],[104.406,17.28]]]]}},{"type":"Feature","id":661,"properties":{"id":661,"en":"Plaeng Yao","th":"","prov":"","code":"24"},"geometry":{"type":"MultiPolygon","coordinates":[[[[101.246,13.57],[101.267,13.568],[101.294,13.534],[101.295,13.525],[101.352,13.481],[101.361,13.464],[101.392,13.474],[101.405,13.472],[101.41,13.466],[101.402,13.45],[101.435,13.45],[101.468,13.425],[101.493,13.449],[101.482,13.461],[101.471,13.461],[101.449,13.468],[101.462,13.486],[101.454,13.49],[101.449,13.517],[101.424,13.531],[101.419,13.547],[101.393,13.558],[101.4,13.584],[101.397,13.609],[101.383,13.599],[101.333,13.643],[101.289,13.657],[101.274,13.675],[101.258,13.669],[101.248,13.655],[101.237,13.666],[101.222,13.658],[101.223,13.632],[101.218,13.616],[101.213,13.616],[101.222,13.605],[101.236,13.603],[101.238,13.58],[101.246,13.57]]]]}},{"type":"Feature","id":662,"properties":{"id":662,"en":"Plai Phraya","th":"ปลายพระยา","prov":"กระบี่","code":"81"},"geometry":{"type":"MultiPolygon","coordinates":[[[[98.926,8.448],[98.945,8.46],[98.951,8.492],[98.943,8.506],[98.942,8.532],[98.932,8.545],[98.939,8.571],[98.929,8.593],[98.919,8.596],[98.92,8.615],[98.902,8.631],[98.903,8.648],[98.888,8.681],[98.841,8.678],[98.801,8.659],[98.798,8.651],[98.787,8.651],[98.771,8.673],[98.748,8.675],[98.723,8.63],[98.703,8.632],[98.704,8.618],[98.708,8.597],[98.691,8.576],[98.682,8.551],[98.706,8.563],[98.718,8.556],[98.755,8.55],[98.752,8.544],[98.767,8.539],[98.752,8.503],[98.754,8.492],[98.772,8.486],[98.755,8.456],[98.774,8.434],[98.786,8.45],[98.819,8.427],[98.878,8.417],[98.885,8.421],[98.885,8.438],[98.894,8.446],[98.926,8.448]]]]}},{"type":"Feature","id":663,"properties":{"id":663,"en":"Pluak Daeng","th":"ปลวกแดง","prov":"ระยอง","code":"21"},"geometry":{"type":"MultiPolygon","coordinates":[[[[101.416,12.969],[101.416,12.986],[101.408,12.992],[101.399,13.021],[101.38,13.039],[101.364,13.045],[101.332,13.081],[101.325,13.084],[101.301,13.073],[101.292,13.057],[101.27,13.062],[101.26,13.075],[101.239,13.065],[101.22,13.078],[101.21,13.075],[101.21,13.08],[101.195,13.089],[101.18,13.085],[101.173,13.074],[101.172,13.059],[101.194,13.055],[101.195,13.044],[101.184,13.027],[101.174,13.028],[101.175,13.02],[101.154,13.031],[101.135,13.017],[101.12,13.033],[101.105,13.028],[101.095,13.034],[101.083,13.004],[101.091,12.998],[101.096,12.975],[101.104,12.973],[101.091,12.96],[101.088,12.921],[101.103,12.92],[101.111,12.932],[101.12,12.932],[101.125,12.94],[101.152,12.931],[101.153,12.913],[101.189,12.905],[101.181,12.895],[101.191,12.89],[101.179,12.886],[101.193,12.886],[101.187,12.879],[101.197,12.864],[101.216,12.868],[101.224,12.864],[101.232,12.879],[101.264,12.867],[101.272,12.879],[101.282,12.877],[101.297,12.897],[101.293,12.918],[101.301,12.921],[101.32,12.912],[101.321,12.933],[101.329,12.933],[101.33,12.943],[101.354,12.954],[101.359,12.964],[101.374,12.953],[101.371,12.941],[101.388,12.929],[101.4,12.943],[101.408,12.937],[101.412,12.942],[101.421,12.957],[101.416,12.969]]]]}},{"type":"Feature","id":665,"properties":{"id":665,"en":"Pong","th":"ปง","prov":"พะเยา","code":"56"},"geometry":{"type":"MultiPolygon","coordinates":[[[[100.236,19.346],[100.237,19.341],[100.228,19.334],[100.233,19.32],[100.246,19.312],[100.25,19.294],[100.26,19.288],[100.265,19.263],[100.244,19.259],[100.226,19.265],[100.213,19.228],[100.191,19.232],[100.144,19.204],[100.136,19.191],[100.125,19.155],[100.115,19.157],[100.112,19.146],[100.107,19.077],[100.125,19.059],[100.111,19.025],[100.142,19.007],[100.18,19.013],[100.222,19.031],[100.234,19.023],[100.249,19.027],[100.25,19.014],[100.271,19.021],[100.292,19.049],[100.308,19.053],[100.315,19.07],[100.34,19.063],[100.347,19.043],[100.447,19.033],[100.445,19.018],[100.457,19.009],[100.478,19.024],[100.48,19.037],[100.493,19.043],[100.494,19.052],[100.531,19.041],[100.536,19.046],[100.549,19.04],[100.557,19.045],[100.566,19.031],[100.583,19.031],[100.604,19.02],[100.619,19.034],[100.564,19.08],[100.573,19.104],[100.585,19.095],[100.602,19.105],[100.61,19.102],[100.623,19.111],[100.626,19.123],[100.623,19.139],[100.629,19.155],[100.618,19.182],[100.622,19.2],[100.617,19.227],[100.6,19.252],[100.616,19.32],[100.609,19.334],[100.591,19.327],[100.586,19.314],[100.57,19.305],[100.558,19.321],[100.563,19.339],[100.53,19.353],[100.534,19.367],[100.521,19.381],[100.496,19.371],[100.494,19.38],[100.485,19.383],[100.488,19.4],[100.448,19.394],[100.421,19.402],[100.395,19.397],[100.385,19.37],[100.368,19.379],[100.358,19.393],[100.354,19.363],[100.347,19.358],[100.333,19.372],[100.314,19.365],[100.309,19.34],[100.286,19.343],[100.276,19.333],[100.252,19.35],[100.236,19.346]]]]}},{"type":"Feature","id":666,"properties":{"id":666,"en":"Pong Nam Ron","th":"โป่งน้ำร้อน","prov":"จันทบุรี","code":"22"},"geometry":{"type":"MultiPolygon","coordinates":[[[[102.508,12.752],[102.518,12.752],[102.533,12.767],[102.536,12.785],[102.528,12.797],[102.53,12.818],[102.516,12.823],[102.516,12.839],[102.498,12.858],[102.508,12.866],[102.505,12.882],[102.511,12.896],[102.503,12.901],[102.486,12.948],[102.501,12.961],[102.486,12.979],[102.508,12.996],[102.516,12.991],[102.53,13.002],[102.494,13.014],[102.459,13.083],[102.438,13.086],[102.434,13.101],[102.417,13.123],[102.417,13.139],[102.396,13.161],[102.38,13.152],[102.362,13.156],[102.349,13.132],[102.332,13.125],[102.357,13.11],[102.36,13.08],[102.363,13.069],[102.356,13.068],[102.351,13.054],[102.288,13.04],[102.236,13.039],[102.216,13.055],[102.209,13.045],[102.155,13.061],[102.174,13.021],[102.172,13.013],[102.186,12.996],[102.174,12.986],[102.175,12.967],[102.203,12.933],[102.202,12.926],[102.23,12.902],[102.234,12.885],[102.241,12.879],[102.24,12.862],[102.264,12.853],[102.264,12.834],[102.271,12.849],[102.281,12.821],[102.308,12.834],[102.309,12.82],[102.321,12.809],[102.352,12.813],[102.376,12.79],[102.371,12.78],[102.378,12.761],[102.391,12.757],[102.41,12.773],[102.424,12.758],[102.432,12.765],[102.444,12.757],[102.457,12.762],[102.48,12.753],[102.491,12.757],[102.508,12.752]]]]}},{"type":"Feature","id":667,"properties":{"id":667,"en":"Prachaksinlapakhom","th":"","prov":"","code":"41"},"geometry":{"type":"MultiPolygon","coordinates":[[[[103.084,17.221],[103.081,17.257],[103.071,17.275],[103.02,17.264],[102.993,17.288],[102.964,17.299],[102.948,17.32],[102.91,17.27],[102.901,17.244],[102.912,17.234],[102.917,17.213],[102.949,17.201],[102.964,17.196],[102.971,17.206],[102.988,17.21],[102.996,17.201],[103.019,17.247],[103.026,17.245],[103.028,17.232],[103.035,17.232],[103.046,17.193],[103.084,17.197],[103.089,17.203],[103.084,17.221]]]]}},{"type":"Feature","id":668,"properties":{"id":668,"en":"Prachantakham","th":"ประจันตคาม","prov":"ปราจีนบุรี","code":"25"},"geometry":{"type":"MultiPolygon","coordinates":[[[[101.659,14.118],[101.64,14.139],[101.637,14.155],[101.651,14.187],[101.663,14.193],[101.671,14.191],[101.675,14.199],[101.67,14.237],[101.661,14.245],[101.683,14.284],[101.674,14.293],[101.679,14.299],[101.663,14.31],[101.657,14.303],[101.653,14.31],[101.657,14.329],[101.647,14.336],[101.652,14.355],[101.642,14.358],[101.639,14.375],[101.648,14.383],[101.649,14.404],[101.631,14.406],[101.619,14.417],[101.623,14.428],[101.602,14.441],[101.547,14.436],[101.541,14.425],[101.529,14.426],[101.503,14.44],[101.482,14.462],[101.436,14.446],[101.447,14.421],[101.432,14.389],[101.476,14.365],[101.483,14.347],[101.496,14.334],[101.494,14.318],[101.505,14.309],[101.5,14.299],[101.501,14.269],[101.484,14.27],[101.441,14.255],[101.437,14.227],[101.426,14.218],[101.421,14.201],[101.451,14.195],[101.456,14.189],[101.47,14.159],[101.469,14.131],[101.488,14.123],[101.495,14.1],[101.484,14.08],[101.491,14.073],[101.485,14.062],[101.489,14.058],[101.475,14.059],[101.466,14.051],[101.463,14.057],[101.452,14.038],[101.457,14.032],[101.445,14.036],[101.463,14.009],[101.474,14.012],[101.476,14.019],[101.487,14.019],[101.504,14.011],[101.509,13.998],[101.519,14],[101.525,13.992],[101.538,13.997],[101.551,13.983],[101.57,13.986],[101.581,13.98],[101.596,13.987],[101.607,13.996],[101.596,14.001],[101.596,14.02],[101.613,14.054],[101.639,14.074],[101.659,14.118]]]]}},{"type":"Feature","id":669,"properties":{"id":669,"en":"Prakhon Chai","th":"ประโคนชัย","prov":"บุรีรัมย์","code":"31"},"geometry":{"type":"MultiPolygon","coordinates":[[[[103.211,14.581],[103.222,14.607],[103.232,14.608],[103.239,14.618],[103.23,14.641],[103.26,14.671],[103.257,14.682],[103.225,14.686],[103.201,14.699],[103.194,14.682],[103.188,14.677],[103.181,14.681],[103.16,14.664],[103.164,14.628],[103.159,14.622],[103.142,14.628],[103.114,14.65],[103.096,14.649],[103.093,14.681],[103.105,14.696],[103.111,14.738],[103.082,14.739],[103.073,14.746],[103.085,14.761],[103.081,14.779],[103.091,14.786],[103.09,14.797],[103.078,14.801],[103.085,14.822],[103.05,14.837],[103.017,14.779],[102.962,14.753],[102.963,14.73],[102.949,14.704],[102.953,14.623],[102.944,14.587],[102.945,14.554],[102.956,14.554],[102.953,14.54],[102.959,14.534],[102.957,14.523],[102.939,14.515],[102.947,14.503],[102.941,14.489],[102.957,14.485],[102.953,14.479],[102.962,14.456],[102.982,14.438],[102.98,14.43],[102.999,14.414],[103.028,14.414],[103.039,14.435],[103.085,14.451],[103.099,14.474],[103.12,14.479],[103.126,14.494],[103.154,14.511],[103.172,14.531],[103.169,14.539],[103.178,14.543],[103.179,14.557],[103.211,14.581]]]]}},{"type":"Feature","id":670,"properties":{"id":670,"en":"Pran Buri","th":"ปราณบุรี","prov":"ประจวบคีรีขันธ์","code":"77"},"geometry":{"type":"MultiPolygon","coordinates":[[[[99.425,12.448],[99.427,12.424],[99.446,12.407],[99.432,12.364],[99.444,12.351],[99.503,12.349],[99.524,12.333],[99.553,12.349],[99.558,12.328],[99.599,12.326],[99.607,12.333],[99.637,12.321],[99.643,12.327],[99.697,12.323],[99.739,12.336],[99.759,12.335],[99.783,12.346],[99.81,12.337],[99.846,12.344],[99.898,12.339],[99.933,12.329],[99.957,12.33],[99.96,12.337],[99.973,12.339],[99.999,12.331],[99.995,12.414],[99.988,12.414],[99.98,12.429],[99.983,12.45],[99.973,12.451],[99.971,12.44],[99.95,12.458],[99.933,12.452],[99.908,12.462],[99.898,12.456],[99.85,12.456],[99.818,12.468],[99.799,12.49],[99.802,12.484],[99.796,12.481],[99.804,12.467],[99.784,12.46],[99.778,12.446],[99.746,12.417],[99.741,12.401],[99.714,12.388],[99.7,12.406],[99.686,12.391],[99.671,12.389],[99.668,12.366],[99.664,12.375],[99.656,12.362],[99.619,12.345],[99.605,12.348],[99.602,12.358],[99.579,12.36],[99.556,12.383],[99.575,12.405],[99.595,12.406],[99.594,12.417],[99.602,12.419],[99.588,12.427],[99.591,12.439],[99.587,12.435],[99.581,12.443],[99.581,12.438],[99.562,12.44],[99.555,12.451],[99.542,12.45],[99.535,12.459],[99.518,12.453],[99.517,12.458],[99.492,12.47],[99.484,12.465],[99.461,12.47],[99.457,12.46],[99.445,12.461],[99.425,12.448]]]]}},{"type":"Feature","id":671,"properties":{"id":671,"en":"Prang Ku","th":"","prov":"","code":"33"},"geometry":{"type":"MultiPolygon","coordinates":[[[[103.956,14.938],[103.946,14.943],[103.939,14.908],[103.925,14.9],[103.917,14.883],[103.921,14.872],[103.902,14.849],[103.919,14.829],[103.994,14.8],[104.004,14.77],[103.999,14.748],[104.037,14.749],[104.041,14.759],[104.067,14.767],[104.124,14.769],[104.128,14.774],[104.12,14.79],[104.12,14.813],[104.124,14.819],[104.127,14.847],[104.137,14.856],[104.131,14.884],[104.139,14.915],[104.125,14.945],[104.084,14.935],[104.053,14.941],[104.054,14.926],[104.044,14.923],[104.006,14.934],[103.998,14.927],[103.956,14.938]]]]}},{"type":"Feature","id":672,"properties":{"id":672,"en":"Prasat","th":"ปราสาท","prov":"สุรินทร์","code":"32"},"geometry":{"type":"MultiPolygon","coordinates":[[[[103.211,14.54],[103.238,14.536],[103.285,14.498],[103.343,14.516],[103.356,14.514],[103.354,14.491],[103.385,14.482],[103.401,14.512],[103.418,14.523],[103.445,14.52],[103.466,14.509],[103.491,14.511],[103.498,14.518],[103.503,14.554],[103.512,14.56],[103.538,14.548],[103.57,14.56],[103.601,14.559],[103.622,14.571],[103.627,14.584],[103.63,14.629],[103.617,14.662],[103.627,14.684],[103.61,14.681],[103.588,14.699],[103.536,14.711],[103.53,14.725],[103.518,14.727],[103.515,14.75],[103.483,14.752],[103.442,14.737],[103.391,14.746],[103.376,14.758],[103.355,14.754],[103.341,14.76],[103.32,14.743],[103.308,14.761],[103.293,14.772],[103.279,14.775],[103.266,14.767],[103.268,14.755],[103.275,14.749],[103.269,14.742],[103.274,14.737],[103.271,14.716],[103.265,14.718],[103.268,14.699],[103.262,14.682],[103.257,14.682],[103.26,14.671],[103.23,14.641],[103.239,14.618],[103.213,14.594],[103.211,14.575],[103.222,14.565],[103.223,14.547],[103.211,14.54]]]]}},{"type":"Feature","id":673,"properties":{"id":673,"en":"Prathai","th":"ประทาย","prov":"นครราชสีมา","code":"30"},"geometry":{"type":"MultiPolygon","coordinates":[[[[102.777,15.634],[102.778,15.649],[102.748,15.662],[102.748,15.67],[102.717,15.666],[102.712,15.682],[102.69,15.703],[102.694,15.72],[102.682,15.729],[102.668,15.716],[102.638,15.715],[102.613,15.728],[102.602,15.723],[102.597,15.707],[102.603,15.67],[102.617,15.644],[102.617,15.603],[102.624,15.574],[102.616,15.534],[102.594,15.518],[102.598,15.499],[102.591,15.491],[102.592,15.48],[102.599,15.475],[102.593,15.457],[102.603,15.443],[102.614,15.445],[102.617,15.457],[102.633,15.47],[102.641,15.463],[102.653,15.463],[102.649,15.47],[102.663,15.469],[102.673,15.477],[102.691,15.473],[102.705,15.479],[102.707,15.486],[102.712,15.472],[102.7,15.453],[102.746,15.431],[102.774,15.433],[102.793,15.446],[102.841,15.5],[102.833,15.511],[102.83,15.505],[102.825,15.514],[102.815,15.513],[102.812,15.525],[102.797,15.531],[102.796,15.546],[102.789,15.547],[102.792,15.557],[102.781,15.564],[102.784,15.585],[102.767,15.626],[102.777,15.634]]]]}},{"type":"Feature","id":675,"properties":{"id":675,"en":"Pua","th":"ปัว","prov":"น่าน","code":"55"},"geometry":{"type":"MultiPolygon","coordinates":[[[[101.113,19.346],[101.095,19.354],[101.082,19.382],[101.061,19.38],[101.039,19.37],[101.038,19.36],[101.014,19.348],[101.009,19.336],[101.011,19.319],[101.027,19.325],[101.045,19.321],[101.045,19.306],[101.023,19.284],[100.999,19.28],[100.992,19.265],[100.958,19.262],[100.939,19.267],[100.895,19.251],[100.861,19.222],[100.845,19.218],[100.798,19.222],[100.792,19.234],[100.791,19.225],[100.784,19.222],[100.797,19.191],[100.793,19.176],[100.816,19.145],[100.874,19.147],[100.898,19.114],[100.932,19.123],[100.916,19.101],[100.925,19.078],[100.968,19.064],[100.99,19.072],[100.977,19.056],[100.977,19.045],[100.96,19.037],[100.955,19.041],[100.933,19.039],[100.929,19.025],[100.927,19.005],[100.932,18.999],[100.919,18.991],[100.91,18.993],[100.91,18.988],[100.905,18.989],[100.909,18.984],[100.902,18.981],[100.913,18.967],[100.928,18.968],[100.94,18.984],[100.965,18.981],[100.975,18.972],[100.991,18.974],[100.998,18.983],[101.021,18.973],[101.038,18.974],[101.05,18.961],[101.091,18.961],[101.063,18.985],[101.077,19.001],[101.078,19.025],[101.069,19.032],[101.07,19.047],[101.06,19.052],[101.076,19.085],[101.07,19.091],[101.071,19.128],[101.086,19.14],[101.109,19.178],[101.106,19.193],[101.13,19.209],[101.129,19.289],[101.112,19.31],[101.113,19.346]]]]}},{"type":"Feature","id":676,"properties":{"id":676,"en":"Pueai Noi","th":"","prov":"","code":"40"},"geometry":{"type":"MultiPolygon","coordinates":[[[[102.781,15.877],[102.779,15.87],[102.786,15.864],[102.816,15.846],[102.851,15.852],[102.852,15.86],[102.887,15.849],[102.889,15.841],[102.902,15.836],[102.908,15.808],[102.927,15.818],[102.919,15.824],[102.925,15.88],[102.916,15.881],[102.906,15.897],[102.89,15.933],[102.903,15.968],[102.889,15.978],[102.866,15.971],[102.853,15.95],[102.846,15.955],[102.833,15.925],[102.81,15.918],[102.781,15.877]]]]}},{"type":"Feature","id":677,"properties":{"id":677,"en":"Ra-Ngae","th":"ระแงะ","prov":"นราธิวาส","code":"96"},"geometry":{"type":"MultiPolygon","coordinates":[[[[101.802,6.13],[101.803,6.149],[101.791,6.166],[101.783,6.21],[101.761,6.233],[101.822,6.299],[101.79,6.309],[101.774,6.304],[101.758,6.331],[101.73,6.347],[101.694,6.357],[101.654,6.353],[101.628,6.371],[101.606,6.36],[101.614,6.339],[101.604,6.332],[101.602,6.31],[101.594,6.303],[101.593,6.293],[101.606,6.286],[101.611,6.27],[101.609,6.253],[101.62,6.238],[101.612,6.22],[101.633,6.2],[101.627,6.185],[101.631,6.175],[101.656,6.188],[101.712,6.188],[101.714,6.166],[101.726,6.157],[101.749,6.118],[101.773,6.123],[101.781,6.133],[101.802,6.13]]]]}},{"type":"Feature","id":678,"properties":{"id":678,"en":"Raman","th":"รามัน","prov":"ยะลา","code":"95"},"geometry":{"type":"MultiPolygon","coordinates":[[[[101.592,6.566],[101.565,6.55],[101.535,6.557],[101.517,6.578],[101.52,6.591],[101.504,6.605],[101.495,6.599],[101.495,6.606],[101.49,6.606],[101.477,6.594],[101.458,6.598],[101.452,6.577],[101.437,6.591],[101.422,6.594],[101.401,6.574],[101.362,6.564],[101.361,6.554],[101.355,6.557],[101.332,6.539],[101.327,6.53],[101.332,6.52],[101.321,6.488],[101.332,6.461],[101.321,6.45],[101.304,6.446],[101.306,6.423],[101.33,6.385],[101.357,6.374],[101.355,6.358],[101.37,6.353],[101.388,6.336],[101.398,6.358],[101.417,6.373],[101.419,6.391],[101.412,6.397],[101.422,6.407],[101.424,6.422],[101.456,6.432],[101.464,6.424],[101.469,6.426],[101.463,6.466],[101.487,6.463],[101.508,6.451],[101.524,6.466],[101.536,6.468],[101.543,6.48],[101.562,6.488],[101.582,6.512],[101.591,6.512],[101.591,6.523],[101.609,6.544],[101.592,6.566]]]]}},{"type":"Feature","id":679,"properties":{"id":679,"en":"Ranot","th":"ระโนด","prov":"สงขลา","code":"90"},"geometry":{"type":"MultiPolygon","coordinates":[[[[100.177,7.876],[100.217,7.728],[100.22,7.695],[100.343,7.718],[100.35,7.692],[100.36,7.679],[100.35,7.666],[100.359,7.655],[100.368,7.614],[100.398,7.623],[100.408,7.622],[100.334,7.936],[100.312,7.936],[100.308,7.914],[100.266,7.915],[100.266,7.905],[100.236,7.883],[100.177,7.876]]]]}},{"type":"Feature","id":680,"properties":{"id":680,"en":"Rasi Salai","th":"ราษีไศล","prov":"ศรีสะเกษ","code":"33"},"geometry":{"type":"MultiPolygon","coordinates":[[[[104.114,15.282],[104.137,15.273],[104.151,15.249],[104.2,15.234],[104.219,15.253],[104.221,15.262],[104.231,15.262],[104.24,15.273],[104.243,15.23],[104.266,15.226],[104.275,15.253],[104.29,15.248],[104.311,15.251],[104.331,15.264],[104.325,15.284],[104.328,15.306],[104.345,15.342],[104.297,15.345],[104.274,15.366],[104.244,15.378],[104.197,15.455],[104.174,15.462],[104.171,15.472],[104.155,15.451],[104.115,15.451],[104.108,15.459],[104.102,15.443],[104.098,15.431],[104.079,15.429],[104.063,15.412],[104.042,15.428],[104.02,15.471],[104.011,15.456],[103.996,15.448],[103.989,15.407],[103.995,15.393],[104.004,15.4],[104.004,15.41],[104.013,15.403],[104.018,15.412],[104.027,15.404],[104.034,15.408],[104.05,15.402],[104.051,15.396],[104.06,15.405],[104.075,15.392],[104.072,15.381],[104.084,15.384],[104.08,15.376],[104.085,15.363],[104.091,15.365],[104.084,15.357],[104.092,15.358],[104.091,15.348],[104.076,15.354],[104.064,15.35],[104.081,15.32],[104.089,15.32],[104.089,15.309],[104.105,15.299],[104.114,15.282]]]]}},{"type":"Feature","id":682,"properties":{"id":682,"en":"Ratchasan","th":"","prov":"","code":"24"},"geometry":{"type":"MultiPolygon","coordinates":[[[[101.25,13.866],[101.257,13.84],[101.243,13.822],[101.261,13.794],[101.243,13.784],[101.236,13.787],[101.237,13.775],[101.256,13.767],[101.247,13.76],[101.244,13.745],[101.251,13.736],[101.243,13.72],[101.256,13.71],[101.256,13.686],[101.282,13.664],[101.291,13.687],[101.295,13.737],[101.316,13.743],[101.314,13.751],[101.321,13.744],[101.308,13.777],[101.333,13.83],[101.337,13.868],[101.318,13.868],[101.305,13.875],[101.296,13.871],[101.279,13.879],[101.25,13.866]]]]}},{"type":"Feature","id":684,"properties":{"id":684,"en":"Ratsada","th":"รัษฎา","prov":"ตรัง","code":"92"},"geometry":{"type":"MultiPolygon","coordinates":[[[[99.563,7.925],[99.585,7.916],[99.629,7.912],[99.631,7.876],[99.639,7.87],[99.653,7.871],[99.669,7.851],[99.692,7.845],[99.715,7.866],[99.704,7.886],[99.714,7.897],[99.708,7.922],[99.718,7.93],[99.736,7.923],[99.74,7.927],[99.726,7.941],[99.73,7.953],[99.742,7.953],[99.757,7.983],[99.744,7.987],[99.755,7.996],[99.753,8.008],[99.74,8.009],[99.726,7.997],[99.713,7.99],[99.699,7.991],[99.658,8.013],[99.631,8.009],[99.616,7.988],[99.602,7.986],[99.607,7.979],[99.592,7.963],[99.596,7.957],[99.586,7.957],[99.583,7.946],[99.572,7.947],[99.568,7.936],[99.562,7.936],[99.563,7.925]]]]}},{"type":"Feature","id":685,"properties":{"id":685,"en":"Rattanaburi","th":"รัตนบุรี","prov":"สุรินทร์","code":"32"},"geometry":{"type":"MultiPolygon","coordinates":[[[[104.064,15.35],[104.076,15.354],[104.091,15.348],[104.092,15.358],[104.084,15.357],[104.091,15.365],[104.085,15.363],[104.08,15.376],[104.084,15.384],[104.072,15.381],[104.075,15.392],[104.06,15.405],[104.051,15.396],[104.05,15.402],[104.034,15.408],[104.027,15.404],[104.018,15.412],[104.013,15.403],[104.004,15.41],[104.004,15.4],[103.995,15.393],[103.989,15.407],[103.971,15.407],[103.974,15.427],[103.95,15.413],[103.941,15.428],[103.948,15.433],[103.946,15.439],[103.93,15.432],[103.924,15.439],[103.909,15.436],[103.905,15.443],[103.899,15.441],[103.891,15.469],[103.887,15.454],[103.877,15.468],[103.866,15.462],[103.861,15.449],[103.855,15.466],[103.847,15.456],[103.832,15.46],[103.829,15.446],[103.819,15.44],[103.828,15.404],[103.812,15.411],[103.814,15.398],[103.807,15.392],[103.805,15.408],[103.798,15.409],[103.796,15.387],[103.783,15.378],[103.775,15.378],[103.774,15.367],[103.764,15.362],[103.76,15.35],[103.778,15.326],[103.759,15.295],[103.77,15.277],[103.788,15.283],[103.8,15.275],[103.803,15.252],[103.791,15.232],[103.792,15.215],[103.793,15.206],[103.804,15.201],[103.841,15.202],[103.86,15.219],[103.855,15.252],[103.872,15.289],[103.893,15.283],[103.912,15.255],[103.989,15.231],[103.986,15.247],[103.997,15.252],[103.978,15.264],[103.973,15.28],[103.991,15.268],[103.999,15.273],[103.997,15.295],[104.003,15.289],[104.015,15.29],[104.011,15.316],[104.029,15.318],[104.03,15.325],[104.023,15.332],[104.036,15.328],[104.039,15.335],[104.044,15.333],[104.045,15.342],[104.053,15.341],[104.057,15.347],[104.061,15.343],[104.064,15.35]]]]}},{"type":"Feature","id":686,"properties":{"id":686,"en":"Rattanawapi","th":"","prov":"","code":"43"},"geometry":{"type":"MultiPolygon","coordinates":[[[[103.296,18.12],[103.307,18.126],[103.317,18.123],[103.323,18.134],[103.337,18.137],[103.336,18.152],[103.366,18.164],[103.361,18.172],[103.342,18.176],[103.341,18.195],[103.329,18.211],[103.281,18.235],[103.271,18.235],[103.261,18.244],[103.265,18.249],[103.259,18.249],[103.261,18.266],[103.267,18.26],[103.276,18.269],[103.286,18.265],[103.286,18.273],[103.295,18.272],[103.29,18.278],[103.297,18.28],[103.299,18.305],[103.282,18.295],[103.168,18.258],[103.151,18.227],[103.154,18.187],[103.138,18.164],[103.145,18.152],[103.138,18.144],[103.144,18.124],[103.184,18.132],[103.202,18.122],[103.206,18.111],[103.247,18.113],[103.264,18.137],[103.291,18.145],[103.298,18.137],[103.296,18.12]]]]}},{"type":"Feature","id":687,"properties":{"id":687,"en":"Rattaphum","th":"รัตภูมิ","prov":"สงขลา","code":"90"},"geometry":{"type":"MultiPolygon","coordinates":[[[[100.332,7.088],[100.334,7.103],[100.35,7.124],[100.338,7.129],[100.338,7.137],[100.325,7.141],[100.329,7.175],[100.339,7.19],[100.34,7.208],[100.317,7.231],[100.305,7.209],[100.28,7.211],[100.258,7.197],[100.224,7.194],[100.175,7.175],[100.156,7.149],[100.136,7.152],[100.134,7.159],[100.115,7.167],[100.096,7.152],[100.075,7.147],[100.062,7.137],[100.06,7.126],[100.068,7.112],[100.057,7.108],[100.055,7.095],[100.064,7.057],[100.079,7.041],[100.075,7.033],[100.066,7.031],[100.063,7.018],[100.083,6.998],[100.079,6.963],[100.095,6.965],[100.102,6.949],[100.12,6.936],[100.122,6.924],[100.146,6.925],[100.168,6.912],[100.186,6.912],[100.207,6.896],[100.214,6.918],[100.202,6.924],[100.191,6.947],[100.195,6.976],[100.231,6.996],[100.253,7.015],[100.273,7.016],[100.3,7.032],[100.304,7.053],[100.318,7.06],[100.321,7.081],[100.332,7.088]]]]}},{"type":"Feature","id":688,"properties":{"id":688,"en":"Renu Nakhon","th":"เรณูนคร","prov":"นครพนม","code":"48"},"geometry":{"type":"MultiPolygon","coordinates":[[[[104.646,17.155],[104.628,17.123],[104.608,17.105],[104.607,17.088],[104.6,17.082],[104.593,17.087],[104.573,17.074],[104.582,17.071],[104.575,17.064],[104.582,17.05],[104.572,17.047],[104.581,17.037],[104.585,17.04],[104.584,17.023],[104.568,17.012],[104.577,16.996],[104.562,16.989],[104.574,16.992],[104.581,16.98],[104.591,16.993],[104.599,16.991],[104.604,16.984],[104.6,16.973],[104.619,16.972],[104.614,16.955],[104.624,16.961],[104.633,16.952],[104.64,16.961],[104.649,16.957],[104.644,16.977],[104.655,16.99],[104.661,16.995],[104.671,16.988],[104.682,16.998],[104.696,16.992],[104.715,17.025],[104.714,17.055],[104.719,17.064],[104.708,17.071],[104.717,17.108],[104.7,17.124],[104.671,17.133],[104.671,17.153],[104.662,17.163],[104.646,17.155]]]]}},{"type":"Feature","id":689,"properties":{"id":689,"en":"Ron Phibun","th":"ร่อนพิบูลย์","prov":"นครศรีธรรมราช","code":"80"},"geometry":{"type":"MultiPolygon","coordinates":[[[[100.028,8.126],[100.033,8.148],[100.024,8.16],[100.026,8.172],[100.011,8.19],[100.013,8.21],[100.007,8.21],[100.006,8.217],[99.993,8.212],[99.993,8.239],[99.978,8.233],[99.932,8.232],[99.943,8.245],[99.943,8.268],[99.928,8.272],[99.921,8.265],[99.911,8.282],[99.891,8.289],[99.887,8.285],[99.882,8.295],[99.865,8.298],[99.844,8.323],[99.831,8.318],[99.829,8.297],[99.816,8.294],[99.819,8.283],[99.798,8.281],[99.784,8.265],[99.764,8.267],[99.757,8.26],[99.759,8.242],[99.792,8.234],[99.777,8.211],[99.803,8.196],[99.788,8.183],[99.791,8.17],[99.774,8.161],[99.769,8.144],[99.778,8.129],[99.764,8.092],[99.765,8.068],[99.771,8.068],[99.804,8.134],[99.815,8.138],[99.826,8.135],[99.836,8.141],[99.854,8.136],[99.86,8.139],[99.862,8.15],[99.883,8.122],[99.895,8.122],[99.892,8.11],[99.918,8.114],[99.919,8.128],[99.936,8.127],[99.935,8.117],[99.95,8.118],[99.961,8.083],[99.979,8.099],[100.015,8.108],[100.028,8.126]]]]}},{"type":"Feature","id":690,"properties":{"id":690,"en":"Rong Kham","th":"","prov":"","code":"46"},"geometry":{"type":"MultiPolygon","coordinates":[[[[103.709,16.22],[103.734,16.223],[103.734,16.248],[103.755,16.271],[103.75,16.287],[103.756,16.3],[103.723,16.33],[103.729,16.343],[103.709,16.365],[103.702,16.348],[103.681,16.307],[103.688,16.301],[103.686,16.274],[103.691,16.274],[103.691,16.26],[103.684,16.251],[103.685,16.24],[103.69,16.241],[103.694,16.23],[103.709,16.22]]]]}},{"type":"Feature","id":691,"properties":{"id":691,"en":"Rong Kwang","th":"ร้องกวาง","prov":"แพร่","code":"54"},"geometry":{"type":"MultiPolygon","coordinates":[[[[100.414,18.154],[100.437,18.152],[100.447,18.159],[100.451,18.184],[100.46,18.195],[100.454,18.215],[100.476,18.264],[100.494,18.279],[100.483,18.29],[100.48,18.319],[100.493,18.338],[100.483,18.342],[100.481,18.349],[100.498,18.353],[100.517,18.392],[100.536,18.391],[100.55,18.419],[100.551,18.45],[100.541,18.49],[100.519,18.476],[100.494,18.474],[100.477,18.495],[100.46,18.491],[100.447,18.496],[100.444,18.49],[100.437,18.502],[100.422,18.496],[100.415,18.481],[100.399,18.486],[100.408,18.47],[100.423,18.459],[100.408,18.439],[100.392,18.439],[100.396,18.421],[100.383,18.424],[100.375,18.435],[100.339,18.443],[100.341,18.453],[100.32,18.467],[100.297,18.452],[100.269,18.453],[100.268,18.445],[100.258,18.441],[100.255,18.43],[100.234,18.41],[100.232,18.399],[100.208,18.374],[100.216,18.346],[100.202,18.322],[100.23,18.305],[100.232,18.295],[100.255,18.284],[100.264,18.289],[100.275,18.279],[100.279,18.261],[100.268,18.223],[100.273,18.213],[100.267,18.212],[100.285,18.194],[100.293,18.196],[100.303,18.18],[100.32,18.181],[100.324,18.174],[100.366,18.156],[100.389,18.161],[100.397,18.154],[100.414,18.154]]]]}},{"type":"Feature","id":692,"properties":{"id":692,"en":"Rueso","th":"รือเสาะ","prov":"นราธิวาส","code":"96"},"geometry":{"type":"MultiPolygon","coordinates":[[[[101.591,6.512],[101.582,6.512],[101.562,6.488],[101.543,6.48],[101.536,6.468],[101.524,6.466],[101.508,6.451],[101.487,6.463],[101.463,6.466],[101.469,6.426],[101.464,6.424],[101.456,6.432],[101.424,6.422],[101.422,6.407],[101.412,6.397],[101.419,6.391],[101.417,6.373],[101.398,6.358],[101.389,6.34],[101.39,6.326],[101.4,6.316],[101.394,6.301],[101.403,6.273],[101.395,6.246],[101.403,6.24],[101.398,6.231],[101.42,6.243],[101.428,6.233],[101.44,6.231],[101.458,6.26],[101.49,6.255],[101.487,6.271],[101.506,6.299],[101.493,6.319],[101.506,6.324],[101.519,6.311],[101.532,6.314],[101.546,6.327],[101.568,6.314],[101.601,6.318],[101.604,6.332],[101.614,6.339],[101.606,6.36],[101.628,6.371],[101.636,6.369],[101.625,6.382],[101.629,6.39],[101.623,6.399],[101.643,6.408],[101.647,6.421],[101.647,6.432],[101.634,6.454],[101.636,6.472],[101.608,6.491],[101.605,6.502],[101.591,6.512]]]]}},{"type":"Feature","id":693,"properties":{"id":693,"en":"Sa Bot","th":"สระโบสถ์","prov":"ลพบุรี","code":"16"},"geometry":{"type":"MultiPolygon","coordinates":[[[[100.953,15.291],[100.932,15.293],[100.9,15.315],[100.87,15.325],[100.85,15.32],[100.817,15.332],[100.805,15.324],[100.804,15.31],[100.809,15.31],[100.811,15.295],[100.824,15.282],[100.822,15.276],[100.801,15.258],[100.785,15.234],[100.761,15.237],[100.761,15.223],[100.767,15.217],[100.752,15.211],[100.773,15.195],[100.775,15.157],[100.783,15.161],[100.783,15.146],[100.78,15.142],[100.791,15.14],[100.804,15.151],[100.836,15.149],[100.86,15.158],[100.898,15.148],[100.935,15.166],[100.977,15.206],[100.964,15.221],[100.983,15.246],[100.977,15.261],[100.965,15.263],[100.964,15.282],[100.953,15.291]]]]}},{"type":"Feature","id":694,"properties":{"id":694,"en":"Saba Yoi","th":"สะบ้าย้อย","prov":"สงขลา","code":"90"},"geometry":{"type":"MultiPolygon","coordinates":[[[[101.035,6.486],[101.045,6.487],[101.035,6.515],[101.044,6.525],[101.043,6.542],[101.069,6.544],[101.081,6.555],[101.091,6.615],[101.105,6.63],[101.09,6.642],[101.069,6.644],[101.049,6.663],[101.057,6.678],[101.034,6.693],[100.976,6.698],[100.966,6.711],[100.955,6.707],[100.955,6.674],[100.936,6.658],[100.921,6.66],[100.922,6.644],[100.914,6.636],[100.895,6.635],[100.88,6.646],[100.872,6.632],[100.867,6.66],[100.859,6.665],[100.819,6.658],[100.808,6.64],[100.796,6.636],[100.796,6.628],[100.779,6.638],[100.769,6.63],[100.766,6.615],[100.776,6.596],[100.789,6.592],[100.792,6.579],[100.782,6.577],[100.781,6.563],[100.772,6.56],[100.75,6.548],[100.76,6.542],[100.75,6.538],[100.749,6.514],[100.74,6.507],[100.743,6.471],[100.757,6.457],[100.767,6.456],[100.776,6.463],[100.791,6.449],[100.812,6.443],[100.824,6.405],[100.821,6.357],[100.849,6.315],[100.841,6.3],[100.85,6.29],[100.865,6.297],[100.888,6.296],[100.898,6.304],[100.912,6.303],[100.917,6.318],[100.93,6.321],[100.924,6.325],[100.929,6.326],[100.927,6.34],[100.92,6.345],[100.928,6.367],[100.917,6.399],[100.922,6.426],[100.933,6.445],[100.949,6.442],[100.953,6.451],[100.96,6.451],[100.964,6.468],[100.973,6.468],[100.977,6.486],[100.999,6.479],[101.021,6.488],[101.023,6.482],[101.035,6.486]]]]}},{"type":"Feature","id":695,"properties":{"id":695,"en":"Sadao","th":"สะเดา","prov":"สงขลา","code":"90"},"geometry":{"type":"MultiPolygon","coordinates":[[[[100.45,6.836],[100.44,6.842],[100.426,6.837],[100.408,6.845],[100.397,6.821],[100.386,6.828],[100.38,6.818],[100.358,6.809],[100.353,6.781],[100.342,6.78],[100.334,6.79],[100.309,6.793],[100.304,6.787],[100.278,6.787],[100.269,6.781],[100.266,6.785],[100.26,6.777],[100.237,6.787],[100.227,6.817],[100.206,6.842],[100.199,6.836],[100.191,6.81],[100.193,6.788],[100.216,6.758],[100.207,6.749],[100.206,6.721],[100.214,6.72],[100.218,6.704],[100.228,6.693],[100.243,6.693],[100.257,6.711],[100.265,6.699],[100.275,6.707],[100.293,6.708],[100.295,6.68],[100.303,6.679],[100.309,6.667],[100.328,6.664],[100.316,6.637],[100.326,6.621],[100.306,6.611],[100.305,6.605],[100.316,6.604],[100.32,6.592],[100.341,6.58],[100.345,6.571],[100.352,6.573],[100.366,6.54],[100.373,6.545],[100.388,6.535],[100.402,6.536],[100.403,6.53],[100.423,6.518],[100.457,6.532],[100.471,6.521],[100.489,6.526],[100.495,6.523],[100.494,6.509],[100.519,6.489],[100.543,6.492],[100.548,6.485],[100.562,6.496],[100.573,6.483],[100.594,6.478],[100.603,6.469],[100.608,6.472],[100.608,6.509],[100.612,6.515],[100.598,6.537],[100.593,6.564],[100.58,6.562],[100.564,6.588],[100.572,6.613],[100.566,6.651],[100.571,6.665],[100.563,6.69],[100.554,6.698],[100.561,6.716],[100.545,6.725],[100.554,6.736],[100.555,6.758],[100.566,6.761],[100.582,6.787],[100.543,6.795],[100.52,6.811],[100.472,6.811],[100.459,6.826],[100.46,6.834],[100.45,6.836]]]]}},{"type":"Feature","id":696,"properties":{"id":696,"en":"Sahatsakhan","th":"","prov":"","code":"46"},"geometry":{"type":"MultiPolygon","coordinates":[[[[103.588,16.84],[103.581,16.827],[103.572,16.825],[103.563,16.785],[103.54,16.765],[103.498,16.768],[103.477,16.76],[103.455,16.692],[103.46,16.677],[103.494,16.657],[103.523,16.654],[103.529,16.66],[103.559,16.663],[103.579,16.657],[103.595,16.631],[103.627,16.624],[103.643,16.634],[103.661,16.63],[103.652,16.656],[103.664,16.691],[103.696,16.718],[103.665,16.742],[103.639,16.751],[103.637,16.767],[103.627,16.771],[103.626,16.778],[103.645,16.797],[103.63,16.805],[103.633,16.829],[103.62,16.831],[103.607,16.823],[103.588,16.84]]]]}},{"type":"Feature","id":697,"properties":{"id":697,"en":"Sai Buri","th":"สายบุรี","prov":"ปัตตานี","code":"94"},"geometry":{"type":"MultiPolygon","coordinates":[[[[101.631,6.635],[101.644,6.636],[101.636,6.648],[101.644,6.665],[101.639,6.672],[101.664,6.672],[101.641,6.72],[101.629,6.724],[101.595,6.782],[101.573,6.77],[101.535,6.768],[101.526,6.748],[101.501,6.734],[101.487,6.713],[101.504,6.71],[101.516,6.699],[101.511,6.676],[101.55,6.664],[101.537,6.643],[101.549,6.627],[101.56,6.626],[101.569,6.643],[101.587,6.626],[101.599,6.624],[101.613,6.633],[101.626,6.633],[101.627,6.625],[101.631,6.635]]]]}},{"type":"Feature","id":699,"properties":{"id":699,"en":"Sai Mun","th":"","prov":"","code":"35"},"geometry":{"type":"MultiPolygon","coordinates":[[[[104.107,16.098],[104.1,16.094],[104.103,16.087],[104.095,16.075],[104.102,16.05],[104.113,16.042],[104.114,16.032],[104.102,16.006],[104.107,15.991],[104.094,15.979],[104.101,15.958],[104.14,15.937],[104.165,15.939],[104.165,15.955],[104.172,15.954],[104.188,15.945],[104.193,15.932],[104.209,15.92],[104.21,15.91],[104.226,15.924],[104.239,15.924],[104.245,15.933],[104.268,15.921],[104.27,15.907],[104.294,15.901],[104.303,15.888],[104.313,15.892],[104.333,15.906],[104.335,15.928],[104.324,15.927],[104.32,15.936],[104.303,15.934],[104.306,15.939],[104.283,15.975],[104.223,16.005],[104.236,16.019],[104.219,16.022],[104.22,16.052],[104.2,16.051],[104.195,16.036],[104.183,16.026],[104.182,16.014],[104.134,16.012],[104.127,16.049],[104.153,16.059],[104.172,16.084],[104.107,16.098]]]]}},{"type":"Feature","id":700,"properties":{"id":700,"en":"Sai Ngam","th":"ไทรงาม","prov":"กำแพงเพชร","code":"62"},"geometry":{"type":"MultiPolygon","coordinates":[[[[99.747,16.531],[99.733,16.447],[99.704,16.45],[99.705,16.407],[99.762,16.368],[99.772,16.347],[99.795,16.355],[99.817,16.351],[99.886,16.362],[99.959,16.363],[99.973,16.35],[99.987,16.347],[99.995,16.356],[99.984,16.379],[99.995,16.405],[99.994,16.44],[100.003,16.464],[100.035,16.502],[99.97,16.498],[99.966,16.508],[99.959,16.507],[99.957,16.52],[99.916,16.518],[99.912,16.535],[99.901,16.537],[99.885,16.538],[99.877,16.529],[99.85,16.533],[99.837,16.525],[99.832,16.534],[99.768,16.544],[99.769,16.531],[99.758,16.526],[99.747,16.531]]]]}},{"type":"Feature","id":701,"properties":{"id":701,"en":"Sai Noi","th":"ไทรน้อย","prov":"นนทบุรี","code":"12"},"geometry":{"type":"MultiPolygon","coordinates":[[[[100.356,14],[100.332,14.056],[100.344,14.115],[100.334,14.129],[100.3,14.14],[100.282,14.127],[100.284,14.101],[100.277,14.101],[100.276,14.08],[100.264,14.06],[100.277,14.024],[100.27,14.023],[100.264,14.01],[100.262,13.998],[100.27,13.988],[100.298,13.963],[100.265,13.921],[100.275,13.914],[100.297,13.87],[100.302,13.879],[100.342,13.883],[100.331,13.922],[100.356,13.95],[100.35,13.954],[100.356,13.975],[100.35,13.997],[100.356,14]]]]}},{"type":"Feature","id":702,"properties":{"id":702,"en":"Sai Thong Watthana","th":"ทรายทองวัฒนา","prov":"กำแพงเพชร","code":"62"},"geometry":{"type":"MultiPolygon","coordinates":[[[[100.002,16.343],[99.995,16.356],[99.982,16.345],[99.959,16.363],[99.886,16.362],[99.817,16.351],[99.795,16.355],[99.772,16.347],[99.783,16.329],[99.774,16.31],[99.76,16.303],[99.763,16.295],[99.758,16.288],[99.779,16.275],[99.807,16.271],[99.828,16.274],[99.844,16.264],[99.857,16.266],[99.862,16.258],[99.878,16.26],[99.896,16.236],[99.926,16.256],[99.938,16.288],[99.986,16.341],[100.002,16.343]]]]}},{"type":"Feature","id":703,"properties":{"id":703,"en":"Sai Yok","th":"ไทรโยค","prov":"กาญจนบุรี","code":"71"},"geometry":{"type":"MultiPolygon","coordinates":[[[[99.132,14.228],[99.099,14.257],[99.093,14.281],[99.082,14.291],[99.076,14.326],[99.051,14.366],[99.031,14.383],[99.025,14.405],[99.016,14.405],[99.006,14.414],[99.002,14.425],[99.008,14.435],[98.982,14.442],[98.96,14.458],[98.952,14.474],[98.932,14.488],[98.919,14.526],[98.899,14.51],[98.836,14.558],[98.792,14.524],[98.778,14.53],[98.77,14.529],[98.766,14.517],[98.738,14.521],[98.733,14.509],[98.72,14.502],[98.708,14.519],[98.684,14.523],[98.675,14.534],[98.654,14.543],[98.643,14.538],[98.652,14.53],[98.639,14.519],[98.623,14.529],[98.609,14.514],[98.602,14.517],[98.601,14.508],[98.588,14.504],[98.587,14.495],[98.566,14.498],[98.533,14.443],[98.546,14.441],[98.548,14.422],[98.558,14.42],[98.562,14.386],[98.573,14.381],[98.576,14.369],[98.59,14.37],[98.594,14.376],[98.596,14.333],[98.609,14.315],[98.631,14.316],[98.681,14.274],[98.698,14.275],[98.705,14.253],[98.726,14.238],[98.733,14.24],[98.756,14.214],[98.776,14.207],[98.778,14.199],[98.799,14.193],[98.814,14.175],[98.83,14.175],[98.867,14.148],[98.875,14.127],[98.9,14.108],[98.921,14.11],[98.945,14.092],[98.959,14.097],[98.968,14.082],[98.971,14.034],[98.998,14.018],[99.015,13.975],[99.019,13.948],[99.038,13.964],[99.047,13.963],[99.05,13.978],[99.062,13.979],[99.07,13.989],[99.082,13.982],[99.074,13.972],[99.095,13.945],[99.112,13.946],[99.158,13.918],[99.173,13.923],[99.175,13.948],[99.188,13.948],[99.225,13.978],[99.244,13.981],[99.253,13.966],[99.266,13.979],[99.28,13.967],[99.278,13.984],[99.297,14.011],[99.314,14.012],[99.322,14.042],[99.317,14.047],[99.318,14.066],[99.27,14.083],[99.259,14.104],[99.239,14.09],[99.227,14.112],[99.225,14.131],[99.207,14.144],[99.195,14.161],[99.195,14.177],[99.185,14.183],[99.177,14.198],[99.148,14.204],[99.132,14.228]]]]}},{"type":"Feature","id":704,"properties":{"id":704,"en":"Sak Lek","th":"","prov":"","code":"66"},"geometry":{"type":"MultiPolygon","coordinates":[[[[100.434,16.519],[100.412,16.497],[100.41,16.487],[100.41,16.462],[100.421,16.433],[100.436,16.454],[100.474,16.467],[100.527,16.458],[100.531,16.463],[100.552,16.463],[100.558,16.465],[100.565,16.458],[100.586,16.471],[100.587,16.521],[100.577,16.524],[100.58,16.579],[100.575,16.586],[100.559,16.572],[100.498,16.563],[100.482,16.55],[100.484,16.54],[100.473,16.533],[100.472,16.521],[100.434,16.519]]]]}},{"type":"Feature","id":705,"properties":{"id":705,"en":"Sakhrai","th":"","prov":"","code":"43"},"geometry":{"type":"MultiPolygon","coordinates":[[[[102.732,17.604],[102.741,17.62],[102.768,17.621],[102.76,17.642],[102.774,17.647],[102.773,17.664],[102.784,17.683],[102.8,17.692],[102.787,17.704],[102.786,17.717],[102.778,17.716],[102.777,17.725],[102.764,17.725],[102.762,17.734],[102.76,17.742],[102.742,17.748],[102.737,17.758],[102.725,17.763],[102.72,17.747],[102.724,17.735],[102.701,17.731],[102.708,17.699],[102.656,17.712],[102.639,17.67],[102.627,17.666],[102.612,17.683],[102.6,17.681],[102.597,17.671],[102.603,17.643],[102.596,17.623],[102.614,17.625],[102.647,17.614],[102.648,17.595],[102.668,17.596],[102.695,17.621],[102.713,17.606],[102.732,17.604]]]]}},{"type":"Feature","id":706,"properties":{"id":706,"en":"Sam Chai","th":"","prov":"","code":"46"},"geometry":{"type":"MultiPolygon","coordinates":[[[[103.53,17.063],[103.507,17.044],[103.514,17.044],[103.511,17.036],[103.519,17.034],[103.52,16.999],[103.502,16.983],[103.5,16.968],[103.494,16.97],[103.494,16.952],[103.487,16.94],[103.494,16.927],[103.491,16.903],[103.484,16.904],[103.48,16.887],[103.472,16.886],[103.47,16.875],[103.455,16.866],[103.443,16.847],[103.45,16.834],[103.422,16.803],[103.449,16.777],[103.469,16.775],[103.477,16.76],[103.498,16.768],[103.54,16.765],[103.563,16.785],[103.568,16.809],[103.574,16.815],[103.572,16.825],[103.581,16.827],[103.582,16.836],[103.592,16.841],[103.589,16.851],[103.595,16.862],[103.587,16.875],[103.593,16.901],[103.587,16.918],[103.597,16.951],[103.593,16.961],[103.565,16.984],[103.568,16.99],[103.579,16.99],[103.582,17.002],[103.569,17.009],[103.53,17.063]]]]}},{"type":"Feature","id":707,"properties":{"id":707,"en":"Sam Chuk","th":"สามชุก","prov":"สุพรรณบุรี","code":"72"},"geometry":{"type":"MultiPolygon","coordinates":[[[[99.982,14.84],[99.976,14.816],[99.954,14.81],[99.954,14.801],[99.943,14.791],[99.945,14.776],[99.978,14.772],[99.985,14.757],[99.979,14.752],[99.981,14.744],[99.992,14.732],[99.977,14.722],[99.987,14.707],[99.984,14.69],[100.047,14.686],[100.056,14.679],[100.081,14.677],[100.092,14.677],[100.1,14.686],[100.12,14.68],[100.137,14.689],[100.123,14.703],[100.141,14.708],[100.189,14.745],[100.188,14.76],[100.198,14.768],[100.191,14.784],[100.139,14.799],[100.123,14.783],[100.104,14.793],[100.088,14.788],[100.081,14.803],[100.084,14.813],[100.073,14.82],[100.031,14.831],[100.017,14.845],[99.982,14.84]]]]}},{"type":"Feature","id":708,"properties":{"id":708,"en":"Sam Khok","th":"","prov":"","code":"13"},"geometry":{"type":"MultiPolygon","coordinates":[[[[100.58,14.128],[100.552,14.118],[100.551,14.111],[100.518,14.13],[100.492,14.114],[100.422,14.114],[100.424,14.1],[100.48,14.071],[100.48,14.057],[100.521,14.032],[100.543,14.03],[100.554,14.042],[100.578,14.04],[100.587,14.049],[100.585,14.073],[100.589,14.074],[100.58,14.128]]]]}},{"type":"Feature","id":709,"properties":{"id":709,"en":"Sam Ngam","th":"สามง่าม","prov":"พิจิตร","code":"66"},"geometry":{"type":"MultiPolygon","coordinates":[[[[100.217,16.648],[100.203,16.642],[100.192,16.648],[100.195,16.634],[100.19,16.632],[100.203,16.624],[100.201,16.618],[100.195,16.62],[100.196,16.608],[100.179,16.602],[100.186,16.589],[100.171,16.591],[100.167,16.583],[100.192,16.57],[100.196,16.557],[100.188,16.512],[100.17,16.5],[100.164,16.481],[100.164,16.471],[100.176,16.455],[100.174,16.448],[100.116,16.449],[100.089,16.44],[100.065,16.447],[100.057,16.454],[100.036,16.442],[99.994,16.435],[99.995,16.405],[99.984,16.379],[100.015,16.327],[100.013,16.32],[100.021,16.313],[100.028,16.32],[100.059,16.326],[100.066,16.355],[100.085,16.367],[100.102,16.363],[100.105,16.375],[100.12,16.38],[100.127,16.376],[100.16,16.385],[100.171,16.373],[100.187,16.383],[100.219,16.388],[100.218,16.4],[100.235,16.417],[100.226,16.432],[100.251,16.444],[100.257,16.457],[100.247,16.473],[100.252,16.498],[100.236,16.517],[100.23,16.538],[100.235,16.551],[100.233,16.613],[100.217,16.63],[100.217,16.648]]]]}},{"type":"Feature","id":710,"properties":{"id":710,"en":"Sam Ngao","th":"สามเงา","prov":"ตาก","code":"63"},"geometry":{"type":"MultiPolygon","coordinates":[[[[99.211,17.377],[99.191,17.354],[99.177,17.349],[99.174,17.336],[99.161,17.333],[99.142,17.361],[99.117,17.367],[99.11,17.359],[99.086,17.377],[99.078,17.373],[99.057,17.388],[99.047,17.386],[99.033,17.41],[99.012,17.415],[99.014,17.423],[98.98,17.468],[98.959,17.463],[98.955,17.474],[98.946,17.469],[98.931,17.474],[98.928,17.506],[98.922,17.513],[98.925,17.526],[98.91,17.537],[98.882,17.509],[98.88,17.491],[98.872,17.492],[98.855,17.513],[98.829,17.515],[98.816,17.507],[98.814,17.499],[98.785,17.496],[98.764,17.484],[98.75,17.468],[98.719,17.466],[98.691,17.426],[98.681,17.447],[98.683,17.46],[98.689,17.475],[98.705,17.486],[98.706,17.501],[98.697,17.514],[98.703,17.527],[98.702,17.557],[98.694,17.585],[98.683,17.597],[98.692,17.631],[98.684,17.665],[98.725,17.676],[98.746,17.693],[98.742,17.705],[98.726,17.715],[98.725,17.725],[98.703,17.744],[98.705,17.761],[98.688,17.78],[98.669,17.835],[98.639,17.815],[98.632,17.801],[98.633,17.785],[98.624,17.777],[98.614,17.78],[98.596,17.804],[98.582,17.801],[98.571,17.809],[98.56,17.795],[98.522,17.824],[98.514,17.822],[98.509,17.813],[98.496,17.816],[98.491,17.812],[98.497,17.797],[98.51,17.789],[98.503,17.761],[98.525,17.707],[98.522,17.681],[98.532,17.621],[98.543,17.615],[98.567,17.596],[98.578,17.575],[98.564,17.562],[98.55,17.559],[98.528,17.537],[98.526,17.519],[98.519,17.511],[98.524,17.496],[98.518,17.48],[98.528,17.454],[98.546,17.446],[98.546,17.434],[98.558,17.427],[98.556,17.397],[98.537,17.362],[98.562,17.352],[98.555,17.338],[98.561,17.322],[98.556,17.314],[98.557,17.294],[98.578,17.3],[98.587,17.293],[98.594,17.275],[98.658,17.231],[98.662,17.211],[98.68,17.198],[98.683,17.182],[98.704,17.166],[98.741,17.155],[98.759,17.138],[98.765,17.137],[98.766,17.147],[98.757,17.158],[98.779,17.17],[98.782,17.182],[98.805,17.19],[98.817,17.172],[98.844,17.151],[98.846,17.157],[98.872,17.168],[98.887,17.157],[98.899,17.163],[98.912,17.158],[98.91,17.167],[98.928,17.15],[98.946,17.16],[98.955,17.147],[98.966,17.15],[98.97,17.166],[98.981,17.168],[98.983,17.163],[99.02,17.159],[99.025,17.148],[99.048,17.133],[99.066,17.137],[99.083,17.131],[99.095,17.137],[99.09,17.163],[99.109,17.166],[99.113,17.174],[99.147,17.175],[99.159,17.193],[99.169,17.19],[99.17,17.2],[99.186,17.199],[99.196,17.226],[99.225,17.244],[99.215,17.294],[99.219,17.299],[99.212,17.332],[99.218,17.361],[99.211,17.377]]]]}},{"type":"Feature","id":711,"properties":{"id":711,"en":"Sam Phran","th":"","prov":"","code":"73"},"geometry":{"type":"MultiPolygon","coordinates":[[[[100.171,13.681],[100.182,13.689],[100.189,13.674],[100.21,13.685],[100.224,13.681],[100.227,13.673],[100.241,13.68],[100.244,13.675],[100.287,13.694],[100.284,13.714],[100.29,13.718],[100.304,13.715],[100.301,13.72],[100.309,13.725],[100.324,13.717],[100.336,13.723],[100.333,13.76],[100.324,13.768],[100.31,13.768],[100.309,13.785],[100.311,13.794],[100.303,13.791],[100.304,13.796],[100.277,13.803],[100.248,13.802],[100.239,13.791],[100.228,13.793],[100.185,13.741],[100.178,13.745],[100.152,13.738],[100.148,13.715],[100.072,13.698],[100.06,13.66],[100.084,13.657],[100.087,13.651],[100.122,13.654],[100.121,13.679],[100.156,13.684],[100.164,13.677],[100.171,13.681]]]]}},{"type":"Feature","id":712,"properties":{"id":712,"en":"Sam Roi Yot","th":"สามร้อยยอด","prov":"ประจวบคีรีขันธ์","code":"77"},"geometry":{"type":"MultiPolygon","coordinates":[[[[100.031,12.206],[100.032,12.213],[100.028,12.209],[100.024,12.196],[100.031,12.206]]],[[[100.009,12.238],[100.013,12.245],[100.012,12.249],[100.007,12.243],[100.009,12.238]]],[[[100.02,12.191],[100.013,12.208],[100.002,12.213],[100.005,12.222],[99.978,12.253],[99.974,12.277],[99.994,12.331],[99.973,12.339],[99.96,12.337],[99.957,12.33],[99.933,12.329],[99.898,12.339],[99.846,12.344],[99.81,12.337],[99.783,12.346],[99.759,12.335],[99.739,12.336],[99.697,12.323],[99.643,12.327],[99.637,12.321],[99.607,12.333],[99.599,12.326],[99.558,12.328],[99.553,12.349],[99.524,12.333],[99.503,12.349],[99.444,12.351],[99.434,12.343],[99.445,12.332],[99.445,12.317],[99.462,12.297],[99.466,12.282],[99.483,12.279],[99.482,12.253],[99.471,12.235],[99.487,12.218],[99.496,12.197],[99.488,12.168],[99.473,12.158],[99.473,12.131],[99.486,12.129],[99.496,12.131],[99.501,12.143],[99.516,12.148],[99.539,12.144],[99.55,12.15],[99.57,12.145],[99.573,12.158],[99.565,12.17],[99.582,12.175],[99.589,12.216],[99.585,12.227],[99.595,12.239],[99.617,12.243],[99.635,12.244],[99.648,12.237],[99.66,12.245],[99.676,12.245],[99.68,12.197],[99.703,12.181],[99.711,12.185],[99.722,12.181],[99.736,12.194],[99.743,12.189],[99.772,12.19],[99.78,12.202],[99.803,12.209],[99.823,12.192],[99.829,12.198],[99.842,12.195],[99.851,12.189],[99.848,12.182],[99.867,12.178],[99.891,12.184],[99.924,12.179],[99.932,12.187],[99.949,12.187],[99.957,12.175],[99.981,12.17],[99.989,12.181],[100.016,12.185],[100.02,12.191]]]]}},{"type":"Feature","id":713,"properties":{"id":713,"en":"Sam Sung","th":"","prov":"","code":"40"},"geometry":{"type":"MultiPolygon","coordinates":[[[[103.085,16.516],[103.087,16.528],[103.119,16.567],[103.12,16.592],[103.153,16.61],[103.145,16.633],[103.078,16.622],[102.99,16.635],[103.004,16.605],[103.005,16.573],[102.995,16.563],[102.997,16.556],[102.96,16.532],[102.958,16.522],[102.969,16.506],[103.009,16.489],[103.021,16.476],[103.033,16.501],[103.043,16.491],[103.085,16.516]]]]}},{"type":"Feature","id":714,"properties":{"id":714,"en":"Samko","th":"","prov":"","code":"15"},"geometry":{"type":"MultiPolygon","coordinates":[[[[100.243,14.653],[100.24,14.645],[100.209,14.638],[100.21,14.625],[100.194,14.621],[100.192,14.609],[100.2,14.599],[100.218,14.598],[100.207,14.583],[100.21,14.58],[100.22,14.585],[100.233,14.578],[100.237,14.537],[100.247,14.538],[100.249,14.544],[100.268,14.554],[100.27,14.578],[100.295,14.587],[100.294,14.593],[100.313,14.598],[100.32,14.609],[100.313,14.62],[100.293,14.617],[100.284,14.622],[100.288,14.633],[100.275,14.64],[100.27,14.663],[100.261,14.664],[100.256,14.653],[100.243,14.653]]]]}},{"type":"Feature","id":715,"properties":{"id":715,"en":"Samoeng","th":"สะเมิง","prov":"เชียงใหม่","code":"50"},"geometry":{"type":"MultiPolygon","coordinates":[[[[98.478,18.927],[98.488,18.924],[98.486,18.915],[98.51,18.906],[98.527,18.888],[98.526,18.87],[98.517,18.86],[98.524,18.857],[98.531,18.837],[98.564,18.796],[98.563,18.772],[98.572,18.77],[98.576,18.758],[98.585,18.759],[98.603,18.727],[98.649,18.734],[98.659,18.744],[98.646,18.751],[98.638,18.765],[98.642,18.77],[98.696,18.783],[98.734,18.765],[98.756,18.768],[98.756,18.763],[98.764,18.762],[98.787,18.739],[98.808,18.727],[98.816,18.733],[98.819,18.74],[98.805,18.761],[98.811,18.777],[98.79,18.791],[98.781,18.806],[98.785,18.816],[98.78,18.829],[98.791,18.849],[98.783,18.877],[98.785,18.891],[98.8,18.92],[98.799,18.938],[98.784,18.952],[98.782,18.97],[98.764,18.987],[98.747,19.024],[98.75,19.045],[98.769,19.065],[98.771,19.076],[98.726,19.071],[98.726,19.056],[98.712,19.053],[98.677,19.073],[98.623,19.068],[98.594,19.043],[98.582,19.049],[98.568,19.046],[98.542,19.026],[98.44,19.049],[98.42,19.026],[98.41,18.97],[98.428,18.96],[98.426,18.947],[98.448,18.96],[98.472,18.962],[98.459,18.942],[98.467,18.934],[98.479,18.933],[98.478,18.927]]]]}},{"type":"Feature","id":717,"properties":{"id":717,"en":"Samrong","th":"","prov":"","code":"34"},"geometry":{"type":"MultiPolygon","coordinates":[[[[104.905,14.942],[104.89,14.963],[104.858,14.986],[104.868,15.004],[104.867,15.016],[104.875,15.02],[104.887,15.046],[104.87,15.047],[104.863,15.057],[104.839,15.054],[104.828,15.062],[104.814,15.061],[104.799,15.072],[104.801,15.081],[104.787,15.078],[104.775,15.084],[104.766,15.082],[104.742,15.07],[104.726,15.051],[104.689,15.073],[104.689,15.059],[104.68,15.048],[104.686,15.043],[104.669,15.032],[104.674,15.017],[104.684,15.005],[104.688,14.946],[104.7,14.936],[104.719,14.932],[104.72,14.926],[104.735,14.938],[104.754,14.92],[104.763,14.921],[104.762,14.914],[104.772,14.911],[104.778,14.899],[104.805,14.898],[104.817,14.856],[104.81,14.848],[104.814,14.835],[104.838,14.845],[104.847,14.874],[104.905,14.942]]]]}},{"type":"Feature","id":718,"properties":{"id":718,"en":"Samrong Thap","th":"","prov":"","code":"32"},"geometry":{"type":"MultiPolygon","coordinates":[[[[104,15.137],[104,15.15],[103.984,15.155],[103.983,15.163],[103.973,15.161],[103.941,15.141],[103.929,15.127],[103.896,15.125],[103.892,15.11],[103.849,15.108],[103.863,15.074],[103.875,15.066],[103.888,15.03],[103.897,15.003],[103.894,14.975],[103.91,14.963],[103.901,14.93],[103.928,14.903],[103.939,14.908],[103.937,14.915],[103.945,14.927],[103.946,14.943],[103.956,14.938],[103.97,14.95],[103.967,14.974],[103.975,14.979],[103.982,14.975],[103.985,14.984],[104.002,14.996],[103.995,15.016],[104.01,15.019],[104.017,15.033],[104.012,15.042],[104.02,15.044],[104.013,15.058],[104.005,15.059],[104.013,15.066],[104.01,15.074],[104.018,15.071],[104.021,15.078],[104.015,15.082],[104.002,15.078],[104.001,15.087],[103.994,15.084],[103.992,15.09],[103.999,15.094],[103.991,15.113],[104,15.12],[103.987,15.13],[104,15.137]]]]}},{"type":"Feature","id":719,"properties":{"id":719,"en":"San Kamphaeng","th":"สารภี","prov":"เชียงใหม่","code":"50"},"geometry":{"type":"MultiPolygon","coordinates":[[[[99.231,18.654],[99.239,18.663],[99.253,18.665],[99.265,18.685],[99.271,18.684],[99.27,18.716],[99.251,18.725],[99.231,18.747],[99.212,18.742],[99.211,18.759],[99.224,18.765],[99.229,18.779],[99.226,18.795],[99.213,18.809],[99.207,18.813],[99.179,18.802],[99.163,18.807],[99.152,18.788],[99.125,18.803],[99.1,18.768],[99.092,18.783],[99.083,18.783],[99.082,18.776],[99.063,18.779],[99.056,18.779],[99.05,18.799],[99.039,18.793],[99.053,18.754],[99.071,18.733],[99.066,18.727],[99.081,18.681],[99.114,18.679],[99.127,18.683],[99.136,18.701],[99.15,18.708],[99.181,18.708],[99.19,18.705],[99.189,18.679],[99.206,18.668],[99.206,18.66],[99.231,18.654]]]]}},{"type":"Feature","id":720,"properties":{"id":720,"en":"San Pa Tong","th":"สันป่าตอง","prov":"เชียงใหม่","code":"50"},"geometry":{"type":"MultiPolygon","coordinates":[[[[98.851,18.501],[98.859,18.501],[98.868,18.515],[98.879,18.51],[98.915,18.536],[98.935,18.543],[98.933,18.554],[98.96,18.595],[98.946,18.588],[98.933,18.596],[98.917,18.651],[98.889,18.657],[98.884,18.671],[98.838,18.701],[98.834,18.713],[98.824,18.718],[98.824,18.709],[98.809,18.696],[98.813,18.691],[98.807,18.685],[98.828,18.669],[98.822,18.659],[98.824,18.645],[98.818,18.641],[98.834,18.62],[98.841,18.621],[98.831,18.592],[98.841,18.568],[98.856,18.556],[98.858,18.508],[98.851,18.501]]]]}},{"type":"Feature","id":721,"properties":{"id":721,"en":"San Sai","th":"สันทราย","prov":"เชียงใหม่","code":"50"},"geometry":{"type":"MultiPolygon","coordinates":[[[[99.079,19.04],[99.059,19.058],[99.037,19.057],[98.998,19.087],[98.983,19.09],[98.973,19.105],[98.972,19.098],[98.961,19.099],[98.959,19.105],[98.947,19.102],[98.939,19.091],[98.94,19.082],[98.951,19.077],[98.941,19.073],[98.95,19.066],[98.947,19.055],[98.954,19.055],[98.961,19.041],[98.957,19.035],[98.961,19.025],[98.955,19.018],[98.968,18.997],[98.961,18.981],[98.973,18.965],[98.981,18.924],[98.994,18.906],[98.992,18.894],[99.001,18.884],[99.012,18.836],[99.009,18.825],[99.017,18.827],[99.014,18.82],[99.031,18.793],[99.047,18.799],[99.056,18.789],[99.051,18.819],[99.068,18.83],[99.075,18.845],[99.102,18.857],[99.105,18.875],[99.123,18.886],[99.124,18.893],[99.115,18.896],[99.128,18.916],[99.119,18.937],[99.085,18.951],[99.079,18.965],[99.061,18.97],[99.07,18.977],[99.067,18.996],[99.076,18.995],[99.086,19.003],[99.078,19.014],[99.083,19.017],[99.079,19.04]]]]}},{"type":"Feature","id":722,"properties":{"id":722,"en":"Sanam Chai Khet","th":"สนามชัยเขต","prov":"ฉะเชิงเทรา","code":"24"},"geometry":{"type":"MultiPolygon","coordinates":[[[[101.687,13.758],[101.665,13.734],[101.633,13.748],[101.612,13.735],[101.596,13.739],[101.583,13.727],[101.562,13.726],[101.552,13.717],[101.537,13.719],[101.519,13.701],[101.523,13.671],[101.445,13.691],[101.426,13.67],[101.415,13.637],[101.397,13.616],[101.4,13.584],[101.393,13.558],[101.419,13.547],[101.424,13.531],[101.449,13.517],[101.454,13.49],[101.462,13.486],[101.449,13.472],[101.45,13.464],[101.46,13.467],[101.482,13.461],[101.488,13.45],[101.503,13.451],[101.519,13.477],[101.532,13.482],[101.535,13.498],[101.545,13.504],[101.541,13.518],[101.549,13.533],[101.55,13.546],[101.577,13.555],[101.583,13.565],[101.581,13.574],[101.607,13.555],[101.623,13.552],[101.627,13.567],[101.62,13.568],[101.631,13.583],[101.624,13.6],[101.691,13.577],[101.699,13.563],[101.72,13.549],[101.748,13.555],[101.756,13.544],[101.791,13.533],[101.806,13.508],[101.854,13.483],[101.871,13.486],[101.898,13.511],[101.885,13.525],[101.874,13.524],[101.875,13.529],[101.893,13.54],[101.915,13.586],[101.889,13.582],[101.885,13.597],[101.871,13.604],[101.866,13.631],[101.832,13.636],[101.838,13.656],[101.836,13.674],[101.841,13.68],[101.832,13.702],[101.818,13.706],[101.812,13.699],[101.794,13.705],[101.793,13.733],[101.764,13.751],[101.769,13.757],[101.758,13.773],[101.731,13.766],[101.725,13.755],[101.687,13.758]]]]}},{"type":"Feature","id":723,"properties":{"id":723,"en":"Sang Khom","th":"สร้างคอม","prov":"อุดรธานี","code":"41"},"geometry":{"type":"MultiPolygon","coordinates":[[[[103.127,17.826],[103.123,17.832],[103.128,17.844],[103.117,17.844],[103.114,17.861],[103.107,17.861],[103.109,17.854],[103.101,17.857],[103.1,17.87],[103.095,17.866],[103.082,17.874],[103.078,17.886],[103.052,17.88],[103.044,17.893],[103.037,17.891],[103.038,17.878],[103.012,17.876],[103.012,17.862],[103.004,17.862],[103.004,17.842],[102.988,17.843],[102.982,17.83],[102.969,17.824],[102.97,17.801],[102.976,17.795],[102.961,17.786],[102.951,17.769],[102.959,17.761],[102.957,17.747],[102.97,17.745],[102.981,17.748],[103.004,17.738],[103.005,17.728],[103.028,17.714],[103.088,17.706],[103.1,17.697],[103.12,17.694],[103.114,17.719],[103.124,17.728],[103.117,17.73],[103.122,17.745],[103.133,17.751],[103.122,17.776],[103.111,17.771],[103.107,17.78],[103.121,17.795],[103.118,17.802],[103.124,17.802],[103.125,17.812],[103.12,17.817],[103.126,17.819],[103.127,17.826]]]]}},{"type":"Feature","id":724,"properties":{"id":724,"en":"Sangkha","th":"สังขะ","prov":"สุรินทร์","code":"32"},"geometry":{"type":"MultiPolygon","coordinates":[[[[104.051,14.637],[104.056,14.652],[104.049,14.674],[104.004,14.721],[103.981,14.707],[103.961,14.71],[103.948,14.72],[103.949,14.737],[103.926,14.748],[103.911,14.749],[103.904,14.73],[103.886,14.729],[103.878,14.701],[103.858,14.687],[103.817,14.691],[103.81,14.717],[103.769,14.728],[103.76,14.691],[103.739,14.677],[103.73,14.655],[103.723,14.657],[103.715,14.65],[103.681,14.652],[103.63,14.629],[103.622,14.571],[103.639,14.57],[103.67,14.547],[103.717,14.535],[103.729,14.526],[103.734,14.511],[103.751,14.499],[103.759,14.469],[103.734,14.453],[103.742,14.416],[103.731,14.393],[103.739,14.377],[103.754,14.371],[103.76,14.376],[103.776,14.36],[103.803,14.368],[103.805,14.352],[103.822,14.35],[103.831,14.351],[103.83,14.363],[103.839,14.372],[103.863,14.366],[103.859,14.357],[103.883,14.338],[103.899,14.345],[103.9,14.337],[103.917,14.337],[103.896,14.355],[103.902,14.383],[103.915,14.386],[103.913,14.394],[103.921,14.397],[103.921,14.405],[103.918,14.415],[103.894,14.435],[103.899,14.472],[103.891,14.489],[103.896,14.518],[103.883,14.554],[103.916,14.576],[103.967,14.598],[103.982,14.624],[103.998,14.637],[104.039,14.633],[104.051,14.637]]]]}},{"type":"Feature","id":725,"properties":{"id":725,"en":"Sangkhla Buri","th":"สังขละบุรี","prov":"กาญจนบุรี","code":"71"},"geometry":{"type":"MultiPolygon","coordinates":[[[[98.886,15.275],[98.891,15.29],[98.871,15.325],[98.84,15.348],[98.831,15.346],[98.829,15.356],[98.783,15.408],[98.779,15.423],[98.755,15.441],[98.76,15.471],[98.701,15.504],[98.704,15.51],[98.719,15.506],[98.724,15.518],[98.661,15.598],[98.648,15.633],[98.64,15.638],[98.626,15.627],[98.627,15.639],[98.613,15.645],[98.59,15.644],[98.584,15.66],[98.558,15.652],[98.563,15.64],[98.553,15.602],[98.585,15.471],[98.58,15.378],[98.559,15.336],[98.549,15.338],[98.547,15.359],[98.531,15.372],[98.521,15.392],[98.5,15.405],[98.49,15.403],[98.476,15.391],[98.48,15.377],[98.469,15.372],[98.463,15.385],[98.449,15.384],[98.452,15.376],[98.442,15.365],[98.416,15.364],[98.415,15.355],[98.394,15.345],[98.391,15.331],[98.4,15.322],[98.4,15.311],[98.385,15.301],[98.344,15.293],[98.297,15.313],[98.3,15.303],[98.294,15.297],[98.303,15.28],[98.28,15.27],[98.258,15.224],[98.235,15.22],[98.221,15.225],[98.209,15.239],[98.198,15.234],[98.199,15.21],[98.21,15.2],[98.213,15.18],[98.19,15.15],[98.193,15.135],[98.181,15.11],[98.184,15.096],[98.211,15.075],[98.23,15.046],[98.224,15.027],[98.211,15.016],[98.209,14.98],[98.232,14.967],[98.232,14.942],[98.243,14.939],[98.243,14.922],[98.25,14.916],[98.3,14.92],[98.311,14.905],[98.308,14.892],[98.327,14.887],[98.332,14.897],[98.344,14.897],[98.339,14.905],[98.348,14.907],[98.352,14.916],[98.347,14.92],[98.35,14.933],[98.377,14.951],[98.38,14.932],[98.395,14.935],[98.409,14.911],[98.411,14.932],[98.424,14.927],[98.435,14.932],[98.457,14.868],[98.492,14.884],[98.516,14.878],[98.541,14.897],[98.545,14.909],[98.555,14.908],[98.564,14.914],[98.595,14.892],[98.607,14.898],[98.623,14.854],[98.629,14.854],[98.638,14.896],[98.659,14.9],[98.66,14.911],[98.642,14.935],[98.647,14.948],[98.659,14.949],[98.662,14.963],[98.634,15.009],[98.654,15.053],[98.655,15.081],[98.688,15.114],[98.703,15.119],[98.705,15.137],[98.7,15.153],[98.708,15.147],[98.715,15.154],[98.733,15.149],[98.735,15.163],[98.774,15.189],[98.771,15.196],[98.781,15.199],[98.78,15.209],[98.794,15.207],[98.818,15.217],[98.817,15.233],[98.839,15.253],[98.886,15.275]]]]}},{"type":"Feature","id":726,"properties":{"id":726,"en":"Sangkhom","th":"สังคม","prov":"หนองคาย","code":"43"},"geometry":{"type":"MultiPolygon","coordinates":[[[[102.356,17.923],[102.374,17.935],[102.379,17.958],[102.403,18.002],[102.348,18.046],[102.288,18.059],[102.218,18.124],[102.198,18.135],[102.183,18.152],[102.164,18.203],[102.144,18.206],[102.135,18.216],[102.106,18.214],[102.102,18.163],[102.087,18.16],[102.068,18.142],[102.055,18.086],[102.084,18.079],[102.1,18.082],[102.1,18.073],[102.113,18.054],[102.112,18.042],[102.104,18.033],[102.108,18.026],[102.127,18.035],[102.145,18.033],[102.14,18.007],[102.156,17.99],[102.17,18.007],[102.203,18.022],[102.205,18.009],[102.231,18.006],[102.26,17.986],[102.276,17.981],[102.281,17.993],[102.296,17.983],[102.291,17.971],[102.309,17.947],[102.323,17.935],[102.356,17.923]]]]}},{"type":"Feature","id":727,"properties":{"id":727,"en":"Sankhaburi","th":"","prov":"","code":"18"},"geometry":{"type":"MultiPolygon","coordinates":[[[[100.288,14.956],[100.286,14.993],[100.275,14.992],[100.268,15.01],[100.256,15.008],[100.251,15.019],[100.243,15.018],[100.245,15.024],[100.224,15.025],[100.219,15.041],[100.247,15.04],[100.26,15.05],[100.257,15.091],[100.186,15.119],[100.177,15.107],[100.157,15.117],[100.153,15.109],[100.141,15.108],[100.136,15.098],[100.104,15.11],[100.094,15.094],[100.092,15.086],[100.068,15.09],[100.065,15.085],[100.085,15.049],[100.078,15.026],[100.092,14.981],[100.087,14.956],[100.106,14.946],[100.137,14.943],[100.138,14.935],[100.128,14.931],[100.126,14.923],[100.158,14.929],[100.187,14.958],[100.2,14.96],[100.203,14.953],[100.237,14.952],[100.259,14.944],[100.288,14.956]]]]}},{"type":"Feature","id":728,"properties":{"id":728,"en":"Sanom","th":"","prov":"","code":"32"},"geometry":{"type":"MultiPolygon","coordinates":[[[[103.719,15.127],[103.735,15.133],[103.763,15.114],[103.805,15.098],[103.815,15.105],[103.841,15.103],[103.865,15.111],[103.857,15.12],[103.86,15.157],[103.849,15.183],[103.855,15.193],[103.841,15.202],[103.793,15.206],[103.791,15.232],[103.803,15.252],[103.8,15.275],[103.788,15.283],[103.77,15.277],[103.759,15.295],[103.744,15.27],[103.741,15.248],[103.729,15.231],[103.73,15.218],[103.7,15.153],[103.719,15.127]]]]}},{"type":"Feature","id":729,"properties":{"id":729,"en":"Santi Suk","th":"สันติสุข","prov":"น่าน","code":"55"},"geometry":{"type":"MultiPolygon","coordinates":[[[[101.091,18.961],[101.05,18.961],[101.038,18.974],[101.021,18.973],[100.998,18.983],[100.991,18.974],[100.975,18.972],[100.965,18.981],[100.94,18.984],[100.928,18.968],[100.913,18.967],[100.898,18.982],[100.891,18.979],[100.887,18.986],[100.884,18.981],[100.831,18.994],[100.836,18.979],[100.812,18.953],[100.81,18.936],[100.816,18.933],[100.812,18.927],[100.82,18.923],[100.828,18.931],[100.853,18.916],[100.865,18.884],[100.87,18.876],[100.867,18.866],[100.879,18.857],[100.886,18.863],[100.922,18.857],[100.94,18.863],[100.967,18.86],[100.993,18.846],[100.999,18.855],[101.027,18.858],[101.04,18.872],[101.061,18.871],[101.075,18.861],[101.109,18.851],[101.128,18.875],[101.174,18.901],[101.16,18.928],[101.145,18.926],[101.126,18.912],[101.119,18.914],[101.121,18.937],[101.137,18.955],[101.112,18.961],[101.097,18.954],[101.091,18.961]]]]}},{"type":"Feature","id":730,"properties":{"id":730,"en":"Sao Hai","th":"","prov":"","code":"19"},"geometry":{"type":"MultiPolygon","coordinates":[[[[100.783,14.567],[100.775,14.546],[100.779,14.531],[100.8,14.531],[100.819,14.513],[100.831,14.519],[100.882,14.524],[100.878,14.55],[100.886,14.555],[100.894,14.585],[100.888,14.591],[100.884,14.587],[100.884,14.594],[100.89,14.601],[100.883,14.613],[100.866,14.617],[100.874,14.635],[100.868,14.666],[100.859,14.666],[100.847,14.651],[100.838,14.622],[100.823,14.621],[100.816,14.601],[100.8,14.599],[100.796,14.586],[100.78,14.581],[100.783,14.567]]]]}},{"type":"Feature","id":731,"properties":{"id":731,"en":"Sap Yai","th":"","prov":"","code":"36"},"geometry":{"type":"MultiPolygon","coordinates":[[[[101.731,15.537],[101.709,15.568],[101.728,15.589],[101.724,15.596],[101.735,15.605],[101.732,15.633],[101.747,15.647],[101.737,15.657],[101.738,15.672],[101.717,15.669],[101.704,15.688],[101.696,15.685],[101.689,15.692],[101.665,15.681],[101.638,15.686],[101.619,15.677],[101.612,15.681],[101.608,15.675],[101.595,15.676],[101.599,15.672],[101.59,15.664],[101.592,15.655],[101.58,15.653],[101.586,15.648],[101.586,15.638],[101.571,15.627],[101.526,15.621],[101.501,15.634],[101.477,15.632],[101.472,15.618],[101.505,15.597],[101.527,15.599],[101.539,15.567],[101.553,15.562],[101.569,15.57],[101.587,15.563],[101.595,15.566],[101.609,15.554],[101.616,15.559],[101.623,15.55],[101.636,15.555],[101.665,15.537],[101.681,15.544],[101.726,15.543],[101.731,15.537]]]]}},{"type":"Feature","id":733,"properties":{"id":733,"en":"Sapphaya","th":"สรรพยา","prov":"ชัยนาท","code":"18"},"geometry":{"type":"MultiPolygon","coordinates":[[[[100.352,15.118],[100.34,15.151],[100.302,15.173],[100.294,15.208],[100.288,15.204],[100.274,15.21],[100.25,15.23],[100.222,15.222],[100.211,15.229],[100.204,15.221],[100.177,15.223],[100.171,15.172],[100.176,15.157],[100.165,15.153],[100.169,15.149],[100.185,15.118],[100.257,15.091],[100.26,15.059],[100.278,15.066],[100.294,15.065],[100.293,15.082],[100.32,15.093],[100.352,15.118]]]]}},{"type":"Feature","id":734,"properties":{"id":734,"en":"Saraphi","th":"สารภี","prov":"เชียงใหม่","code":"50"},"geometry":{"type":"MultiPolygon","coordinates":[[[[99.081,18.681],[99.066,18.727],[99.071,18.733],[99.053,18.754],[99.049,18.769],[99.02,18.745],[98.991,18.753],[98.983,18.709],[98.987,18.685],[98.979,18.679],[98.954,18.644],[98.954,18.62],[98.966,18.613],[98.978,18.636],[99.004,18.643],[99.01,18.673],[99.065,18.66],[99.081,18.681]]]]}},{"type":"Feature","id":735,"properties":{"id":735,"en":"Sathing Phra","th":"สทิงพระ","prov":"สงขลา","code":"90"},"geometry":{"type":"MultiPolygon","coordinates":[[[[100.356,7.528],[100.386,7.512],[100.383,7.425],[100.399,7.4],[100.406,7.362],[100.481,7.376],[100.44,7.494],[100.408,7.622],[100.361,7.61],[100.356,7.528]]]]}},{"type":"Feature","id":737,"properties":{"id":737,"en":"Sattahip","th":"สัตหีบ","prov":"ชลบุรี","code":"20"},"geometry":{"type":"MultiPolygon","coordinates":[[[[100.972,12.523],[100.968,12.517],[100.974,12.513],[100.972,12.523]]],[[[100.956,12.531],[100.952,12.516],[100.957,12.508],[100.961,12.516],[100.956,12.531]]],[[[100.947,12.588],[100.942,12.58],[100.953,12.55],[100.963,12.562],[100.954,12.587],[100.947,12.588]]],[[[100.965,12.59],[100.96,12.581],[100.967,12.581],[100.965,12.59]]],[[[100.874,12.642],[100.864,12.641],[100.868,12.629],[100.878,12.637],[100.874,12.642]]],[[[100.892,12.646],[100.878,12.645],[100.891,12.642],[100.892,12.646]]],[[[100.776,12.72],[100.776,12.707],[100.769,12.705],[100.766,12.714],[100.764,12.704],[100.781,12.671],[100.806,12.697],[100.803,12.718],[100.776,12.72]]],[[[100.704,12.797],[100.7,12.803],[100.698,12.798],[100.704,12.797]]],[[[101.012,12.768],[100.994,12.767],[100.982,12.758],[100.975,12.772],[100.967,12.777],[100.959,12.772],[100.949,12.795],[100.927,12.802],[100.927,12.818],[100.919,12.824],[100.918,12.855],[100.911,12.866],[100.893,12.865],[100.912,12.818],[100.904,12.779],[100.886,12.762],[100.876,12.761],[100.87,12.77],[100.856,12.764],[100.853,12.754],[100.84,12.753],[100.834,12.733],[100.838,12.697],[100.857,12.694],[100.84,12.683],[100.843,12.67],[100.856,12.676],[100.862,12.667],[100.859,12.659],[100.849,12.655],[100.854,12.648],[100.886,12.653],[100.903,12.662],[100.918,12.658],[100.93,12.646],[100.928,12.632],[100.914,12.628],[100.925,12.607],[100.935,12.609],[100.945,12.599],[100.954,12.603],[100.963,12.595],[100.968,12.644],[100.993,12.659],[100.984,12.694],[100.995,12.714],[100.991,12.727],[101.001,12.731],[101.015,12.759],[101.012,12.768]]]]}},{"type":"Feature","id":738,"properties":{"id":738,"en":"Satuek","th":"สตึก","prov":"บุรีรัมย์","code":"31"},"geometry":{"type":"MultiPolygon","coordinates":[[[[103.255,15.111],[103.311,15.108],[103.326,15.1],[103.349,15.111],[103.368,15.109],[103.38,15.12],[103.417,15.111],[103.433,15.122],[103.424,15.13],[103.429,15.141],[103.421,15.152],[103.429,15.159],[103.42,15.168],[103.429,15.185],[103.418,15.188],[103.42,15.204],[103.436,15.206],[103.429,15.214],[103.437,15.22],[103.436,15.24],[103.447,15.256],[103.441,15.263],[103.46,15.257],[103.462,15.282],[103.469,15.28],[103.48,15.296],[103.505,15.292],[103.497,15.301],[103.503,15.314],[103.497,15.308],[103.492,15.317],[103.486,15.311],[103.484,15.318],[103.474,15.319],[103.469,15.325],[103.474,15.329],[103.471,15.338],[103.459,15.335],[103.444,15.344],[103.441,15.339],[103.451,15.335],[103.442,15.33],[103.436,15.335],[103.436,15.323],[103.428,15.32],[103.427,15.308],[103.419,15.316],[103.403,15.308],[103.386,15.318],[103.387,15.325],[103.374,15.339],[103.36,15.338],[103.361,15.346],[103.35,15.347],[103.349,15.339],[103.342,15.344],[103.339,15.335],[103.328,15.337],[103.329,15.331],[103.314,15.328],[103.316,15.319],[103.306,15.319],[103.29,15.299],[103.281,15.307],[103.284,15.317],[103.267,15.318],[103.266,15.311],[103.259,15.314],[103.249,15.307],[103.252,15.322],[103.235,15.32],[103.236,15.313],[103.223,15.3],[103.213,15.303],[103.215,15.308],[103.2,15.307],[103.203,15.295],[103.194,15.29],[103.201,15.289],[103.204,15.246],[103.201,15.241],[103.156,15.237],[103.156,15.218],[103.17,15.197],[103.177,15.172],[103.25,15.147],[103.241,15.125],[103.256,15.121],[103.255,15.111]]]]}},{"type":"Feature","id":739,"properties":{"id":739,"en":"Sawaeng Ha","th":"แสวงหา","prov":"อ่างทอง","code":"15"},"geometry":{"type":"MultiPolygon","coordinates":[[[[100.205,14.771],[100.207,14.738],[100.212,14.739],[100.213,14.729],[100.219,14.732],[100.215,14.724],[100.226,14.711],[100.253,14.706],[100.27,14.71],[100.277,14.697],[100.303,14.701],[100.316,14.695],[100.34,14.719],[100.357,14.727],[100.378,14.721],[100.372,14.732],[100.382,14.735],[100.382,14.743],[100.375,14.752],[100.371,14.763],[100.356,14.762],[100.349,14.78],[100.329,14.802],[100.311,14.798],[100.314,14.79],[100.299,14.79],[100.295,14.781],[100.272,14.799],[100.255,14.796],[100.245,14.801],[100.226,14.795],[100.23,14.784],[100.205,14.771]]]]}},{"type":"Feature","id":740,"properties":{"id":740,"en":"Sawang Arom","th":"สว่างอารมณ์","prov":"อุทัยธานี","code":"61"},"geometry":{"type":"MultiPolygon","coordinates":[[[[99.571,15.602],[99.585,15.588],[99.622,15.578],[99.653,15.555],[99.673,15.561],[99.673,15.532],[99.719,15.54],[99.745,15.531],[99.754,15.536],[99.78,15.53],[99.798,15.534],[99.834,15.52],[99.859,15.533],[99.864,15.559],[99.881,15.556],[99.884,15.545],[99.89,15.544],[99.886,15.56],[99.896,15.575],[99.941,15.604],[99.932,15.672],[99.874,15.658],[99.864,15.654],[99.864,15.645],[99.866,15.619],[99.855,15.618],[99.795,15.642],[99.783,15.66],[99.765,15.661],[99.734,15.688],[99.717,15.681],[99.706,15.686],[99.67,15.67],[99.66,15.649],[99.627,15.643],[99.596,15.628],[99.571,15.602]]]]}},{"type":"Feature","id":741,"properties":{"id":741,"en":"Sawang Daen Din","th":"สว่างแดนดิน","prov":"สกลนคร","code":"47"},"geometry":{"type":"MultiPolygon","coordinates":[[[[103.32,17.549],[103.317,17.524],[103.286,17.498],[103.29,17.468],[103.274,17.443],[103.284,17.426],[103.281,17.416],[103.302,17.39],[103.272,17.349],[103.271,17.333],[103.257,17.328],[103.251,17.313],[103.257,17.31],[103.263,17.29],[103.274,17.28],[103.275,17.27],[103.3,17.27],[103.31,17.283],[103.313,17.305],[103.335,17.299],[103.325,17.318],[103.37,17.316],[103.375,17.344],[103.4,17.339],[103.397,17.352],[103.41,17.359],[103.406,17.393],[103.419,17.39],[103.468,17.417],[103.487,17.404],[103.492,17.391],[103.557,17.395],[103.566,17.389],[103.569,17.368],[103.556,17.365],[103.555,17.352],[103.547,17.346],[103.556,17.323],[103.595,17.325],[103.617,17.318],[103.628,17.335],[103.625,17.349],[103.64,17.366],[103.635,17.382],[103.626,17.39],[103.627,17.403],[103.668,17.439],[103.662,17.443],[103.657,17.475],[103.648,17.486],[103.661,17.502],[103.654,17.513],[103.627,17.504],[103.6,17.508],[103.585,17.548],[103.575,17.55],[103.553,17.526],[103.493,17.537],[103.484,17.581],[103.493,17.606],[103.474,17.608],[103.494,17.625],[103.49,17.661],[103.471,17.66],[103.448,17.644],[103.437,17.647],[103.431,17.656],[103.433,17.672],[103.42,17.678],[103.419,17.685],[103.404,17.684],[103.407,17.668],[103.399,17.652],[103.402,17.621],[103.397,17.618],[103.411,17.595],[103.376,17.593],[103.374,17.579],[103.361,17.592],[103.35,17.588],[103.337,17.577],[103.34,17.57],[103.331,17.551],[103.323,17.555],[103.32,17.549]]]]}},{"type":"Feature","id":742,"properties":{"id":742,"en":"Sawang Wirawong","th":"สว่างวีระวงศ์","prov":"อุบลราชธานี","code":"34"},"geometry":{"type":"MultiPolygon","coordinates":[[[[105.034,15.279],[105.024,15.272],[105.004,15.279],[104.941,15.234],[104.955,15.205],[104.964,15.208],[104.988,15.187],[104.992,15.168],[105.027,15.175],[105.036,15.185],[105.051,15.185],[105.067,15.187],[105.085,15.169],[105.115,15.164],[105.142,15.177],[105.145,15.186],[105.153,15.187],[105.135,15.208],[105.141,15.221],[105.171,15.242],[105.177,15.269],[105.173,15.291],[105.161,15.3],[105.163,15.308],[105.105,15.306],[105.058,15.284],[105.034,15.279]]]]}},{"type":"Feature","id":743,"properties":{"id":743,"en":"Sawankhalok","th":"สวรรคโลก","prov":"สุโขทัย","code":"64"},"geometry":{"type":"MultiPolygon","coordinates":[[[[99.963,17.252],[99.945,17.251],[99.942,17.268],[99.926,17.269],[99.927,17.3],[99.91,17.298],[99.912,17.335],[99.955,17.341],[99.96,17.353],[99.951,17.371],[99.965,17.385],[99.963,17.401],[99.93,17.418],[99.93,17.428],[99.939,17.435],[99.931,17.445],[99.941,17.492],[99.922,17.49],[99.913,17.48],[99.884,17.468],[99.881,17.452],[99.87,17.455],[99.876,17.445],[99.869,17.436],[99.873,17.428],[99.883,17.43],[99.879,17.417],[99.893,17.414],[99.887,17.39],[99.864,17.393],[99.828,17.383],[99.792,17.386],[99.758,17.38],[99.742,17.368],[99.725,17.377],[99.721,17.37],[99.681,17.274],[99.688,17.25],[99.667,17.245],[99.674,17.212],[99.71,17.2],[99.737,17.199],[99.749,17.202],[99.744,17.213],[99.776,17.222],[99.793,17.209],[99.818,17.202],[99.837,17.199],[99.849,17.204],[99.88,17.192],[99.888,17.194],[99.892,17.205],[99.899,17.194],[99.909,17.194],[99.923,17.184],[99.937,17.187],[99.951,17.178],[99.952,17.172],[99.973,17.165],[99.984,17.189],[99.971,17.211],[99.982,17.216],[99.958,17.23],[99.974,17.241],[99.955,17.242],[99.963,17.252]]]]}},{"type":"Feature","id":744,"properties":{"id":744,"en":"Sawi","th":"สวี","prov":"ชุมพร","code":"86"},"geometry":{"type":"MultiPolygon","coordinates":[[[[99.257,10.249],[99.26,10.259],[99.255,10.259],[99.257,10.249]]],[[[98.875,10.204],[98.871,10.186],[98.889,10.17],[98.889,10.161],[98.87,10.154],[98.869,10.134],[98.859,10.13],[98.859,10.119],[98.864,10.119],[98.866,10.108],[98.863,10.093],[98.835,10.066],[98.858,10.061],[98.893,10.065],[98.903,10.055],[98.923,10.069],[98.921,10.087],[98.929,10.096],[98.931,10.118],[98.939,10.11],[98.952,10.119],[98.981,10.12],[98.993,10.141],[99.019,10.137],[99.047,10.15],[99.062,10.151],[99.085,10.168],[99.095,10.165],[99.095,10.158],[99.105,10.15],[99.113,10.158],[99.144,10.156],[99.156,10.185],[99.175,10.172],[99.183,10.176],[99.195,10.215],[99.203,10.218],[99.213,10.21],[99.227,10.214],[99.247,10.235],[99.239,10.238],[99.229,10.228],[99.219,10.228],[99.218,10.237],[99.211,10.237],[99.203,10.251],[99.208,10.265],[99.202,10.272],[99.193,10.265],[99.186,10.27],[99.189,10.275],[99.165,10.279],[99.168,10.285],[99.152,10.298],[99.146,10.317],[99.135,10.325],[99.122,10.32],[99.103,10.326],[99.091,10.346],[99.067,10.363],[99.047,10.389],[99.024,10.399],[99.016,10.425],[98.988,10.434],[98.979,10.426],[98.961,10.379],[98.937,10.384],[98.931,10.365],[98.942,10.359],[98.941,10.343],[98.903,10.295],[98.9,10.278],[98.909,10.267],[98.904,10.254],[98.895,10.25],[98.9,10.243],[98.89,10.236],[98.892,10.223],[98.875,10.204]]]]}},{"type":"Feature","id":745,"properties":{"id":745,"en":"Seka","th":"เซกา","prov":"บึงกาฬ","code":"38"},"geometry":{"type":"MultiPolygon","coordinates":[[[[104.012,17.811],[104.013,17.83],[103.998,17.841],[104.003,17.848],[103.982,17.858],[103.989,17.865],[103.985,17.873],[104.009,17.908],[104.013,17.926],[104,17.955],[104.009,17.986],[103.992,18],[104.026,18.01],[104.016,18.029],[104.035,18.057],[104.087,18.056],[104.095,18.064],[104.092,18.074],[104.043,18.106],[104.025,18.11],[104.005,18.149],[103.991,18.141],[103.99,18.122],[103.98,18.124],[103.955,18.161],[103.941,18.163],[103.93,18.188],[103.918,18.185],[103.895,18.229],[103.885,18.225],[103.885,18.219],[103.87,18.216],[103.882,18.212],[103.882,18.19],[103.899,18.164],[103.912,18.157],[103.919,18.135],[103.887,18.118],[103.862,18.067],[103.855,18.045],[103.796,18.045],[103.792,18.052],[103.802,18.069],[103.793,18.071],[103.797,18.077],[103.775,18.084],[103.753,18.043],[103.721,18.027],[103.734,18.018],[103.727,18.012],[103.724,17.983],[103.708,17.941],[103.716,17.942],[103.722,17.926],[103.747,17.911],[103.753,17.915],[103.749,17.926],[103.766,17.956],[103.757,17.922],[103.765,17.921],[103.782,17.932],[103.775,17.909],[103.787,17.892],[103.769,17.891],[103.765,17.883],[103.795,17.842],[103.811,17.858],[103.794,17.871],[103.796,17.877],[103.836,17.87],[103.856,17.883],[103.868,17.88],[103.866,17.864],[103.875,17.876],[103.905,17.88],[103.9,17.849],[103.911,17.851],[103.915,17.859],[103.923,17.855],[103.925,17.834],[103.919,17.818],[103.935,17.807],[103.939,17.79],[103.954,17.777],[103.973,17.785],[103.97,17.78],[103.979,17.771],[103.987,17.789],[104,17.789],[104.001,17.807],[104.012,17.811]]]]}},{"type":"Feature","id":746,"properties":{"id":746,"en":"Selaphum","th":"เสลภูมิ","prov":"ร้อยเอ็ด","code":"45"},"geometry":{"type":"MultiPolygon","coordinates":[[[[103.992,15.81],[104.003,15.802],[103.998,15.815],[104.005,15.812],[104.005,15.817],[104.014,15.817],[104.007,15.831],[104.017,15.831],[104.013,15.845],[104.021,15.84],[104.019,15.848],[104.028,15.852],[104.029,15.86],[104.02,15.867],[104.037,15.868],[104.024,15.87],[104.032,15.875],[104.015,15.886],[104.021,15.891],[104.015,15.892],[104.019,15.906],[104.014,15.911],[104.024,15.912],[104.036,15.94],[104.027,15.961],[104.021,15.951],[104.012,15.954],[104.02,15.976],[104.027,15.977],[104.028,15.984],[104.061,15.988],[104.095,15.977],[104.103,15.984],[104.107,15.997],[104.102,16.006],[104.114,16.032],[104.098,16.059],[104.095,16.075],[104.103,16.087],[104.1,16.094],[104.117,16.116],[104.138,16.11],[104.151,16.117],[104.154,16.129],[104.179,16.149],[104.184,16.161],[104.181,16.185],[104.178,16.193],[104.196,16.21],[104.199,16.224],[104.176,16.209],[104.166,16.211],[104.155,16.201],[104.141,16.202],[104.129,16.189],[104.119,16.19],[104.087,16.146],[104.068,16.154],[104.058,16.149],[104.035,16.16],[104.011,16.161],[104.006,16.156],[104.012,16.146],[103.999,16.132],[103.993,16.146],[103.988,16.141],[103.994,16.162],[103.982,16.174],[103.945,16.175],[103.889,16.198],[103.868,16.191],[103.835,16.198],[103.829,16.182],[103.841,16.153],[103.848,16.164],[103.851,16.154],[103.849,16.145],[103.824,16.132],[103.828,16.124],[103.838,16.117],[103.864,16.115],[103.881,16.099],[103.903,16.061],[103.909,16.002],[103.917,15.998],[103.919,16.012],[103.932,16.012],[103.925,16.004],[103.935,15.987],[103.927,15.978],[103.934,15.973],[103.922,15.966],[103.924,15.959],[103.913,15.956],[103.914,15.948],[103.907,15.949],[103.904,15.958],[103.897,15.955],[103.904,15.947],[103.9,15.939],[103.91,15.911],[103.908,15.9],[103.934,15.889],[103.943,15.874],[103.957,15.871],[103.948,15.869],[103.946,15.86],[103.961,15.867],[103.967,15.864],[103.958,15.856],[103.96,15.843],[103.978,15.829],[103.971,15.824],[103.98,15.81],[103.987,15.812],[103.981,15.802],[103.988,15.802],[103.992,15.81]]]]}},{"type":"Feature","id":747,"properties":{"id":747,"en":"Sena","th":"เสนา","prov":"พระนครศรีอยุธยา","code":"14"},"geometry":{"type":"MultiPolygon","coordinates":[[[[100.416,14.396],[100.409,14.406],[100.371,14.402],[100.362,14.384],[100.348,14.38],[100.333,14.347],[100.337,14.334],[100.354,14.33],[100.355,14.32],[100.311,14.26],[100.305,14.253],[100.297,14.256],[100.29,14.241],[100.279,14.235],[100.274,14.219],[100.302,14.217],[100.338,14.227],[100.351,14.225],[100.351,14.209],[100.367,14.218],[100.396,14.213],[100.404,14.219],[100.412,14.216],[100.422,14.228],[100.427,14.227],[100.425,14.25],[100.438,14.26],[100.437,14.279],[100.429,14.327],[100.419,14.336],[100.437,14.364],[100.419,14.367],[100.416,14.396]]]]}},{"type":"Feature","id":748,"properties":{"id":748,"en":"Senangkhanikhom","th":"","prov":"","code":"37"},"geometry":{"type":"MultiPolygon","coordinates":[[[[104.814,16.099],[104.802,16.095],[104.781,16.114],[104.764,16.104],[104.73,16.101],[104.679,16.12],[104.622,16.123],[104.605,16.109],[104.562,16.099],[104.534,16.057],[104.537,16.045],[104.515,16.026],[104.525,16.014],[104.523,16.01],[104.536,16],[104.558,16.002],[104.564,16.01],[104.579,16.016],[104.598,16.003],[104.619,16.005],[104.623,16],[104.632,16.006],[104.651,16.003],[104.71,16.015],[104.724,16.006],[104.73,15.992],[104.738,15.99],[104.754,16],[104.776,15.968],[104.793,15.967],[104.808,15.974],[104.818,16.009],[104.807,16.013],[104.804,16.046],[104.817,16.055],[104.816,16.072],[104.84,16.076],[104.814,16.099]]]]}},{"type":"Feature","id":749,"properties":{"id":749,"en":"Si Banphot","th":"ศรีบรรพต","prov":"พัทลุง","code":"93"},"geometry":{"type":"MultiPolygon","coordinates":[[[[99.811,7.649],[99.788,7.645],[99.81,7.622],[99.8,7.604],[99.806,7.595],[99.835,7.604],[99.844,7.599],[99.872,7.626],[99.893,7.607],[99.905,7.608],[99.911,7.625],[99.92,7.632],[99.94,7.632],[99.947,7.645],[99.969,7.649],[99.977,7.643],[99.976,7.662],[99.938,7.659],[99.928,7.665],[99.929,7.673],[99.906,7.689],[99.91,7.697],[99.923,7.715],[99.919,7.768],[99.94,7.779],[99.936,7.79],[99.927,7.79],[99.907,7.762],[99.852,7.764],[99.841,7.747],[99.831,7.762],[99.815,7.755],[99.805,7.761],[99.794,7.757],[99.785,7.725],[99.792,7.7],[99.802,7.687],[99.819,7.679],[99.811,7.649]]]]}},{"type":"Feature","id":750,"properties":{"id":750,"en":"Si Bun Rueang","th":"ศรีบุญเรือง","prov":"หนองบัวลำภู","code":"39"},"geometry":{"type":"MultiPolygon","coordinates":[[[[102.035,17.149],[102.041,17.134],[102.051,17.133],[102.075,17.111],[102.087,17.114],[102.092,17.103],[102.1,17.101],[102.1,17.087],[102.106,17.081],[102.102,17.067],[102.12,17.057],[102.13,17.037],[102.15,17.034],[102.155,17.024],[102.124,16.994],[102.091,16.98],[102.072,16.963],[102.051,16.965],[102.029,16.951],[102.048,16.905],[102.068,16.893],[102.071,16.885],[102.081,16.89],[102.097,16.883],[102.096,16.891],[102.105,16.897],[102.124,16.881],[102.144,16.876],[102.156,16.881],[102.158,16.872],[102.172,16.865],[102.18,16.872],[102.188,16.858],[102.213,16.86],[102.235,16.881],[102.243,16.875],[102.245,16.882],[102.249,16.878],[102.254,16.895],[102.295,16.892],[102.292,16.884],[102.307,16.884],[102.302,16.877],[102.315,16.869],[102.325,16.867],[102.317,16.855],[102.331,16.855],[102.332,16.849],[102.324,16.846],[102.34,16.837],[102.336,16.832],[102.343,16.818],[102.35,16.831],[102.361,16.817],[102.376,16.811],[102.378,16.818],[102.392,16.81],[102.394,16.816],[102.405,16.815],[102.386,16.862],[102.377,16.869],[102.38,16.875],[102.368,16.876],[102.379,16.901],[102.374,16.907],[102.385,16.924],[102.372,16.929],[102.376,16.949],[102.371,16.953],[102.357,16.948],[102.343,16.964],[102.327,16.957],[102.321,16.962],[102.323,17.014],[102.331,17.027],[102.324,17.055],[102.332,17.088],[102.319,17.118],[102.303,17.126],[102.278,17.127],[102.254,17.147],[102.232,17.128],[102.218,17.151],[102.193,17.154],[102.181,17.168],[102.168,17.163],[102.142,17.177],[102.131,17.173],[102.123,17.182],[102.109,17.176],[102.1,17.18],[102.085,17.164],[102.071,17.162],[102.054,17.172],[102.043,17.167],[102.041,17.151],[102.035,17.149]]]]}},{"type":"Feature","id":751,"properties":{"id":751,"en":"Si Chiang Mai","th":"","prov":"","code":"43"},"geometry":{"type":"MultiPolygon","coordinates":[[[[102.502,17.872],[102.523,17.87],[102.52,17.874],[102.531,17.877],[102.528,17.895],[102.556,17.913],[102.594,17.923],[102.614,17.921],[102.613,17.943],[102.593,17.962],[102.555,17.97],[102.535,17.963],[102.508,17.971],[102.492,17.967],[102.46,17.971],[102.403,18.002],[102.386,17.974],[102.404,17.951],[102.429,17.939],[102.459,17.936],[102.464,17.909],[102.483,17.881],[102.502,17.872]]]]}},{"type":"Feature","id":752,"properties":{"id":752,"en":"Si Chomphu","th":"","prov":"","code":"40"},"geometry":{"type":"MultiPolygon","coordinates":[[[[102.157,16.618],[102.165,16.639],[102.202,16.661],[102.206,16.693],[102.234,16.747],[102.236,16.772],[102.225,16.806],[102.231,16.853],[102.204,16.863],[102.188,16.858],[102.18,16.872],[102.172,16.865],[102.158,16.872],[102.156,16.881],[102.144,16.876],[102.124,16.881],[102.105,16.897],[102.096,16.891],[102.097,16.883],[102.081,16.89],[102.063,16.887],[102.055,16.876],[102.06,16.871],[102.052,16.869],[102.04,16.858],[102.032,16.864],[102.026,16.858],[102.026,16.843],[102.034,16.843],[102.033,16.826],[102.015,16.79],[102.019,16.754],[102.017,16.744],[102.008,16.745],[102.012,16.734],[102.003,16.716],[102.017,16.702],[102.049,16.695],[102.055,16.688],[102.051,16.674],[102.064,16.663],[102.099,16.651],[102.112,16.655],[102.133,16.625],[102.157,16.618]]]]}},{"type":"Feature","id":753,"properties":{"id":753,"en":"Si Maha Phot","th":"ศรีมหาโพธิ","prov":"ปราจีนบุรี","code":"25"},"geometry":{"type":"MultiPolygon","coordinates":[[[[101.596,13.987],[101.581,13.98],[101.57,13.986],[101.551,13.983],[101.547,13.993],[101.509,13.998],[101.504,14.011],[101.478,14.019],[101.454,14],[101.436,14.003],[101.408,13.992],[101.387,13.996],[101.388,13.959],[101.4,13.96],[101.398,13.949],[101.421,13.951],[101.433,13.944],[101.43,13.902],[101.443,13.878],[101.499,13.844],[101.539,13.785],[101.554,13.793],[101.56,13.768],[101.581,13.752],[101.595,13.735],[101.604,13.74],[101.612,13.735],[101.633,13.748],[101.665,13.734],[101.687,13.758],[101.694,13.777],[101.681,13.794],[101.634,13.805],[101.613,13.827],[101.612,13.848],[101.625,13.854],[101.626,13.906],[101.614,13.912],[101.598,13.94],[101.603,13.959],[101.595,13.97],[101.611,13.972],[101.596,13.987]]]]}},{"type":"Feature","id":754,"properties":{"id":754,"en":"Si Mahosot","th":"","prov":"","code":"25"},"geometry":{"type":"MultiPolygon","coordinates":[[[[101.381,13.849],[101.437,13.827],[101.474,13.822],[101.501,13.799],[101.539,13.785],[101.499,13.844],[101.443,13.878],[101.43,13.902],[101.43,13.92],[101.433,13.944],[101.426,13.949],[101.398,13.949],[101.4,13.96],[101.396,13.96],[101.388,13.959],[101.388,13.948],[101.374,13.946],[101.352,13.96],[101.346,13.928],[101.355,13.901],[101.385,13.881],[101.381,13.849]]]]}},{"type":"Feature","id":755,"properties":{"id":755,"en":"Si Mueang Mai","th":"ศรีเมืองใหม่","prov":"อุบลราชธานี","code":"34"},"geometry":{"type":"MultiPolygon","coordinates":[[[[105.632,15.667],[105.61,15.694],[105.6,15.721],[105.546,15.75],[105.548,15.736],[105.534,15.698],[105.516,15.688],[105.494,15.692],[105.479,15.682],[105.445,15.683],[105.436,15.674],[105.428,15.649],[105.414,15.644],[105.413,15.635],[105.382,15.649],[105.372,15.668],[105.345,15.68],[105.332,15.708],[105.317,15.7],[105.311,15.705],[105.285,15.691],[105.269,15.708],[105.251,15.713],[105.247,15.708],[105.261,15.689],[105.234,15.681],[105.198,15.616],[105.206,15.604],[105.199,15.59],[105.202,15.524],[105.191,15.486],[105.21,15.46],[105.229,15.447],[105.224,15.423],[105.233,15.42],[105.234,15.403],[105.251,15.375],[105.279,15.372],[105.3,15.385],[105.33,15.37],[105.363,15.368],[105.402,15.381],[105.387,15.398],[105.389,15.428],[105.399,15.447],[105.39,15.467],[105.381,15.472],[105.386,15.483],[105.411,15.483],[105.422,15.52],[105.455,15.519],[105.479,15.541],[105.496,15.569],[105.581,15.623],[105.632,15.667]]]]}},{"type":"Feature","id":756,"properties":{"id":756,"en":"Si Nakhon","th":"ศรีนคร","prov":"สุโขทัย","code":"64"},"geometry":{"type":"MultiPolygon","coordinates":[[[[100.021,17.424],[100.031,17.445],[100.019,17.459],[100.003,17.458],[99.999,17.467],[99.981,17.473],[99.981,17.486],[99.973,17.495],[99.967,17.492],[99.932,17.52],[99.915,17.508],[99.908,17.495],[99.925,17.488],[99.941,17.492],[99.931,17.445],[99.939,17.435],[99.93,17.428],[99.93,17.418],[99.963,17.401],[99.965,17.385],[99.951,17.371],[99.96,17.353],[99.957,17.345],[99.912,17.335],[99.91,17.298],[99.927,17.3],[99.929,17.285],[99.924,17.281],[99.929,17.266],[99.942,17.268],[99.945,17.251],[99.963,17.252],[99.965,17.272],[99.976,17.277],[99.97,17.284],[99.996,17.289],[100.004,17.296],[99.995,17.306],[99.995,17.327],[100.019,17.334],[100.004,17.345],[100.001,17.355],[100.008,17.361],[100,17.369],[100.01,17.381],[99.99,17.407],[99.996,17.417],[100.017,17.418],[100.021,17.424]]]]}},{"type":"Feature","id":757,"properties":{"id":757,"en":"Si Narong","th":"","prov":"","code":"32"},"geometry":{"type":"MultiPolygon","coordinates":[[[[103.999,14.748],[104.004,14.77],[103.994,14.8],[103.919,14.829],[103.903,14.843],[103.907,14.861],[103.921,14.872],[103.917,14.883],[103.921,14.896],[103.907,14.899],[103.886,14.893],[103.877,14.9],[103.869,14.895],[103.854,14.871],[103.863,14.857],[103.848,14.845],[103.848,14.827],[103.824,14.816],[103.819,14.795],[103.81,14.8],[103.782,14.789],[103.759,14.769],[103.779,14.763],[103.785,14.754],[103.769,14.728],[103.81,14.717],[103.817,14.691],[103.858,14.687],[103.878,14.701],[103.886,14.729],[103.904,14.73],[103.911,14.749],[103.926,14.748],[103.949,14.737],[103.948,14.72],[103.981,14.707],[104.004,14.721],[103.999,14.748]]]]}},{"type":"Feature","id":758,"properties":{"id":758,"en":"Si Prachan","th":"","prov":"","code":"72"},"geometry":{"type":"MultiPolygon","coordinates":[[[[100.198,14.768],[100.188,14.76],[100.189,14.745],[100.181,14.736],[100.149,14.719],[100.148,14.709],[100.123,14.703],[100.137,14.689],[100.12,14.68],[100.1,14.686],[100.092,14.677],[100.083,14.68],[100.084,14.667],[100.071,14.66],[100.07,14.635],[100.067,14.628],[100.058,14.626],[100.061,14.611],[100.051,14.6],[100.052,14.589],[100.099,14.569],[100.103,14.561],[100.11,14.565],[100.105,14.551],[100.109,14.544],[100.125,14.538],[100.161,14.539],[100.173,14.531],[100.169,14.537],[100.192,14.549],[100.198,14.567],[100.21,14.573],[100.207,14.583],[100.218,14.598],[100.2,14.599],[100.191,14.617],[100.21,14.625],[100.208,14.635],[100.215,14.642],[100.24,14.645],[100.244,14.651],[100.222,14.665],[100.224,14.689],[100.204,14.721],[100.212,14.718],[100.219,14.732],[100.213,14.729],[100.212,14.739],[100.207,14.738],[100.205,14.771],[100.198,14.768]]]]}},{"type":"Feature","id":759,"properties":{"id":759,"en":"Si Racha","th":"ศรีราชา","prov":"ชลบุรี","code":"20"},"geometry":{"type":"MultiPolygon","coordinates":[[[[101.052,13.269],[101.039,13.269],[101.023,13.282],[101.006,13.27],[100.984,13.27],[100.968,13.246],[100.971,13.229],[100.954,13.246],[100.931,13.238],[100.936,13.203],[100.925,13.169],[100.901,13.144],[100.897,13.123],[100.878,13.109],[100.872,13.084],[100.873,13.076],[100.879,13.081],[100.886,13.076],[100.878,13.071],[100.882,13.064],[100.897,13.07],[100.885,13.06],[100.889,13.052],[100.905,13.057],[100.907,13.052],[100.89,13.047],[100.893,13.039],[100.915,13.045],[100.918,13.039],[100.913,13.066],[100.952,13.085],[100.954,13.047],[100.963,13.053],[100.98,13.052],[100.992,13.041],[101.005,13.041],[101.022,13.023],[101.026,13.029],[101.047,13.024],[101.075,13.001],[101.085,13.005],[101.095,13.034],[101.105,13.028],[101.12,13.033],[101.135,13.017],[101.154,13.031],[101.175,13.02],[101.174,13.028],[101.184,13.027],[101.195,13.044],[101.194,13.055],[101.172,13.059],[101.176,13.08],[101.195,13.089],[101.21,13.08],[101.21,13.075],[101.22,13.078],[101.22,13.092],[101.208,13.091],[101.18,13.12],[101.168,13.122],[101.166,13.129],[101.15,13.137],[101.143,13.163],[101.128,13.18],[101.092,13.183],[101.071,13.203],[101.075,13.218],[101.063,13.222],[101.062,13.253],[101.052,13.269]]]]}},{"type":"Feature","id":760,"properties":{"id":760,"en":"Si Rattana","th":"","prov":"","code":"33"},"geometry":{"type":"MultiPolygon","coordinates":[[[[104.606,14.817],[104.582,14.812],[104.578,14.806],[104.578,14.819],[104.549,14.825],[104.554,14.83],[104.538,14.851],[104.483,14.888],[104.446,14.861],[104.45,14.829],[104.428,14.824],[104.421,14.837],[104.386,14.827],[104.391,14.803],[104.385,14.795],[104.398,14.782],[104.403,14.766],[104.42,14.759],[104.413,14.737],[104.426,14.74],[104.439,14.73],[104.507,14.758],[104.533,14.754],[104.548,14.781],[104.601,14.789],[104.608,14.803],[104.606,14.817]]]]}},{"type":"Feature","id":761,"properties":{"id":761,"en":"Si Sakhon","th":"ศรีสาคร","prov":"นราธิวาส","code":"96"},"geometry":{"type":"MultiPolygon","coordinates":[[[[101.394,6.16],[101.412,6.157],[101.416,6.143],[101.427,6.142],[101.437,6.123],[101.437,6.097],[101.447,6.082],[101.466,6.08],[101.471,6.074],[101.499,6.074],[101.512,6.054],[101.535,6.075],[101.551,6.075],[101.563,6.079],[101.564,6.087],[101.602,6.094],[101.614,6.124],[101.618,6.165],[101.633,6.2],[101.612,6.22],[101.62,6.238],[101.609,6.253],[101.613,6.264],[101.606,6.278],[101.606,6.286],[101.593,6.293],[101.601,6.318],[101.568,6.314],[101.546,6.327],[101.532,6.314],[101.519,6.311],[101.508,6.323],[101.499,6.322],[101.492,6.315],[101.5,6.313],[101.506,6.299],[101.487,6.271],[101.489,6.253],[101.458,6.26],[101.44,6.231],[101.428,6.233],[101.42,6.243],[101.371,6.208],[101.394,6.16]]]]}},{"type":"Feature","id":762,"properties":{"id":762,"en":"Si Samrong","th":"ศรีสำโรง","prov":"สุโขทัย","code":"64"},"geometry":{"type":"MultiPolygon","coordinates":[[[[99.631,17.125],[99.652,17.128],[99.664,17.123],[99.69,17.14],[99.708,17.139],[99.711,17.147],[99.728,17.151],[99.74,17.134],[99.737,17.115],[99.748,17.099],[99.772,17.094],[99.778,17.082],[99.805,17.083],[99.83,17.06],[99.858,17.07],[99.883,17.099],[99.937,17.077],[99.956,17.081],[99.968,17.07],[99.983,17.083],[99.985,17.092],[99.983,17.101],[99.961,17.113],[99.951,17.178],[99.899,17.194],[99.892,17.205],[99.888,17.194],[99.88,17.192],[99.855,17.202],[99.818,17.202],[99.772,17.222],[99.744,17.213],[99.749,17.202],[99.737,17.199],[99.71,17.2],[99.674,17.212],[99.661,17.259],[99.627,17.275],[99.613,17.294],[99.59,17.282],[99.582,17.264],[99.555,17.272],[99.518,17.261],[99.496,17.239],[99.486,17.247],[99.467,17.246],[99.459,17.235],[99.482,17.202],[99.518,17.199],[99.529,17.187],[99.529,17.177],[99.54,17.169],[99.581,17.155],[99.597,17.125],[99.631,17.125]]]]}},{"type":"Feature","id":763,"properties":{"id":763,"en":"Si Satchanalai","th":"ศรีสัชนาลัย","prov":"สุโขทัย","code":"64"},"geometry":{"type":"MultiPolygon","coordinates":[[[[99.894,17.807],[99.884,17.81],[99.883,17.803],[99.869,17.805],[99.86,17.798],[99.849,17.802],[99.837,17.797],[99.832,17.803],[99.811,17.804],[99.797,17.792],[99.782,17.791],[99.765,17.761],[99.751,17.752],[99.757,17.749],[99.753,17.739],[99.736,17.723],[99.726,17.722],[99.71,17.738],[99.707,17.758],[99.691,17.759],[99.686,17.777],[99.671,17.799],[99.651,17.796],[99.63,17.814],[99.599,17.822],[99.544,17.811],[99.519,17.797],[99.515,17.783],[99.488,17.764],[99.482,17.745],[99.471,17.738],[99.479,17.729],[99.47,17.691],[99.476,17.677],[99.468,17.663],[99.451,17.655],[99.448,17.645],[99.454,17.598],[99.442,17.603],[99.441,17.61],[99.426,17.609],[99.419,17.6],[99.423,17.592],[99.413,17.574],[99.436,17.563],[99.431,17.549],[99.439,17.529],[99.421,17.519],[99.419,17.505],[99.419,17.489],[99.427,17.487],[99.483,17.515],[99.487,17.51],[99.501,17.515],[99.527,17.509],[99.531,17.501],[99.524,17.481],[99.544,17.468],[99.542,17.458],[99.549,17.451],[99.558,17.461],[99.574,17.457],[99.578,17.443],[99.607,17.409],[99.606,17.395],[99.639,17.356],[99.68,17.364],[99.719,17.383],[99.742,17.368],[99.758,17.38],[99.792,17.386],[99.828,17.383],[99.864,17.393],[99.887,17.39],[99.893,17.414],[99.879,17.417],[99.883,17.43],[99.873,17.428],[99.869,17.436],[99.876,17.445],[99.87,17.455],[99.881,17.452],[99.884,17.468],[99.919,17.484],[99.922,17.49],[99.908,17.495],[99.942,17.536],[99.941,17.55],[99.926,17.565],[99.924,17.586],[99.942,17.593],[99.977,17.622],[99.966,17.632],[99.977,17.657],[99.963,17.712],[99.92,17.748],[99.912,17.765],[99.925,17.775],[99.922,17.786],[99.899,17.797],[99.894,17.807]]]]}},{"type":"Feature","id":764,"properties":{"id":764,"en":"Si Sawat","th":"ศรีสวัสดิ์","prov":"กาญจนบุรี","code":"71"},"geometry":{"type":"MultiPolygon","coordinates":[[[[99,15.071],[98.993,15.034],[98.974,15.023],[98.978,15.017],[98.968,15.002],[98.972,14.976],[98.961,14.97],[98.967,14.965],[98.966,14.93],[98.974,14.925],[98.97,14.864],[98.978,14.86],[98.972,14.849],[98.975,14.838],[98.966,14.829],[98.971,14.825],[98.967,14.807],[98.96,14.802],[98.963,14.777],[98.951,14.761],[98.931,14.759],[98.912,14.77],[98.904,14.765],[98.909,14.748],[98.877,14.716],[98.878,14.704],[98.87,14.701],[98.881,14.681],[98.886,14.638],[98.907,14.622],[98.915,14.604],[98.936,14.598],[98.93,14.586],[98.935,14.572],[98.921,14.558],[98.93,14.552],[98.938,14.533],[98.919,14.526],[98.922,14.513],[98.932,14.488],[98.952,14.474],[98.96,14.458],[98.982,14.442],[99.008,14.435],[99.002,14.425],[99.006,14.414],[99.016,14.405],[99.025,14.405],[99.031,14.383],[99.058,14.357],[99.076,14.326],[99.082,14.291],[99.093,14.281],[99.099,14.257],[99.118,14.236],[99.132,14.228],[99.139,14.242],[99.14,14.264],[99.13,14.281],[99.146,14.287],[99.203,14.272],[99.193,14.284],[99.186,14.314],[99.222,14.33],[99.244,14.345],[99.26,14.337],[99.283,14.344],[99.307,14.329],[99.322,14.327],[99.324,14.316],[99.336,14.308],[99.346,14.29],[99.36,14.29],[99.357,14.304],[99.366,14.315],[99.352,14.34],[99.361,14.348],[99.34,14.37],[99.34,14.384],[99.327,14.387],[99.322,14.397],[99.321,14.45],[99.31,14.46],[99.305,14.484],[99.309,14.517],[99.304,14.537],[99.295,14.54],[99.28,14.565],[99.276,14.598],[99.281,14.603],[99.279,14.619],[99.342,14.649],[99.353,14.665],[99.352,14.675],[99.338,14.688],[99.338,14.703],[99.318,14.695],[99.287,14.702],[99.29,14.712],[99.283,14.737],[99.288,14.744],[99.279,14.748],[99.278,14.762],[99.27,14.766],[99.273,14.786],[99.239,14.822],[99.246,14.832],[99.261,14.837],[99.281,14.827],[99.295,14.832],[99.287,14.865],[99.301,14.872],[99.324,14.899],[99.325,14.942],[99.304,14.975],[99.283,14.989],[99.283,14.998],[99.256,14.988],[99.233,15.012],[99.204,15.014],[99.19,15.028],[99.178,15.017],[99.162,15.015],[99.135,15.037],[99.147,15.047],[99.143,15.052],[99.13,15.049],[99.119,15.055],[99.114,15.044],[99.078,15.039],[99.068,15.047],[99.028,15.05],[99.009,15.07],[99,15.071]]]]}},{"type":"Feature","id":765,"properties":{"id":765,"en":"Si Somdet","th":"","prov":"","code":"45"},"geometry":{"type":"MultiPolygon","coordinates":[[[[103.523,15.939],[103.534,15.951],[103.532,15.958],[103.574,15.99],[103.565,16.012],[103.574,16.024],[103.573,16.035],[103.557,16.066],[103.499,16.056],[103.496,16.115],[103.465,16.13],[103.458,16.122],[103.458,16.106],[103.454,16.084],[103.471,16.046],[103.46,16.024],[103.463,15.972],[103.488,15.931],[103.523,15.939]]]]}},{"type":"Feature","id":766,"properties":{"id":766,"en":"Si Songkhram","th":"ศรีสงคราม","prov":"นครพนม","code":"48"},"geometry":{"type":"MultiPolygon","coordinates":[[[[104.071,17.652],[104.097,17.612],[104.137,17.592],[104.156,17.592],[104.177,17.58],[104.197,17.581],[104.191,17.576],[104.193,17.568],[104.173,17.56],[104.17,17.565],[104.176,17.571],[104.164,17.577],[104.159,17.574],[104.166,17.564],[104.162,17.558],[104.152,17.564],[104.149,17.557],[104.139,17.565],[104.131,17.559],[104.138,17.551],[104.13,17.547],[104.135,17.543],[104.125,17.539],[104.131,17.533],[104.126,17.514],[104.131,17.509],[104.147,17.52],[104.173,17.503],[104.242,17.502],[104.253,17.508],[104.264,17.501],[104.265,17.519],[104.286,17.537],[104.301,17.529],[104.317,17.535],[104.328,17.518],[104.358,17.525],[104.367,17.547],[104.376,17.53],[104.391,17.53],[104.388,17.537],[104.395,17.547],[104.407,17.544],[104.418,17.553],[104.403,17.572],[104.405,17.59],[104.398,17.609],[104.387,17.614],[104.375,17.641],[104.377,17.65],[104.39,17.655],[104.389,17.663],[104.369,17.683],[104.344,17.685],[104.334,17.693],[104.346,17.709],[104.358,17.713],[104.366,17.702],[104.375,17.71],[104.375,17.723],[104.352,17.748],[104.34,17.752],[104.323,17.727],[104.306,17.747],[104.29,17.732],[104.279,17.733],[104.261,17.746],[104.245,17.725],[104.225,17.728],[104.215,17.753],[104.21,17.747],[104.199,17.748],[104.195,17.757],[104.186,17.754],[104.189,17.759],[104.181,17.767],[104.189,17.775],[104.186,17.781],[104.172,17.778],[104.17,17.786],[104.179,17.787],[104.161,17.794],[104.127,17.78],[104.112,17.757],[104.112,17.744],[104.088,17.732],[104.085,17.723],[104.073,17.728],[104.079,17.737],[104.067,17.74],[104.068,17.724],[104.059,17.726],[104.077,17.707],[104.069,17.7],[104.078,17.697],[104.066,17.691],[104.071,17.679],[104.084,17.684],[104.078,17.674],[104.083,17.671],[104.071,17.667],[104.071,17.652]]]]}},{"type":"Feature","id":767,"properties":{"id":767,"en":"Si That","th":"","prov":"","code":"41"},"geometry":{"type":"MultiPolygon","coordinates":[[[[103.245,17.112],[103.212,17.099],[103.19,17.123],[103.193,17.098],[103.179,17.106],[103.155,17.101],[103.134,17.089],[103.121,17.071],[103.069,17.054],[103.049,17.04],[103.052,17.023],[103.068,17.008],[103.066,16.99],[103.085,16.959],[103.1,16.957],[103.112,16.967],[103.112,16.961],[103.16,16.947],[103.176,16.956],[103.182,16.948],[103.198,16.948],[103.204,16.958],[103.221,16.968],[103.237,16.958],[103.24,16.961],[103.277,16.942],[103.289,16.924],[103.33,16.924],[103.328,16.967],[103.318,16.978],[103.316,16.989],[103.339,17.002],[103.354,17.026],[103.326,17.031],[103.331,17.047],[103.347,17.048],[103.345,17.067],[103.36,17.098],[103.36,17.13],[103.365,17.135],[103.376,17.131],[103.377,17.145],[103.368,17.156],[103.353,17.151],[103.351,17.157],[103.328,17.16],[103.315,17.147],[103.293,17.155],[103.275,17.15],[103.263,17.156],[103.281,17.131],[103.245,17.112]]]]}},{"type":"Feature","id":768,"properties":{"id":768,"en":"Si Thep","th":"ศรีเทพ","prov":"เพชรบูรณ์","code":"67"},"geometry":{"type":"MultiPolygon","coordinates":[[[[101.299,15.38],[101.305,15.392],[101.302,15.426],[101.307,15.434],[101.301,15.438],[101.298,15.456],[101.307,15.472],[101.301,15.506],[101.304,15.52],[101.297,15.529],[101.289,15.525],[101.288,15.53],[101.307,15.551],[101.311,15.575],[101.268,15.563],[101.2,15.557],[101.163,15.56],[101.142,15.57],[101.109,15.544],[101.108,15.552],[101.093,15.561],[101.092,15.553],[101.09,15.557],[101.078,15.551],[101.088,15.539],[101.09,15.527],[101.082,15.517],[101.096,15.512],[101.091,15.501],[101.083,15.501],[101.087,15.482],[101.045,15.485],[101.029,15.493],[100.999,15.51],[100.947,15.491],[100.934,15.494],[100.926,15.479],[100.932,15.466],[100.924,15.433],[100.931,15.427],[100.931,15.416],[100.947,15.407],[100.977,15.415],[100.973,15.405],[100.977,15.401],[100.977,15.359],[100.984,15.346],[100.977,15.336],[100.996,15.318],[101.025,15.338],[101.034,15.327],[101.055,15.32],[101.082,15.356],[101.089,15.339],[101.11,15.325],[101.123,15.326],[101.138,15.34],[101.168,15.327],[101.197,15.328],[101.205,15.319],[101.221,15.339],[101.275,15.361],[101.285,15.374],[101.299,15.38]]]]}},{"type":"Feature","id":769,"properties":{"id":769,"en":"Si Wilai","th":"","prov":"","code":"38"},"geometry":{"type":"MultiPolygon","coordinates":[[[[103.648,18.174],[103.651,18.158],[103.681,18.138],[103.682,18.128],[103.696,18.117],[103.71,18.113],[103.716,18.1],[103.734,18.093],[103.743,18.105],[103.769,18.095],[103.779,18.106],[103.789,18.1],[103.782,18.097],[103.787,18.091],[103.775,18.084],[103.797,18.077],[103.793,18.071],[103.802,18.069],[103.792,18.052],[103.796,18.045],[103.855,18.045],[103.883,18.111],[103.893,18.12],[103.884,18.13],[103.885,18.138],[103.839,18.188],[103.805,18.258],[103.785,18.262],[103.763,18.252],[103.734,18.276],[103.729,18.259],[103.709,18.26],[103.721,18.24],[103.72,18.213],[103.682,18.193],[103.679,18.169],[103.67,18.162],[103.66,18.172],[103.648,18.174]]]]}},{"type":"Feature","id":770,"properties":{"id":770,"en":"Sichon","th":"สิชล","prov":"นครศรีธรรมราช","code":"80"},"geometry":{"type":"MultiPolygon","coordinates":[[[[99.742,9.03],[99.722,8.977],[99.713,8.971],[99.694,8.974],[99.688,8.96],[99.696,8.951],[99.696,8.936],[99.65,8.921],[99.648,8.93],[99.642,8.928],[99.642,8.92],[99.679,8.897],[99.676,8.875],[99.685,8.874],[99.682,8.855],[99.689,8.845],[99.696,8.847],[99.713,8.838],[99.732,8.818],[99.749,8.819],[99.754,8.811],[99.788,8.821],[99.804,8.806],[99.822,8.809],[99.823,8.817],[99.837,8.821],[99.874,8.818],[99.903,8.833],[99.91,8.864],[99.921,8.87],[99.914,8.974],[99.917,8.998],[99.929,9.006],[99.914,9.023],[99.913,9.084],[99.907,9.092],[99.882,9.087],[99.875,9.098],[99.862,9.089],[99.843,9.121],[99.816,9.121],[99.809,9.1],[99.817,9.091],[99.807,9.087],[99.808,9.082],[99.8,9.094],[99.785,9.089],[99.779,9.097],[99.77,9.095],[99.764,9.072],[99.749,9.068],[99.741,9.058],[99.742,9.03]]]]}},{"type":"Feature","id":771,"properties":{"id":771,"en":"Sida","th":"","prov":"","code":"30"},"geometry":{"type":"MultiPolygon","coordinates":[[[[102.506,15.611],[102.504,15.597],[102.524,15.577],[102.522,15.551],[102.507,15.551],[102.507,15.545],[102.484,15.554],[102.46,15.553],[102.466,15.541],[102.461,15.534],[102.466,15.53],[102.463,15.519],[102.47,15.513],[102.473,15.488],[102.496,15.483],[102.515,15.471],[102.524,15.462],[102.522,15.478],[102.536,15.491],[102.534,15.504],[102.541,15.512],[102.536,15.534],[102.566,15.536],[102.576,15.53],[102.616,15.534],[102.624,15.574],[102.617,15.603],[102.617,15.644],[102.603,15.67],[102.578,15.623],[102.549,15.626],[102.54,15.618],[102.517,15.615],[102.514,15.623],[102.506,15.611]]]]}},{"type":"Feature","id":772,"properties":{"id":772,"en":"Sikao","th":"สิเกา","prov":"ตรัง","code":"92"},"geometry":{"type":"MultiPolygon","coordinates":[[[[99.305,7.496],[99.298,7.496],[99.302,7.491],[99.305,7.496]]],[[[99.519,7.541],[99.493,7.555],[99.492,7.563],[99.473,7.569],[99.47,7.583],[99.458,7.592],[99.447,7.591],[99.446,7.581],[99.44,7.582],[99.437,7.591],[99.416,7.602],[99.411,7.587],[99.405,7.61],[99.389,7.617],[99.381,7.616],[99.376,7.604],[99.364,7.603],[99.362,7.651],[99.368,7.674],[99.364,7.693],[99.354,7.697],[99.344,7.728],[99.349,7.744],[99.361,7.755],[99.36,7.787],[99.336,7.823],[99.314,7.817],[99.294,7.825],[99.287,7.818],[99.287,7.81],[99.303,7.808],[99.302,7.791],[99.288,7.771],[99.289,7.763],[99.306,7.755],[99.313,7.734],[99.31,7.705],[99.301,7.689],[99.287,7.688],[99.287,7.68],[99.275,7.679],[99.255,7.65],[99.254,7.63],[99.233,7.631],[99.261,7.617],[99.273,7.628],[99.28,7.625],[99.282,7.594],[99.298,7.566],[99.295,7.561],[99.314,7.537],[99.303,7.517],[99.296,7.522],[99.297,7.514],[99.289,7.52],[99.285,7.516],[99.296,7.497],[99.309,7.513],[99.327,7.495],[99.347,7.443],[99.345,7.414],[99.337,7.411],[99.346,7.411],[99.352,7.4],[99.352,7.411],[99.374,7.427],[99.371,7.434],[99.382,7.445],[99.389,7.474],[99.403,7.47],[99.411,7.484],[99.427,7.48],[99.431,7.5],[99.451,7.504],[99.446,7.523],[99.449,7.534],[99.48,7.522],[99.492,7.524],[99.509,7.542],[99.519,7.541]]]]}},{"type":"Feature","id":773,"properties":{"id":773,"en":"Sikhio","th":"สีคิ้ว","prov":"นครราชสีมา","code":"30"},"geometry":{"type":"MultiPolygon","coordinates":[[[[101.4,15.102],[101.403,15.062],[101.425,15.013],[101.421,14.996],[101.43,14.983],[101.431,14.95],[101.445,14.924],[101.449,14.902],[101.456,14.901],[101.464,14.879],[101.475,14.872],[101.492,14.842],[101.516,14.832],[101.553,14.85],[101.562,14.839],[101.546,14.789],[101.547,14.777],[101.57,14.768],[101.578,14.757],[101.602,14.752],[101.611,14.741],[101.617,14.714],[101.642,14.717],[101.655,14.702],[101.679,14.693],[101.688,14.713],[101.68,14.718],[101.675,14.737],[101.69,14.755],[101.705,14.757],[101.712,14.769],[101.716,14.794],[101.71,14.812],[101.696,14.822],[101.693,14.843],[101.726,14.868],[101.757,14.872],[101.77,14.886],[101.786,14.884],[101.78,14.911],[101.784,14.922],[101.759,14.966],[101.764,15.005],[101.787,15.051],[101.775,15.067],[101.758,15.077],[101.739,15.065],[101.714,15.075],[101.7,15.061],[101.685,15.071],[101.66,15.069],[101.637,15.076],[101.632,15.098],[101.567,15.093],[101.551,15.105],[101.511,15.098],[101.5,15.111],[101.474,15.116],[101.45,15.106],[101.434,15.106],[101.418,15.096],[101.4,15.102]]]]}},{"type":"Feature","id":774,"properties":{"id":774,"en":"Sikhoraphum","th":"","prov":"","code":"32"},"geometry":{"type":"MultiPolygon","coordinates":[[[[103.672,15.046],[103.671,15.042],[103.693,15.037],[103.682,14.976],[103.669,14.971],[103.661,14.948],[103.69,14.911],[103.692,14.896],[103.687,14.887],[103.693,14.875],[103.683,14.825],[103.676,14.822],[103.667,14.804],[103.693,14.791],[103.706,14.776],[103.737,14.786],[103.759,14.769],[103.782,14.789],[103.81,14.8],[103.819,14.795],[103.822,14.813],[103.846,14.824],[103.848,14.845],[103.863,14.857],[103.854,14.868],[103.857,14.882],[103.877,14.9],[103.886,14.893],[103.907,14.899],[103.923,14.893],[103.928,14.903],[103.901,14.93],[103.91,14.963],[103.894,14.975],[103.897,15.003],[103.888,15.03],[103.875,15.066],[103.863,15.074],[103.849,15.108],[103.833,15.102],[103.815,15.105],[103.805,15.098],[103.733,15.133],[103.719,15.127],[103.738,15.098],[103.728,15.084],[103.702,15.075],[103.672,15.046]]]]}},{"type":"Feature","id":775,"properties":{"id":775,"en":"Sila Lat","th":"","prov":"","code":"33"},"geometry":{"type":"MultiPolygon","coordinates":[[[[104.122,15.563],[104.1,15.568],[104.106,15.547],[104.086,15.551],[104.074,15.54],[104.078,15.533],[104.074,15.522],[104.066,15.524],[104.056,15.515],[104.056,15.509],[104.06,15.502],[104.032,15.489],[104.02,15.471],[104.042,15.428],[104.063,15.412],[104.079,15.429],[104.098,15.431],[104.108,15.459],[104.115,15.451],[104.16,15.455],[104.171,15.472],[104.133,15.512],[104.135,15.525],[104.141,15.529],[104.13,15.559],[104.122,15.563]]]]}},{"type":"Feature","id":776,"properties":{"id":776,"en":"Singhanakhon","th":"สิงหนคร","prov":"สงขลา","code":"90"},"geometry":{"type":"MultiPolygon","coordinates":[[[[100.462,7.187],[100.547,7.189],[100.573,7.169],[100.585,7.194],[100.575,7.223],[100.569,7.227],[100.575,7.23],[100.567,7.227],[100.561,7.237],[100.575,7.234],[100.559,7.249],[100.523,7.291],[100.481,7.376],[100.406,7.362],[100.415,7.329],[100.429,7.309],[100.427,7.283],[100.411,7.274],[100.409,7.265],[100.439,7.25],[100.462,7.187]]]]}},{"type":"Feature","id":777,"properties":{"id":777,"en":"Sirindhorn","th":"สิรินธร","prov":"อุบลราชธานี","code":"34"},"geometry":{"type":"MultiPolygon","coordinates":[[[[105.553,14.95],[105.557,14.955],[105.568,14.955],[105.583,14.941],[105.597,14.963],[105.625,14.975],[105.604,14.994],[105.575,14.999],[105.572,15.021],[105.547,15.038],[105.555,15.064],[105.542,15.07],[105.537,15.064],[105.514,15.064],[105.516,15.085],[105.484,15.097],[105.486,15.113],[105.468,15.132],[105.486,15.15],[105.469,15.158],[105.478,15.168],[105.474,15.178],[105.489,15.193],[105.494,15.191],[105.494,15.204],[105.516,15.219],[105.54,15.252],[105.551,15.253],[105.557,15.247],[105.556,15.258],[105.544,15.264],[105.548,15.28],[105.531,15.294],[105.523,15.276],[105.501,15.282],[105.495,15.289],[105.495,15.31],[105.485,15.301],[105.468,15.303],[105.469,15.283],[105.46,15.271],[105.446,15.264],[105.434,15.277],[105.402,15.305],[105.332,15.286],[105.33,15.276],[105.308,15.27],[105.289,15.251],[105.284,15.241],[105.303,15.225],[105.295,15.217],[105.297,15.208],[105.29,15.205],[105.294,15.198],[105.276,15.185],[105.282,15.178],[105.293,15.182],[105.318,15.175],[105.326,15.166],[105.347,15.168],[105.343,15.163],[105.351,15.152],[105.351,15.135],[105.341,15.11],[105.385,15.099],[105.386,15.066],[105.369,15.026],[105.364,14.996],[105.378,14.978],[105.382,14.958],[105.392,14.956],[105.375,14.948],[105.375,14.929],[105.385,14.931],[105.393,14.922],[105.404,14.924],[105.429,14.912],[105.431,14.919],[105.464,14.92],[105.494,14.943],[105.511,14.952],[105.515,14.947],[105.525,14.957],[105.553,14.95]]]]}},{"type":"Feature","id":778,"properties":{"id":778,"en":"So Phisai","th":"บึงกาฬ","prov":"บึงกาฬ","code":"38"},"geometry":{"type":"MultiPolygon","coordinates":[[[[103.542,18.088],[103.559,18.089],[103.55,18.097],[103.555,18.099],[103.554,18.111],[103.545,18.101],[103.543,18.108],[103.549,18.112],[103.532,18.119],[103.539,18.133],[103.532,18.139],[103.538,18.147],[103.534,18.152],[103.547,18.162],[103.554,18.159],[103.558,18.172],[103.57,18.182],[103.566,18.186],[103.577,18.186],[103.585,18.199],[103.567,18.203],[103.545,18.222],[103.553,18.225],[103.55,18.232],[103.541,18.228],[103.537,18.237],[103.545,18.236],[103.541,18.242],[103.547,18.24],[103.542,18.243],[103.545,18.255],[103.536,18.268],[103.54,18.28],[103.532,18.277],[103.534,18.286],[103.53,18.281],[103.524,18.288],[103.531,18.295],[103.521,18.301],[103.533,18.305],[103.526,18.315],[103.518,18.319],[103.517,18.313],[103.512,18.319],[103.507,18.312],[103.453,18.323],[103.446,18.316],[103.431,18.32],[103.419,18.288],[103.39,18.275],[103.4,18.255],[103.409,18.256],[103.41,18.247],[103.424,18.245],[103.435,18.229],[103.439,18.199],[103.416,18.184],[103.421,18.169],[103.41,18.168],[103.411,18.157],[103.389,18.18],[103.381,18.167],[103.336,18.152],[103.337,18.137],[103.323,18.134],[103.317,18.123],[103.307,18.126],[103.294,18.119],[103.295,18.104],[103.304,18.108],[103.314,18.103],[103.3,18.085],[103.312,18.058],[103.35,18.047],[103.357,18.035],[103.353,18.027],[103.375,18.034],[103.391,18.025],[103.396,18.01],[103.407,18.003],[103.399,17.992],[103.43,17.983],[103.426,17.976],[103.439,17.975],[103.439,17.969],[103.446,17.967],[103.452,17.978],[103.438,17.981],[103.449,17.994],[103.464,17.989],[103.475,18.006],[103.491,17.988],[103.498,17.99],[103.498,17.998],[103.503,17.996],[103.491,18.038],[103.498,18.042],[103.493,18.06],[103.497,18.065],[103.504,18.058],[103.505,18.068],[103.514,18.074],[103.527,18.066],[103.537,18.068],[103.537,18.085],[103.542,18.088]]]]}},{"type":"Feature","id":779,"properties":{"id":779,"en":"Soem Ngam","th":"เสริมงาม","prov":"ลำปาง","code":"52"},"geometry":{"type":"MultiPolygon","coordinates":[[[[99.119,18.298],[99.112,18.295],[99.116,18.274],[99.112,18.267],[99.084,18.28],[99.081,18.269],[99.063,18.272],[99.05,18.265],[99.029,18.265],[99.018,18.252],[99.029,18.216],[99.057,18.175],[99.051,18.163],[99.065,18.139],[99.073,18.083],[99.071,18.061],[99.101,18.001],[99.095,17.996],[99.101,17.984],[99.095,17.955],[99.101,17.948],[99.116,17.946],[99.108,17.913],[99.147,17.911],[99.144,17.901],[99.163,17.886],[99.162,17.877],[99.179,17.862],[99.19,17.877],[99.196,17.883],[99.209,17.882],[99.206,17.903],[99.214,17.913],[99.213,17.932],[99.199,17.957],[99.208,17.965],[99.247,17.975],[99.257,17.989],[99.274,17.983],[99.287,18.003],[99.279,18.018],[99.29,18.029],[99.293,18.046],[99.277,18.048],[99.276,18.054],[99.303,18.089],[99.293,18.094],[99.294,18.106],[99.275,18.145],[99.262,18.142],[99.253,18.158],[99.218,18.176],[99.217,18.19],[99.181,18.206],[99.177,18.217],[99.166,18.221],[99.156,18.24],[99.159,18.25],[99.145,18.26],[99.142,18.275],[99.119,18.298]]]]}},{"type":"Feature","id":780,"properties":{"id":780,"en":"Soeng Sang","th":"เสิงสาง","prov":"นครราชสีมา","code":"30"},"geometry":{"type":"MultiPolygon","coordinates":[[[[102.359,14.166],[102.389,14.145],[102.401,14.146],[102.409,14.157],[102.435,14.155],[102.453,14.194],[102.469,14.192],[102.477,14.2],[102.499,14.186],[102.512,14.201],[102.538,14.202],[102.549,14.217],[102.578,14.227],[102.626,14.266],[102.686,14.299],[102.643,14.327],[102.621,14.32],[102.603,14.323],[102.587,14.335],[102.583,14.358],[102.569,14.362],[102.562,14.386],[102.569,14.427],[102.583,14.446],[102.599,14.448],[102.611,14.494],[102.568,14.501],[102.493,14.505],[102.481,14.512],[102.491,14.532],[102.496,14.565],[102.467,14.586],[102.471,14.615],[102.431,14.592],[102.415,14.562],[102.413,14.524],[102.393,14.501],[102.38,14.468],[102.379,14.399],[102.373,14.375],[102.366,14.374],[102.365,14.354],[102.38,14.34],[102.367,14.315],[102.379,14.3],[102.364,14.292],[102.355,14.273],[102.376,14.239],[102.362,14.223],[102.367,14.201],[102.359,14.166]]]]}},{"type":"Feature","id":781,"properties":{"id":781,"en":"Soi Dao","th":"สอยดาว","prov":"จันทบุรี","code":"22"},"geometry":{"type":"MultiPolygon","coordinates":[[[[102.048,13.16],[102.05,13.169],[102.074,13.187],[102.128,13.198],[102.138,13.185],[102.133,13.179],[102.139,13.173],[102.137,13.159],[102.111,13.152],[102.115,13.136],[102.123,13.129],[102.149,13.133],[102.154,13.129],[102.141,13.107],[102.154,13.083],[102.155,13.061],[102.209,13.045],[102.216,13.055],[102.236,13.039],[102.331,13.046],[102.351,13.054],[102.363,13.077],[102.356,13.089],[102.357,13.11],[102.332,13.125],[102.349,13.132],[102.362,13.156],[102.38,13.152],[102.4,13.159],[102.391,13.208],[102.371,13.25],[102.366,13.251],[102.366,13.263],[102.35,13.273],[102.354,13.299],[102.333,13.317],[102.321,13.303],[102.323,13.295],[102.311,13.287],[102.297,13.29],[102.298,13.296],[102.287,13.304],[102.277,13.29],[102.247,13.285],[102.216,13.311],[102.19,13.292],[102.181,13.314],[102.166,13.324],[102.15,13.319],[102.13,13.336],[102.118,13.304],[102.118,13.278],[102.109,13.265],[102.061,13.252],[102.057,13.241],[102.028,13.237],[102.03,13.22],[102.036,13.219],[102.031,13.199],[102.039,13.194],[102.039,13.183],[102.03,13.173],[102.036,13.164],[102.048,13.16]]]]}},{"type":"Feature","id":782,"properties":{"id":782,"en":"Somdet","th":"สมเด็จ","prov":"กาฬสินธุ์","code":"46"},"geometry":{"type":"MultiPolygon","coordinates":[[[[103.907,16.803],[103.875,16.819],[103.869,16.832],[103.843,16.84],[103.835,16.849],[103.835,16.865],[103.824,16.866],[103.822,16.874],[103.808,16.878],[103.806,16.885],[103.789,16.888],[103.792,16.896],[103.781,16.909],[103.776,16.942],[103.784,16.958],[103.769,16.967],[103.753,16.948],[103.75,16.925],[103.739,16.923],[103.732,16.914],[103.727,16.88],[103.713,16.872],[103.715,16.861],[103.704,16.853],[103.686,16.854],[103.676,16.822],[103.683,16.804],[103.677,16.797],[103.675,16.778],[103.656,16.764],[103.637,16.767],[103.639,16.751],[103.665,16.742],[103.696,16.718],[103.668,16.699],[103.652,16.656],[103.665,16.608],[103.687,16.598],[103.719,16.653],[103.719,16.678],[103.747,16.673],[103.77,16.677],[103.773,16.666],[103.802,16.645],[103.805,16.651],[103.793,16.666],[103.802,16.682],[103.799,16.709],[103.823,16.725],[103.83,16.741],[103.84,16.742],[103.846,16.755],[103.861,16.757],[103.871,16.774],[103.897,16.789],[103.907,16.803]]]]}},{"type":"Feature","id":783,"properties":{"id":783,"en":"Song","th":"สอง","prov":"แพร่","code":"54"},"geometry":{"type":"MultiPolygon","coordinates":[[[[100.34,18.806],[100.338,18.813],[100.313,18.81],[100.302,18.819],[100.241,18.82],[100.226,18.825],[100.199,18.815],[100.187,18.819],[100.174,18.813],[100.156,18.835],[100.133,18.817],[100.117,18.82],[100.115,18.8],[100.126,18.787],[100.115,18.776],[100.116,18.766],[100.1,18.752],[100.096,18.73],[100.108,18.703],[100.104,18.688],[100.111,18.672],[100.1,18.629],[100.121,18.601],[100.109,18.59],[100.109,18.56],[100.09,18.573],[100.079,18.563],[100.056,18.557],[100.05,18.497],[100.032,18.471],[100.023,18.469],[100.029,18.465],[100.022,18.448],[100.004,18.445],[100.014,18.437],[99.999,18.403],[100.025,18.385],[100.039,18.388],[100.036,18.365],[100.051,18.359],[100.064,18.363],[100.058,18.35],[100.075,18.349],[100.095,18.358],[100.113,18.338],[100.127,18.349],[100.156,18.345],[100.161,18.318],[100.168,18.309],[100.161,18.297],[100.182,18.29],[100.183,18.302],[100.205,18.318],[100.202,18.322],[100.216,18.346],[100.208,18.374],[100.232,18.399],[100.234,18.41],[100.255,18.43],[100.258,18.441],[100.268,18.445],[100.269,18.453],[100.297,18.452],[100.32,18.467],[100.341,18.453],[100.339,18.443],[100.375,18.435],[100.394,18.419],[100.392,18.439],[100.408,18.439],[100.423,18.459],[100.408,18.47],[100.396,18.504],[100.387,18.512],[100.396,18.528],[100.387,18.543],[100.388,18.558],[100.371,18.567],[100.379,18.587],[100.378,18.613],[100.382,18.623],[100.392,18.628],[100.393,18.638],[100.375,18.637],[100.361,18.644],[100.352,18.681],[100.363,18.707],[100.388,18.727],[100.391,18.739],[100.374,18.741],[100.358,18.751],[100.362,18.778],[100.356,18.785],[100.337,18.787],[100.34,18.806]]]]}},{"type":"Feature","id":784,"properties":{"id":784,"en":"Song Dao","th":"ส่องดาว","prov":"สกลนคร","code":"47"},"geometry":{"type":"MultiPolygon","coordinates":[[[[103.44,17.213],[103.447,17.217],[103.452,17.213],[103.469,17.223],[103.469,17.251],[103.481,17.249],[103.499,17.283],[103.519,17.299],[103.521,17.323],[103.537,17.321],[103.549,17.333],[103.549,17.352],[103.555,17.352],[103.556,17.365],[103.569,17.368],[103.57,17.383],[103.557,17.395],[103.492,17.391],[103.487,17.404],[103.468,17.417],[103.419,17.39],[103.406,17.393],[103.41,17.359],[103.397,17.352],[103.4,17.339],[103.391,17.342],[103.387,17.338],[103.383,17.347],[103.375,17.344],[103.37,17.316],[103.324,17.317],[103.335,17.299],[103.313,17.305],[103.31,17.283],[103.3,17.27],[103.325,17.264],[103.329,17.257],[103.352,17.255],[103.352,17.244],[103.361,17.236],[103.376,17.237],[103.383,17.228],[103.395,17.228],[103.417,17.212],[103.428,17.221],[103.44,17.213]]]]}},{"type":"Feature","id":785,"properties":{"id":785,"en":"Song Khwae","th":"สองแคว","prov":"น่าน","code":"55"},"geometry":{"type":"MultiPolygon","coordinates":[[[[100.488,19.4],[100.485,19.383],[100.494,19.38],[100.496,19.371],[100.521,19.381],[100.534,19.367],[100.53,19.353],[100.563,19.339],[100.558,19.321],[100.57,19.305],[100.586,19.314],[100.591,19.327],[100.609,19.334],[100.616,19.32],[100.612,19.313],[100.619,19.306],[100.664,19.292],[100.706,19.289],[100.738,19.268],[100.767,19.278],[100.778,19.274],[100.776,19.292],[100.791,19.306],[100.799,19.323],[100.779,19.343],[100.792,19.35],[100.784,19.363],[100.782,19.391],[100.774,19.396],[100.772,19.405],[100.754,19.411],[100.756,19.431],[100.743,19.459],[100.748,19.475],[100.768,19.489],[100.765,19.5],[100.756,19.505],[100.758,19.512],[100.673,19.55],[100.661,19.548],[100.652,19.557],[100.608,19.548],[100.611,19.535],[100.603,19.531],[100.599,19.51],[100.603,19.479],[100.583,19.475],[100.571,19.464],[100.564,19.436],[100.526,19.409],[100.488,19.4]]]]}},{"type":"Feature","id":786,"properties":{"id":786,"en":"Song Phi Nong","th":"สองพี่น้อง","prov":"สุพรรณบุรี","code":"72"},"geometry":{"type":"MultiPolygon","coordinates":[[[[100.213,14.179],[100.225,14.194],[100.239,14.197],[100.231,14.213],[100.234,14.242],[100.224,14.237],[100.211,14.243],[100.212,14.251],[100.196,14.248],[100.196,14.255],[100.134,14.289],[100.122,14.282],[100.09,14.285],[100.084,14.28],[100.08,14.29],[100.065,14.28],[100.062,14.297],[100.035,14.3],[100.007,14.293],[99.992,14.311],[99.995,14.333],[99.975,14.341],[99.969,14.312],[99.965,14.311],[99.965,14.286],[99.994,14.264],[99.982,14.234],[99.962,14.234],[99.944,14.228],[99.932,14.234],[99.909,14.227],[99.895,14.231],[99.839,14.218],[99.824,14.217],[99.813,14.229],[99.8,14.224],[99.794,14.213],[99.803,14.19],[99.782,14.142],[99.786,14.125],[99.768,14.116],[99.772,14.094],[99.791,14.101],[99.797,14.086],[99.81,14.08],[99.808,14.069],[99.814,14.064],[99.818,14.072],[99.835,14.079],[99.868,14.074],[99.885,14.091],[99.892,14.09],[99.927,14.128],[99.933,14.124],[99.945,14.135],[99.965,14.131],[99.971,14.134],[99.966,14.139],[99.974,14.143],[100.004,14.141],[100.039,14.154],[100.052,14.146],[100.131,14.146],[100.132,14.139],[100.14,14.145],[100.161,14.147],[100.174,14.16],[100.213,14.179]]]]}},{"type":"Feature","id":787,"properties":{"id":787,"en":"Sop Moei","th":"สบเมย","prov":"แม่ฮ่องสอน","code":"58"},"geometry":{"type":"MultiPolygon","coordinates":[[[[98.162,18.147],[98.111,18.157],[98.1,18.171],[98.09,18.165],[98.09,18.153],[98.123,18.119],[98.124,18.092],[98.107,18.079],[98.092,18.076],[98.09,18.06],[98.095,18.054],[98.087,18.049],[98.088,18.036],[98.075,18.03],[98.081,18.018],[98.071,18.001],[98.058,17.994],[98.044,18.008],[98.013,18.022],[98.008,18.04],[97.998,18.043],[97.973,18.069],[97.977,18.087],[97.971,18.097],[97.962,18.099],[97.937,18.087],[97.923,18.07],[97.926,18.036],[97.907,18.025],[97.919,18.017],[97.919,18.01],[97.862,18.017],[97.826,18.002],[97.818,18.016],[97.796,18.02],[97.784,18.012],[97.769,18.02],[97.73,18.024],[97.727,18.015],[97.721,18.015],[97.736,17.988],[97.736,17.959],[97.708,17.946],[97.687,17.925],[97.672,17.88],[97.699,17.82],[97.703,17.816],[97.719,17.819],[97.723,17.8],[97.762,17.777],[97.785,17.785],[97.795,17.777],[97.816,17.787],[97.85,17.78],[97.902,17.81],[97.906,17.82],[97.899,17.832],[97.913,17.855],[97.969,17.868],[97.97,17.848],[97.982,17.839],[97.975,17.823],[97.98,17.823],[97.98,17.814],[97.991,17.81],[97.985,17.807],[97.996,17.788],[97.99,17.786],[97.996,17.786],[97.997,17.776],[98.011,17.768],[98.013,17.748],[98.022,17.738],[98.014,17.74],[98.015,17.733],[98.028,17.721],[98.023,17.71],[98.031,17.711],[98.04,17.676],[98.046,17.665],[98.057,17.663],[98.061,17.649],[98.095,17.637],[98.144,17.681],[98.153,17.73],[98.149,17.746],[98.14,17.749],[98.135,17.76],[98.147,17.777],[98.132,17.797],[98.115,17.798],[98.109,17.793],[98.088,17.808],[98.073,17.829],[98.07,17.853],[98.06,17.858],[98.054,17.87],[98.032,17.876],[98.027,17.889],[98.01,17.896],[98.008,17.922],[98.012,17.927],[98.017,17.92],[98.023,17.936],[98.035,17.943],[98.09,17.963],[98.122,17.946],[98.133,17.946],[98.144,17.935],[98.162,17.97],[98.18,17.972],[98.184,17.981],[98.246,17.99],[98.244,18.02],[98.254,18.027],[98.264,18.05],[98.273,18.048],[98.289,18.075],[98.287,18.085],[98.257,18.088],[98.247,18.076],[98.241,18.079],[98.243,18.088],[98.229,18.089],[98.233,18.092],[98.23,18.099],[98.22,18.089],[98.202,18.091],[98.203,18.1],[98.191,18.114],[98.165,18.119],[98.163,18.134],[98.168,18.141],[98.162,18.147]]]]}},{"type":"Feature","id":788,"properties":{"id":788,"en":"Sop Prap","th":"สบปราบ","prov":"ลำปาง","code":"52"},"geometry":{"type":"MultiPolygon","coordinates":[[[[99.274,17.983],[99.257,17.989],[99.247,17.975],[99.208,17.965],[99.199,17.957],[99.213,17.932],[99.214,17.913],[99.209,17.911],[99.206,17.895],[99.211,17.886],[99.217,17.89],[99.224,17.881],[99.23,17.848],[99.271,17.819],[99.284,17.797],[99.311,17.785],[99.31,17.778],[99.324,17.765],[99.342,17.773],[99.36,17.769],[99.368,17.773],[99.385,17.79],[99.393,17.815],[99.411,17.825],[99.429,17.858],[99.475,17.894],[99.484,17.916],[99.457,17.938],[99.418,17.951],[99.419,17.969],[99.403,17.973],[99.405,17.981],[99.422,17.987],[99.424,18.007],[99.359,18.013],[99.356,17.994],[99.339,17.988],[99.303,17.979],[99.274,17.983]]]]}},{"type":"Feature","id":789,"properties":{"id":789,"en":"Srinagarindra","th":"ศรีนครินทร์","prov":"พัทลุง","code":"93"},"geometry":{"type":"MultiPolygon","coordinates":[[[[99.977,7.643],[99.969,7.649],[99.947,7.645],[99.94,7.632],[99.92,7.632],[99.911,7.625],[99.905,7.608],[99.893,7.607],[99.872,7.626],[99.844,7.599],[99.835,7.604],[99.801,7.598],[99.799,7.584],[99.836,7.549],[99.829,7.533],[99.829,7.526],[99.819,7.522],[99.82,7.513],[99.843,7.499],[99.852,7.484],[99.85,7.473],[99.867,7.484],[99.881,7.476],[99.906,7.492],[99.911,7.489],[99.913,7.498],[99.926,7.499],[99.939,7.514],[99.953,7.509],[99.965,7.522],[99.964,7.511],[99.985,7.516],[99.992,7.572],[99.972,7.574],[99.97,7.58],[99.988,7.588],[99.987,7.638],[99.977,7.643]]]]}},{"type":"Feature","id":790,"properties":{"id":790,"en":"Su-Ngai Kolok","th":"สุไหงโก-ลก","prov":"นราธิวาส","code":"96"},"geometry":{"type":"MultiPolygon","coordinates":[[[[102.064,6.105],[102.046,6.13],[102.051,6.144],[102.023,6.151],[101.936,6.079],[101.943,6.064],[101.939,6.053],[101.919,6.035],[101.915,6.018],[101.926,6.015],[101.951,5.987],[101.954,5.995],[101.965,5.998],[101.973,6.006],[101.971,6.019],[101.978,6.031],[101.999,6.04],[102.004,6.05],[102.02,6.052],[102.032,6.071],[102.054,6.08],[102.064,6.105]]]]}},{"type":"Feature","id":791,"properties":{"id":791,"en":"Su-Ngai Padi","th":"สุไหงปาดี","prov":"นราธิวาส","code":"96"},"geometry":{"type":"MultiPolygon","coordinates":[[[[101.799,6.088],[101.798,6.072],[101.811,6.052],[101.794,6.035],[101.802,6.025],[101.799,5.988],[101.805,5.98],[101.817,5.98],[101.824,5.993],[101.831,5.987],[101.846,5.99],[101.862,5.984],[101.872,5.994],[101.898,5.985],[101.912,5.997],[101.925,6.016],[101.915,6.018],[101.919,6.035],[101.939,6.053],[101.943,6.064],[101.936,6.079],[102.023,6.151],[101.918,6.231],[101.929,6.237],[101.931,6.26],[101.912,6.278],[101.918,6.259],[101.904,6.256],[101.901,6.213],[101.887,6.196],[101.875,6.199],[101.869,6.19],[101.857,6.191],[101.864,6.171],[101.861,6.161],[101.85,6.148],[101.807,6.127],[101.808,6.098],[101.799,6.088]]]]}},{"type":"Feature","id":793,"properties":{"id":793,"en":"Suan Phueng","th":"สวนผึ้ง","prov":"ราชบุรี","code":"70"},"geometry":{"type":"MultiPolygon","coordinates":[[[[99.475,13.515],[99.492,13.534],[99.493,13.546],[99.487,13.578],[99.473,13.588],[99.467,13.61],[99.432,13.601],[99.42,13.617],[99.405,13.621],[99.414,13.627],[99.408,13.652],[99.371,13.649],[99.369,13.66],[99.362,13.658],[99.355,13.668],[99.347,13.668],[99.335,13.705],[99.316,13.735],[99.321,13.756],[99.308,13.777],[99.278,13.76],[99.266,13.743],[99.24,13.751],[99.221,13.748],[99.204,13.735],[99.185,13.733],[99.173,13.741],[99.167,13.736],[99.171,13.689],[99.164,13.682],[99.171,13.671],[99.166,13.654],[99.172,13.63],[99.165,13.613],[99.178,13.585],[99.163,13.574],[99.191,13.545],[99.188,13.499],[99.204,13.48],[99.207,13.458],[99.197,13.45],[99.204,13.435],[99.2,13.427],[99.21,13.412],[99.204,13.402],[99.207,13.339],[99.199,13.329],[99.203,13.316],[99.223,13.301],[99.23,13.303],[99.235,13.319],[99.244,13.306],[99.267,13.303],[99.279,13.317],[99.296,13.318],[99.303,13.342],[99.318,13.356],[99.319,13.368],[99.328,13.37],[99.33,13.389],[99.349,13.399],[99.355,13.409],[99.333,13.443],[99.345,13.465],[99.335,13.477],[99.358,13.489],[99.346,13.494],[99.347,13.513],[99.358,13.51],[99.384,13.482],[99.393,13.493],[99.395,13.485],[99.408,13.485],[99.432,13.505],[99.455,13.501],[99.475,13.515]]]]}},{"type":"Feature","id":794,"properties":{"id":794,"en":"Suk Samran","th":"สุขสำราญ","prov":"ระนอง","code":"85"},"geometry":{"type":"MultiPolygon","coordinates":[[[[98.382,9.478],[98.385,9.484],[98.372,9.494],[98.371,9.478],[98.382,9.478]]],[[[98.331,9.468],[98.352,9.489],[98.355,9.506],[98.35,9.504],[98.337,9.491],[98.331,9.468]]],[[[98.355,9.51],[98.361,9.513],[98.356,9.518],[98.355,9.51]]],[[[98.656,9.348],[98.669,9.361],[98.675,9.388],[98.648,9.388],[98.654,9.402],[98.647,9.426],[98.662,9.42],[98.671,9.425],[98.681,9.437],[98.673,9.447],[98.635,9.454],[98.595,9.477],[98.567,9.486],[98.503,9.484],[98.502,9.492],[98.493,9.497],[98.5,9.513],[98.491,9.548],[98.485,9.548],[98.481,9.557],[98.479,9.547],[98.469,9.543],[98.46,9.557],[98.468,9.559],[98.466,9.567],[98.456,9.563],[98.449,9.539],[98.434,9.495],[98.429,9.439],[98.417,9.407],[98.407,9.398],[98.402,9.404],[98.397,9.401],[98.39,9.332],[98.401,9.33],[98.402,9.347],[98.407,9.348],[98.417,9.335],[98.437,9.327],[98.44,9.333],[98.448,9.33],[98.456,9.316],[98.466,9.314],[98.471,9.322],[98.482,9.311],[98.48,9.304],[98.506,9.309],[98.512,9.327],[98.548,9.361],[98.566,9.359],[98.587,9.368],[98.591,9.356],[98.61,9.342],[98.636,9.357],[98.656,9.348]]]]}},{"type":"Feature","id":795,"properties":{"id":795,"en":"Sukhirin","th":"สุคิริน","prov":"นราธิวาส","code":"96"},"geometry":{"type":"MultiPolygon","coordinates":[[[[101.618,5.896],[101.623,5.877],[101.642,5.87],[101.654,5.878],[101.662,5.868],[101.656,5.857],[101.661,5.848],[101.658,5.813],[101.663,5.815],[101.667,5.809],[101.664,5.801],[101.672,5.787],[101.687,5.781],[101.69,5.756],[101.702,5.753],[101.715,5.764],[101.718,5.788],[101.722,5.78],[101.726,5.785],[101.738,5.782],[101.744,5.794],[101.753,5.797],[101.774,5.787],[101.777,5.766],[101.792,5.751],[101.824,5.732],[101.827,5.747],[101.819,5.756],[101.826,5.766],[101.801,5.793],[101.804,5.802],[101.818,5.803],[101.819,5.817],[101.795,5.87],[101.802,5.897],[101.809,5.908],[101.805,5.945],[101.814,5.958],[101.81,5.977],[101.799,5.988],[101.803,6.011],[101.794,6.035],[101.811,6.052],[101.798,6.072],[101.803,6.083],[101.797,6.089],[101.773,6.077],[101.749,6.079],[101.736,6.086],[101.734,6.073],[101.71,6.066],[101.713,6.046],[101.701,6.031],[101.695,6.009],[101.675,5.992],[101.674,5.977],[101.651,5.956],[101.65,5.929],[101.641,5.926],[101.639,5.912],[101.618,5.896]]]]}},{"type":"Feature","id":796,"properties":{"id":796,"en":"Sung Men","th":"สูงเม่น","prov":"แพร่","code":"54"},"geometry":{"type":"MultiPolygon","coordinates":[[[[100.188,17.904],[100.202,17.918],[100.215,17.921],[100.218,17.936],[100.235,17.955],[100.247,17.962],[100.262,17.953],[100.272,17.956],[100.26,17.979],[100.232,17.982],[100.22,18.006],[100.226,18.01],[100.218,18.018],[100.22,18.022],[100.24,18.028],[100.227,18.044],[100.22,18.045],[100.205,18.069],[100.192,18.069],[100.184,18.077],[100.184,18.088],[100.167,18.103],[100.118,18.128],[100.081,18.118],[100.063,18.136],[100.053,18.134],[100.044,18.144],[100.037,18.148],[100.038,18.141],[100.016,18.129],[100.011,18.115],[99.978,18.089],[99.979,18.057],[99.972,18.044],[99.997,18.048],[100.025,18.032],[100.069,18.026],[100.066,18.021],[100.1,18.013],[100.108,17.999],[100.128,17.995],[100.137,17.985],[100.144,17.988],[100.149,17.978],[100.129,17.96],[100.128,17.939],[100.157,17.922],[100.179,17.917],[100.188,17.904]]]]}},{"type":"Feature","id":797,"properties":{"id":797,"en":"Sung Noen","th":"สูงเนิน","prov":"นครราชสีมา","code":"30"},"geometry":{"type":"MultiPolygon","coordinates":[[[[101.787,15.051],[101.764,15.005],[101.759,14.966],[101.784,14.922],[101.78,14.911],[101.786,14.884],[101.77,14.886],[101.757,14.872],[101.726,14.868],[101.693,14.843],[101.696,14.822],[101.713,14.806],[101.716,14.776],[101.705,14.757],[101.69,14.755],[101.675,14.737],[101.68,14.718],[101.688,14.713],[101.679,14.693],[101.693,14.683],[101.708,14.685],[101.705,14.713],[101.737,14.733],[101.772,14.719],[101.779,14.701],[101.808,14.697],[101.815,14.686],[101.848,14.693],[101.854,14.69],[101.858,14.704],[101.872,14.702],[101.883,14.713],[101.878,14.72],[101.887,14.723],[101.897,14.718],[101.9,14.727],[101.914,14.734],[101.915,14.741],[101.905,14.742],[101.892,14.762],[101.922,14.77],[101.968,14.823],[101.96,14.844],[101.96,14.866],[101.943,14.878],[101.935,14.893],[101.934,14.918],[101.942,14.931],[101.931,14.93],[101.915,14.938],[101.905,14.932],[101.9,14.941],[101.904,14.954],[101.888,14.994],[101.884,15.046],[101.851,15.071],[101.832,15.076],[101.809,15.07],[101.787,15.051]]]]}},{"type":"Feature","id":798,"properties":{"id":798,"en":"Suwannakhuha","th":"สุวรรณคูหา","prov":"หนองบัวลำภู","code":"39"},"geometry":{"type":"MultiPolygon","coordinates":[[[[102.318,17.677],[102.302,17.675],[102.302,17.682],[102.287,17.692],[102.281,17.685],[102.267,17.691],[102.262,17.682],[102.269,17.663],[102.245,17.651],[102.187,17.657],[102.158,17.668],[102.143,17.659],[102.128,17.635],[102.12,17.633],[102.105,17.647],[102.083,17.634],[102.106,17.608],[102.119,17.569],[102.135,17.554],[102.138,17.519],[102.135,17.509],[102.125,17.509],[102.128,17.498],[102.15,17.486],[102.169,17.495],[102.199,17.473],[102.214,17.47],[102.217,17.478],[102.22,17.465],[102.242,17.453],[102.24,17.445],[102.258,17.438],[102.263,17.424],[102.287,17.422],[102.295,17.411],[102.313,17.411],[102.316,17.432],[102.328,17.435],[102.342,17.449],[102.358,17.437],[102.356,17.426],[102.37,17.417],[102.399,17.415],[102.367,17.506],[102.332,17.551],[102.333,17.579],[102.326,17.598],[102.318,17.677]]]]}},{"type":"Feature","id":799,"properties":{"id":799,"en":"Suwannaphum","th":"","prov":"","code":"45"},"geometry":{"type":"MultiPolygon","coordinates":[[[[103.852,15.778],[103.838,15.768],[103.796,15.759],[103.732,15.723],[103.695,15.714],[103.681,15.664],[103.69,15.577],[103.676,15.525],[103.649,15.486],[103.64,15.46],[103.672,15.444],[103.688,15.449],[103.704,15.442],[103.716,15.447],[103.724,15.438],[103.733,15.444],[103.738,15.44],[103.744,15.448],[103.756,15.438],[103.771,15.439],[103.774,15.435],[103.781,15.442],[103.802,15.443],[103.807,15.449],[103.828,15.451],[103.832,15.46],[103.847,15.456],[103.855,15.466],[103.856,15.488],[103.833,15.513],[103.826,15.509],[103.826,15.526],[103.846,15.544],[103.846,15.554],[103.855,15.556],[103.865,15.55],[103.893,15.558],[103.899,15.551],[103.904,15.554],[103.911,15.541],[103.921,15.541],[103.945,15.578],[103.943,15.596],[103.969,15.634],[103.963,15.652],[103.966,15.697],[103.943,15.705],[103.923,15.741],[103.868,15.765],[103.852,15.778]]]]}},{"type":"Feature","id":800,"properties":{"id":800,"en":"Ta Phraya","th":"ตาพระยา","prov":"สระแก้ว","code":"27"},"geometry":{"type":"MultiPolygon","coordinates":[[[[102.767,13.857],[102.783,13.933],[102.803,13.943],[102.816,13.966],[102.868,14.004],[102.894,14.007],[102.912,14.018],[102.898,14.051],[102.901,14.083],[102.924,14.106],[102.925,14.132],[102.942,14.155],[102.93,14.176],[102.898,14.163],[102.879,14.176],[102.871,14.147],[102.842,14.157],[102.831,14.168],[102.829,14.158],[102.815,14.17],[102.812,14.161],[102.778,14.155],[102.763,14.138],[102.728,14.138],[102.698,14.13],[102.688,14.134],[102.689,14.147],[102.668,14.159],[102.661,14.154],[102.653,14.165],[102.634,14.149],[102.607,14.171],[102.55,14.135],[102.521,14.143],[102.502,14.132],[102.498,14.107],[102.509,14.093],[102.533,14.096],[102.533,14.077],[102.539,14.074],[102.535,14.046],[102.547,14.039],[102.55,14.02],[102.559,14.017],[102.56,13.993],[102.569,13.982],[102.59,13.98],[102.585,13.964],[102.59,13.955],[102.582,13.946],[102.644,13.927],[102.649,13.905],[102.68,13.928],[102.671,13.908],[102.676,13.897],[102.706,13.9],[102.72,13.893],[102.732,13.874],[102.767,13.857]]]]}},{"type":"Feature","id":801,"properties":{"id":801,"en":"Tak Bai","th":"ตากใบ","prov":"นราธิวาส","code":"96"},"geometry":{"type":"MultiPolygon","coordinates":[[[[101.917,6.278],[101.933,6.255],[101.926,6.251],[101.929,6.237],[101.918,6.231],[102.023,6.151],[102.051,6.144],[102.046,6.13],[102.064,6.105],[102.08,6.13],[102.093,6.148],[102.079,6.171],[102.077,6.191],[102.08,6.225],[102.092,6.236],[102.089,6.245],[101.978,6.318],[101.919,6.373],[101.898,6.362],[101.904,6.345],[101.916,6.337],[101.917,6.278]]]]}},{"type":"Feature","id":802,"properties":{"id":802,"en":"Tak Fa","th":"ตากฟ้า","prov":"นครสวรรค์","code":"60"},"geometry":{"type":"MultiPolygon","coordinates":[[[[100.63,15.34],[100.621,15.342],[100.611,15.334],[100.595,15.348],[100.598,15.377],[100.589,15.389],[100.604,15.403],[100.583,15.398],[100.553,15.404],[100.546,15.382],[100.54,15.379],[100.512,15.401],[100.513,15.407],[100.504,15.413],[100.501,15.44],[100.487,15.452],[100.481,15.471],[100.485,15.487],[100.497,15.5],[100.475,15.518],[100.471,15.535],[100.437,15.528],[100.41,15.538],[100.401,15.521],[100.383,15.51],[100.347,15.468],[100.328,15.458],[100.334,15.448],[100.35,15.445],[100.35,15.434],[100.382,15.422],[100.416,15.421],[100.423,15.391],[100.409,15.37],[100.406,15.344],[100.415,15.333],[100.397,15.316],[100.426,15.301],[100.416,15.257],[100.423,15.239],[100.447,15.239],[100.468,15.261],[100.491,15.259],[100.495,15.266],[100.524,15.268],[100.531,15.281],[100.542,15.284],[100.58,15.277],[100.577,15.263],[100.59,15.269],[100.597,15.279],[100.593,15.288],[100.611,15.295],[100.622,15.319],[100.633,15.324],[100.63,15.34]]]]}},{"type":"Feature","id":803,"properties":{"id":803,"en":"Takhli","th":"ตาคลี","prov":"นครสวรรค์","code":"60"},"geometry":{"type":"MultiPolygon","coordinates":[[[[100.62,15.243],[100.596,15.267],[100.586,15.27],[100.577,15.263],[100.58,15.277],[100.542,15.284],[100.531,15.281],[100.524,15.268],[100.495,15.266],[100.491,15.259],[100.468,15.261],[100.447,15.239],[100.423,15.239],[100.416,15.257],[100.426,15.301],[100.397,15.316],[100.415,15.333],[100.406,15.344],[100.409,15.37],[100.423,15.391],[100.416,15.421],[100.382,15.422],[100.35,15.434],[100.35,15.445],[100.327,15.454],[100.292,15.454],[100.246,15.43],[100.243,15.412],[100.221,15.398],[100.214,15.376],[100.222,15.368],[100.215,15.359],[100.223,15.359],[100.225,15.365],[100.241,15.359],[100.261,15.34],[100.265,15.319],[100.251,15.303],[100.254,15.291],[100.263,15.287],[100.269,15.254],[100.279,15.25],[100.274,15.224],[100.292,15.218],[100.302,15.173],[100.34,15.151],[100.346,15.129],[100.356,15.118],[100.355,15.097],[100.424,15.052],[100.432,15.071],[100.458,15.104],[100.459,15.116],[100.475,15.107],[100.507,15.13],[100.532,15.184],[100.549,15.189],[100.59,15.23],[100.584,15.243],[100.591,15.247],[100.62,15.243]]]]}},{"type":"Feature","id":804,"properties":{"id":804,"en":"Takua Pa","th":"ตะกั่วป่า","prov":"พังงา","code":"82"},"geometry":{"type":"MultiPolygon","coordinates":[[[[97.804,8.817],[97.808,8.823],[97.803,8.828],[97.798,8.82],[97.804,8.817]]],[[[98.446,8.895],[98.457,8.934],[98.443,8.945],[98.432,8.942],[98.418,8.951],[98.41,8.964],[98.4,8.964],[98.385,8.977],[98.377,8.992],[98.36,8.994],[98.359,8.983],[98.342,8.974],[98.329,8.978],[98.322,8.97],[98.288,8.917],[98.28,8.873],[98.264,8.859],[98.265,8.82],[98.253,8.81],[98.263,8.777],[98.256,8.751],[98.233,8.733],[98.221,8.739],[98.222,8.729],[98.235,8.72],[98.247,8.654],[98.243,8.63],[98.232,8.625],[98.231,8.618],[98.263,8.635],[98.268,8.646],[98.279,8.628],[98.327,8.653],[98.326,8.665],[98.311,8.674],[98.327,8.704],[98.322,8.715],[98.329,8.729],[98.353,8.735],[98.364,8.76],[98.379,8.756],[98.391,8.767],[98.402,8.768],[98.408,8.79],[98.401,8.839],[98.437,8.874],[98.446,8.895]]],[[[98.265,9.015],[98.248,9.007],[98.259,8.984],[98.263,8.954],[98.248,8.914],[98.264,8.889],[98.267,8.863],[98.283,8.894],[98.286,8.919],[98.296,8.928],[98.296,8.94],[98.309,8.947],[98.322,8.99],[98.265,9.015]]]]}},{"type":"Feature","id":805,"properties":{"id":805,"en":"Takua Thung","th":"ตะกั่วทุ่ง","prov":"พังงา","code":"82"},"geometry":{"type":"MultiPolygon","coordinates":[[[[98.445,8.129],[98.442,8.126],[98.447,8.121],[98.445,8.129]]],[[[98.485,8.271],[98.481,8.281],[98.48,8.271],[98.485,8.271]]],[[[98.497,8.277],[98.499,8.295],[98.493,8.301],[98.49,8.306],[98.485,8.287],[98.497,8.277]]],[[[98.5,8.303],[98.496,8.305],[98.497,8.299],[98.5,8.303]]],[[[98.491,8.31],[98.494,8.313],[98.488,8.313],[98.491,8.31]]],[[[98.397,8.456],[98.394,8.415],[98.378,8.399],[98.381,8.388],[98.367,8.367],[98.37,8.357],[98.364,8.343],[98.351,8.339],[98.351,8.323],[98.338,8.323],[98.301,8.302],[98.288,8.303],[98.285,8.31],[98.269,8.308],[98.282,8.247],[98.282,8.205],[98.292,8.208],[98.318,8.2],[98.335,8.18],[98.352,8.19],[98.36,8.188],[98.374,8.139],[98.387,8.127],[98.397,8.138],[98.404,8.137],[98.407,8.162],[98.421,8.158],[98.427,8.135],[98.44,8.144],[98.442,8.156],[98.436,8.164],[98.444,8.192],[98.469,8.203],[98.462,8.214],[98.468,8.219],[98.465,8.239],[98.455,8.242],[98.462,8.252],[98.454,8.278],[98.459,8.285],[98.466,8.282],[98.465,8.299],[98.474,8.317],[98.496,8.318],[98.498,8.326],[98.49,8.344],[98.477,8.349],[98.478,8.359],[98.464,8.374],[98.466,8.387],[98.461,8.391],[98.467,8.398],[98.46,8.414],[98.472,8.421],[98.479,8.447],[98.46,8.458],[98.453,8.453],[98.436,8.456],[98.427,8.464],[98.404,8.462],[98.397,8.456]]]]}},{"type":"Feature","id":807,"properties":{"id":807,"en":"Tamot","th":"ตะโหมด","prov":"พัทลุง","code":"93"},"geometry":{"type":"MultiPolygon","coordinates":[[[[100.109,7.36],[100.092,7.367],[100.077,7.363],[100.065,7.368],[100.065,7.373],[100.016,7.357],[100.02,7.346],[100.005,7.341],[99.986,7.322],[99.973,7.326],[99.963,7.314],[99.948,7.318],[99.94,7.314],[99.941,7.281],[99.947,7.266],[99.932,7.245],[99.947,7.22],[99.949,7.204],[99.958,7.199],[99.968,7.199],[99.973,7.211],[99.982,7.216],[99.999,7.208],[100.009,7.214],[100.049,7.199],[100.051,7.217],[100.084,7.236],[100.095,7.265],[100.111,7.263],[100.124,7.269],[100.123,7.284],[100.112,7.294],[100.123,7.297],[100.117,7.317],[100.136,7.355],[100.132,7.36],[100.116,7.354],[100.109,7.36]]]]}},{"type":"Feature","id":808,"properties":{"id":808,"en":"Tan Sum","th":"ตาลสุม","prov":"อุบลราชธานี","code":"34"},"geometry":{"type":"MultiPolygon","coordinates":[[[[105.112,15.307],[105.134,15.304],[105.183,15.313],[105.204,15.305],[105.213,15.331],[105.23,15.328],[105.231,15.357],[105.261,15.371],[105.251,15.375],[105.234,15.403],[105.233,15.42],[105.224,15.423],[105.229,15.447],[105.21,15.46],[105.191,15.486],[105.182,15.49],[105.174,15.48],[105.16,15.482],[105.147,15.46],[105.137,15.456],[105.129,15.471],[105.126,15.474],[105.115,15.468],[105.1,15.453],[105.098,15.442],[105.059,15.421],[105.043,15.389],[105.061,15.388],[105.073,15.368],[105.063,15.355],[105.068,15.344],[105.093,15.318],[105.101,15.322],[105.112,15.307]]]]}},{"type":"Feature","id":809,"properties":{"id":809,"en":"Tao Ngoi","th":"เต่างอย","prov":"สกลนคร","code":"47"},"geometry":{"type":"MultiPolygon","coordinates":[[[[104.252,16.907],[104.267,16.92],[104.246,16.967],[104.222,16.97],[104.207,16.989],[104.199,16.991],[104.2,17.016],[104.189,17.017],[104.168,17.045],[104.161,17.069],[104.132,17.073],[104.125,17.067],[104.124,17.052],[104.137,17.049],[104.141,17.038],[104.128,17.002],[104.087,17.008],[104.067,17.018],[104.088,16.992],[104.082,16.986],[104.068,16.992],[104.07,16.986],[104.081,16.981],[104.078,16.961],[104.102,16.943],[104.071,16.888],[104.052,16.872],[104.047,16.856],[104.023,16.856],[104.045,16.843],[104.069,16.838],[104.07,16.821],[104.104,16.835],[104.105,16.852],[104.124,16.861],[104.119,16.88],[104.125,16.889],[104.178,16.888],[104.208,16.873],[104.218,16.891],[104.241,16.893],[104.252,16.907]]]]}},{"type":"Feature","id":810,"properties":{"id":810,"en":"Tap Khlo","th":"ทับคล้อ","prov":"พิจิตร","code":"66"},"geometry":{"type":"MultiPolygon","coordinates":[[[[100.542,16.08],[100.588,16.064],[100.613,16.067],[100.639,16.057],[100.656,16.108],[100.655,16.126],[100.644,16.139],[100.709,16.244],[100.72,16.251],[100.709,16.265],[100.694,16.248],[100.667,16.249],[100.678,16.271],[100.653,16.29],[100.649,16.327],[100.612,16.317],[100.607,16.311],[100.584,16.307],[100.562,16.294],[100.542,16.294],[100.523,16.303],[100.486,16.273],[100.489,16.256],[100.556,16.255],[100.56,16.247],[100.577,16.249],[100.583,16.239],[100.567,16.222],[100.541,16.214],[100.53,16.202],[100.532,16.198],[100.539,16.201],[100.533,16.19],[100.535,16.179],[100.522,16.151],[100.514,16.146],[100.513,16.103],[100.542,16.08]]]]}},{"type":"Feature","id":811,"properties":{"id":811,"en":"Taphan Hin","th":"ตะพานหิน","prov":"พิจิตร","code":"66"},"geometry":{"type":"MultiPolygon","coordinates":[[[[100.523,16.096],[100.511,16.112],[100.514,16.146],[100.522,16.151],[100.535,16.179],[100.533,16.19],[100.539,16.201],[100.532,16.198],[100.53,16.202],[100.541,16.214],[100.567,16.222],[100.583,16.239],[100.577,16.249],[100.56,16.247],[100.556,16.255],[100.489,16.256],[100.487,16.274],[100.52,16.299],[100.456,16.291],[100.43,16.307],[100.413,16.31],[100.397,16.271],[100.37,16.271],[100.361,16.26],[100.363,16.252],[100.346,16.258],[100.347,16.273],[100.298,16.28],[100.287,16.281],[100.287,16.296],[100.272,16.293],[100.265,16.284],[100.268,16.262],[100.26,16.254],[100.263,16.228],[100.252,16.223],[100.259,16.21],[100.256,16.19],[100.287,16.188],[100.301,16.176],[100.332,16.168],[100.333,16.145],[100.344,16.145],[100.353,16.119],[100.375,16.126],[100.394,16.155],[100.424,16.159],[100.437,16.153],[100.432,16.14],[100.449,16.126],[100.433,16.123],[100.435,16.116],[100.453,16.12],[100.471,16.116],[100.475,16.095],[100.517,16.089],[100.523,16.096]]]]}},{"type":"Feature","id":812,"properties":{"id":812,"en":"Tha Bo","th":"ท่าบ่อ","prov":"หนองคาย","code":"43"},"geometry":{"type":"MultiPolygon","coordinates":[[[[102.612,17.683],[102.63,17.665],[102.645,17.679],[102.666,17.757],[102.664,17.778],[102.65,17.797],[102.672,17.804],[102.639,17.831],[102.592,17.839],[102.592,17.856],[102.612,17.9],[102.614,17.921],[102.594,17.923],[102.543,17.906],[102.528,17.895],[102.531,17.877],[102.517,17.866],[102.502,17.872],[102.498,17.858],[102.494,17.863],[102.48,17.851],[102.483,17.845],[102.472,17.846],[102.471,17.835],[102.46,17.828],[102.454,17.832],[102.432,17.809],[102.43,17.792],[102.443,17.784],[102.437,17.778],[102.44,17.768],[102.449,17.771],[102.452,17.761],[102.469,17.753],[102.53,17.761],[102.54,17.743],[102.612,17.683]]]]}},{"type":"Feature","id":813,"properties":{"id":813,"en":"Tha Chana","th":"ท่าชนะ","prov":"สุราษฎร์ธานี","code":"84"},"geometry":{"type":"MultiPolygon","coordinates":[[[[99.235,9.506],[99.214,9.554],[99.209,9.602],[99.169,9.659],[99.159,9.704],[99.152,9.694],[99.135,9.708],[99.089,9.706],[99.081,9.696],[99.067,9.702],[99.058,9.689],[99.041,9.683],[99.032,9.696],[99.023,9.698],[99.02,9.693],[99.01,9.699],[98.982,9.672],[98.978,9.681],[98.965,9.676],[98.962,9.682],[98.939,9.681],[98.912,9.722],[98.897,9.719],[98.873,9.731],[98.844,9.703],[98.819,9.704],[98.793,9.685],[98.787,9.694],[98.769,9.686],[98.768,9.651],[98.768,9.627],[98.738,9.599],[98.738,9.586],[98.759,9.574],[98.758,9.56],[98.769,9.545],[98.764,9.537],[98.771,9.52],[98.787,9.522],[98.795,9.517],[98.796,9.504],[98.82,9.522],[98.837,9.521],[98.856,9.545],[98.863,9.54],[98.869,9.547],[98.899,9.544],[98.92,9.534],[98.94,9.549],[98.946,9.547],[98.945,9.555],[98.974,9.539],[98.993,9.54],[99.009,9.529],[99.068,9.533],[99.095,9.484],[99.092,9.463],[99.113,9.462],[99.138,9.471],[99.144,9.482],[99.176,9.49],[99.182,9.465],[99.204,9.479],[99.204,9.494],[99.235,9.506]]]]}},{"type":"Feature","id":814,"properties":{"id":814,"en":"Tha Chang","th":"ท่าฉาง","prov":"สุราษฎร์ธานี","code":"84"},"geometry":{"type":"MultiPolygon","coordinates":[[[[98.809,9.512],[98.796,9.504],[98.795,9.517],[98.787,9.522],[98.771,9.52],[98.764,9.537],[98.755,9.538],[98.725,9.511],[98.716,9.487],[98.705,9.486],[98.694,9.47],[98.667,9.465],[98.668,9.449],[98.681,9.434],[98.662,9.42],[98.649,9.428],[98.654,9.402],[98.648,9.388],[98.675,9.388],[98.669,9.361],[98.702,9.364],[98.697,9.339],[98.684,9.333],[98.688,9.326],[98.702,9.318],[98.714,9.33],[98.728,9.335],[98.736,9.33],[98.766,9.352],[98.785,9.353],[98.789,9.34],[98.781,9.331],[98.792,9.317],[98.827,9.317],[98.838,9.327],[98.843,9.316],[98.861,9.313],[98.884,9.285],[98.896,9.286],[98.913,9.303],[98.933,9.273],[98.934,9.263],[98.95,9.262],[98.955,9.252],[98.98,9.246],[98.998,9.207],[99.019,9.201],[99.021,9.208],[99.041,9.212],[99.069,9.203],[99.089,9.184],[99.103,9.18],[99.112,9.185],[99.15,9.179],[99.219,9.189],[99.218,9.208],[99.24,9.235],[99.224,9.256],[99.226,9.277],[99.216,9.304],[99.22,9.338],[99.203,9.339],[99.199,9.349],[99.191,9.351],[99.137,9.333],[99.117,9.343],[99.072,9.341],[99.053,9.367],[99.026,9.38],[99.028,9.397],[99.01,9.413],[98.994,9.41],[98.963,9.432],[98.921,9.427],[98.917,9.419],[98.905,9.418],[98.908,9.412],[98.897,9.4],[98.868,9.446],[98.865,9.465],[98.847,9.48],[98.828,9.486],[98.824,9.498],[98.808,9.495],[98.809,9.512]]]]}},{"type":"Feature","id":815,"properties":{"id":815,"en":"Tha Chang","th":"ท่าช้าง","prov":"สิงห์บุรี","code":"17"},"geometry":{"type":"MultiPolygon","coordinates":[[[[100.349,14.78],[100.356,14.762],[100.371,14.763],[100.382,14.743],[100.393,14.744],[100.403,14.759],[100.415,14.748],[100.423,14.751],[100.421,14.773],[100.421,14.79],[100.41,14.793],[100.416,14.803],[100.393,14.817],[100.372,14.806],[100.376,14.8],[100.349,14.78]]]]}},{"type":"Feature","id":816,"properties":{"id":816,"en":"Tha Khantho","th":"","prov":"","code":"46"},"geometry":{"type":"MultiPolygon","coordinates":[[[[103.18,16.786],[103.222,16.791],[103.228,16.842],[103.249,16.831],[103.256,16.809],[103.275,16.81],[103.287,16.819],[103.304,16.814],[103.319,16.828],[103.334,16.83],[103.337,16.839],[103.353,16.845],[103.38,16.828],[103.413,16.865],[103.405,16.882],[103.38,16.906],[103.37,16.903],[103.35,16.921],[103.289,16.924],[103.277,16.942],[103.24,16.961],[103.23,16.958],[103.221,16.968],[103.204,16.958],[103.198,16.948],[103.182,16.948],[103.176,16.956],[103.16,16.947],[103.156,16.95],[103.118,16.962],[103.111,16.942],[103.102,16.939],[103.097,16.915],[103.115,16.907],[103.124,16.892],[103.12,16.872],[103.112,16.861],[103.114,16.853],[103.102,16.839],[103.105,16.826],[103.123,16.818],[103.14,16.838],[103.141,16.856],[103.134,16.872],[103.174,16.864],[103.17,16.848],[103.18,16.84],[103.179,16.827],[103.184,16.821],[103.18,16.786]]]]}},{"type":"Feature","id":817,"properties":{"id":817,"en":"Tha Li","th":"ท่าลี่","prov":"เลย","code":"42"},"geometry":{"type":"MultiPolygon","coordinates":[[[[101.522,17.777],[101.497,17.755],[101.503,17.745],[101.495,17.74],[101.491,17.724],[101.485,17.727],[101.491,17.746],[101.475,17.748],[101.482,17.76],[101.463,17.754],[101.466,17.747],[101.455,17.746],[101.446,17.729],[101.424,17.737],[101.42,17.73],[101.416,17.736],[101.402,17.734],[101.397,17.729],[101.401,17.724],[101.419,17.725],[101.43,17.716],[101.406,17.7],[101.408,17.689],[101.401,17.683],[101.382,17.698],[101.378,17.682],[101.361,17.681],[101.346,17.66],[101.306,17.651],[101.31,17.636],[101.295,17.631],[101.28,17.608],[101.274,17.611],[101.259,17.598],[101.247,17.562],[101.273,17.568],[101.288,17.561],[101.317,17.532],[101.324,17.535],[101.35,17.523],[101.351,17.516],[101.344,17.512],[101.35,17.504],[101.374,17.486],[101.39,17.489],[101.431,17.482],[101.445,17.472],[101.486,17.508],[101.497,17.498],[101.514,17.535],[101.534,17.554],[101.539,17.588],[101.554,17.599],[101.558,17.614],[101.576,17.632],[101.578,17.659],[101.588,17.666],[101.592,17.681],[101.575,17.74],[101.527,17.763],[101.522,17.777]]]]}},{"type":"Feature","id":818,"properties":{"id":818,"en":"Tha Luang","th":"","prov":"","code":"16"},"geometry":{"type":"MultiPolygon","coordinates":[[[[101.041,15.025],[101.045,14.984],[101.066,14.968],[101.073,14.998],[101.086,14.997],[101.091,14.99],[101.119,14.989],[101.12,14.981],[101.125,14.994],[101.15,15.01],[101.16,15],[101.157,14.991],[101.168,14.988],[101.182,14.997],[101.202,14.996],[101.207,14.984],[101.257,14.998],[101.288,14.984],[101.297,14.992],[101.313,14.982],[101.332,14.983],[101.348,14.993],[101.363,15.047],[101.335,15.041],[101.32,15.054],[101.324,15.068],[101.279,15.067],[101.272,15.088],[101.231,15.137],[101.222,15.164],[101.18,15.171],[101.177,15.163],[101.164,15.165],[101.174,15.125],[101.165,15.126],[101.163,15.119],[101.147,15.129],[101.117,15.111],[101.099,15.124],[101.084,15.09],[101.09,15.07],[101.086,15.053],[101.071,15.045],[101.06,15.05],[101.065,15.044],[101.049,15.028],[101.051,15.023],[101.041,15.025]]]]}},{"type":"Feature","id":819,"properties":{"id":819,"en":"Tha Mai","th":"ท่าใหม่","prov":"จันทบุรี","code":"22"},"geometry":{"type":"MultiPolygon","coordinates":[[[[101.861,12.912],[101.877,12.885],[101.885,12.883],[101.882,12.875],[101.894,12.861],[101.894,12.848],[101.9,12.847],[101.899,12.823],[101.908,12.817],[101.903,12.795],[101.92,12.787],[101.92,12.773],[101.931,12.768],[101.942,12.748],[101.939,12.742],[101.96,12.716],[101.943,12.697],[101.952,12.693],[101.96,12.675],[101.954,12.658],[101.961,12.658],[101.959,12.653],[101.944,12.657],[101.924,12.699],[101.898,12.713],[101.889,12.674],[101.911,12.621],[101.898,12.602],[101.905,12.597],[101.91,12.577],[101.9,12.573],[101.892,12.581],[101.884,12.58],[101.89,12.569],[101.895,12.572],[101.912,12.559],[101.929,12.537],[101.945,12.532],[101.949,12.516],[101.948,12.538],[101.976,12.543],[101.982,12.549],[101.996,12.547],[102.015,12.552],[102.023,12.545],[102.028,12.566],[102.042,12.561],[102.036,12.576],[102.051,12.59],[102.054,12.601],[102.066,12.605],[102.062,12.623],[102.069,12.626],[102.075,12.642],[102.067,12.644],[102.066,12.651],[102.073,12.672],[102.08,12.676],[102.068,12.702],[102.084,12.738],[102.068,12.759],[102.081,12.782],[102.043,12.782],[102.041,12.8],[102.033,12.81],[102.04,12.808],[102.041,12.814],[102.032,12.83],[102.022,12.827],[102.018,12.844],[102.011,12.85],[102.024,12.87],[102.012,12.879],[102.004,12.92],[101.986,12.922],[101.979,12.913],[101.947,12.903],[101.939,12.907],[101.936,12.921],[101.909,12.926],[101.861,12.912]]]]}},{"type":"Feature","id":820,"properties":{"id":820,"en":"Tha Maka","th":"ท่ามะกา","prov":"กาญจนบุรี","code":"71"},"geometry":{"type":"MultiPolygon","coordinates":[[[[99.876,13.961],[99.854,13.965],[99.829,13.998],[99.837,14.031],[99.849,14.043],[99.849,14.051],[99.812,14.065],[99.81,14.08],[99.797,14.086],[99.791,14.101],[99.769,14.094],[99.77,14.085],[99.754,14.084],[99.75,14.051],[99.735,14.054],[99.735,14.032],[99.713,14.04],[99.696,14.017],[99.698,14.01],[99.717,14.002],[99.71,13.985],[99.732,13.955],[99.714,13.939],[99.721,13.916],[99.72,13.9],[99.711,13.89],[99.708,13.877],[99.696,13.866],[99.673,13.854],[99.666,13.846],[99.671,13.841],[99.718,13.824],[99.73,13.828],[99.747,13.82],[99.779,13.823],[99.796,13.818],[99.802,13.807],[99.809,13.809],[99.812,13.817],[99.801,13.825],[99.819,13.826],[99.814,13.833],[99.82,13.865],[99.828,13.869],[99.837,13.866],[99.854,13.916],[99.879,13.951],[99.876,13.961]]]]}},{"type":"Feature","id":821,"properties":{"id":821,"en":"Tha Muang","th":"ท่าม่วง","prov":"กาญจนบุรี","code":"71"},"geometry":{"type":"MultiPolygon","coordinates":[[[[99.666,13.846],[99.708,13.877],[99.708,13.886],[99.72,13.9],[99.714,13.939],[99.732,13.955],[99.71,13.985],[99.717,14.002],[99.698,14.01],[99.698,14.023],[99.676,14.017],[99.662,14.027],[99.662,14.058],[99.648,14.069],[99.639,14.089],[99.616,14.106],[99.592,14.104],[99.579,14.109],[99.558,14.081],[99.567,14.077],[99.57,14.06],[99.593,14.036],[99.585,14.024],[99.577,14.007],[99.557,14.004],[99.544,13.979],[99.573,13.929],[99.556,13.917],[99.51,13.91],[99.506,13.894],[99.496,13.888],[99.492,13.87],[99.497,13.861],[99.482,13.833],[99.459,13.834],[99.458,13.825],[99.505,13.766],[99.528,13.767],[99.529,13.761],[99.546,13.759],[99.596,13.784],[99.612,13.801],[99.631,13.806],[99.666,13.846]]]]}},{"type":"Feature","id":822,"properties":{"id":822,"en":"Tha Phae","th":"ท่าแพ","prov":"สตูล","code":"91"},"geometry":{"type":"MultiPolygon","coordinates":[[[[99.998,6.821],[99.989,6.821],[99.983,6.832],[99.966,6.835],[99.961,6.848],[99.971,6.861],[99.954,6.866],[99.954,6.881],[99.94,6.881],[99.926,6.875],[99.889,6.877],[99.883,6.869],[99.887,6.85],[99.867,6.846],[99.859,6.828],[99.842,6.826],[99.837,6.822],[99.84,6.811],[99.853,6.806],[99.837,6.787],[99.871,6.743],[99.877,6.721],[99.913,6.724],[99.925,6.741],[99.986,6.755],[99.986,6.771],[100.009,6.785],[100.012,6.799],[100.004,6.801],[100.008,6.806],[99.998,6.821]]]]}},{"type":"Feature","id":823,"properties":{"id":823,"en":"Tha Pla","th":"ท่าปลา","prov":"อุตรดิตถ์","code":"53"},"geometry":{"type":"MultiPolygon","coordinates":[[[[100.134,17.86],[100.148,17.826],[100.165,17.822],[100.174,17.829],[100.192,17.815],[100.209,17.827],[100.21,17.819],[100.23,17.804],[100.249,17.808],[100.256,17.787],[100.283,17.779],[100.281,17.765],[100.29,17.761],[100.302,17.729],[100.292,17.727],[100.287,17.692],[100.311,17.696],[100.311,17.709],[100.325,17.711],[100.326,17.705],[100.338,17.707],[100.371,17.681],[100.388,17.681],[100.394,17.673],[100.375,17.638],[100.419,17.623],[100.428,17.606],[100.454,17.614],[100.489,17.654],[100.5,17.654],[100.523,17.672],[100.537,17.667],[100.559,17.679],[100.562,17.689],[100.548,17.726],[100.554,17.74],[100.559,17.733],[100.568,17.739],[100.567,17.724],[100.576,17.726],[100.596,17.762],[100.62,17.781],[100.649,17.831],[100.674,17.821],[100.679,17.843],[100.688,17.843],[100.706,17.876],[100.705,17.894],[100.718,17.909],[100.722,17.937],[100.747,17.968],[100.747,17.979],[100.78,18.017],[100.774,18.029],[100.766,18.025],[100.725,18.033],[100.693,18.024],[100.67,18.042],[100.656,18.039],[100.609,18.05],[100.59,18.04],[100.579,18.044],[100.574,18.037],[100.558,18.033],[100.503,18.053],[100.482,18.056],[100.473,18.045],[100.456,18.042],[100.446,18.026],[100.426,18.013],[100.408,18.024],[100.394,18.021],[100.35,17.983],[100.36,17.926],[100.348,17.916],[100.342,17.894],[100.335,17.889],[100.326,17.891],[100.313,17.909],[100.307,17.933],[100.299,17.939],[100.288,17.937],[100.28,17.957],[100.262,17.953],[100.247,17.962],[100.226,17.949],[100.215,17.921],[100.159,17.889],[100.134,17.86]]]]}},{"type":"Feature","id":824,"properties":{"id":824,"en":"Tha Ruea","th":"ท่าเรือ","prov":"พระนครศรีอยุธยา","code":"14"},"geometry":{"type":"MultiPolygon","coordinates":[[[[100.622,14.562],[100.602,14.554],[100.649,14.532],[100.673,14.497],[100.702,14.496],[100.722,14.505],[100.749,14.486],[100.765,14.491],[100.748,14.517],[100.775,14.527],[100.777,14.547],[100.783,14.567],[100.731,14.569],[100.723,14.577],[100.685,14.582],[100.677,14.596],[100.655,14.606],[100.675,14.574],[100.676,14.558],[100.648,14.548],[100.622,14.562]]]]}},{"type":"Feature","id":825,"properties":{"id":825,"en":"Tha Sae","th":"ท่าแซะ","prov":"ชุมพร","code":"86"},"geometry":{"type":"MultiPolygon","coordinates":[[[[99.154,11.034],[99.13,11.031],[99.105,11.014],[99.094,10.973],[99.08,10.955],[99.056,10.947],[99.05,10.962],[99.024,10.971],[99.003,10.935],[98.997,10.91],[99.004,10.905],[99,10.881],[99.012,10.872],[99.011,10.857],[98.99,10.844],[98.983,10.832],[98.972,10.832],[98.958,10.812],[98.936,10.813],[98.937,10.818],[98.923,10.827],[98.905,10.792],[98.885,10.784],[98.898,10.752],[98.909,10.753],[98.914,10.748],[98.899,10.706],[98.89,10.696],[98.895,10.682],[98.909,10.692],[98.908,10.677],[98.921,10.68],[98.93,10.673],[98.928,10.649],[98.939,10.65],[98.951,10.637],[98.945,10.612],[98.959,10.616],[98.965,10.605],[98.957,10.579],[98.941,10.57],[98.948,10.553],[98.965,10.537],[98.992,10.553],[99.041,10.538],[99.064,10.552],[99.068,10.569],[99.091,10.564],[99.104,10.569],[99.117,10.559],[99.126,10.58],[99.138,10.58],[99.15,10.592],[99.172,10.588],[99.183,10.577],[99.185,10.581],[99.189,10.565],[99.203,10.579],[99.205,10.601],[99.24,10.651],[99.236,10.664],[99.241,10.677],[99.221,10.687],[99.233,10.715],[99.231,10.74],[99.22,10.749],[99.225,10.761],[99.233,10.764],[99.226,10.797],[99.25,10.831],[99.276,10.844],[99.275,10.869],[99.244,10.883],[99.264,10.89],[99.276,10.913],[99.256,10.932],[99.256,10.969],[99.206,10.99],[99.202,10.985],[99.2,10.997],[99.169,11.001],[99.166,11.011],[99.148,11.016],[99.154,11.034]]]]}},{"type":"Feature","id":826,"properties":{"id":826,"en":"Tha Sala","th":"ท่าศาลา","prov":"นครศรีธรรมราช","code":"80"},"geometry":{"type":"MultiPolygon","coordinates":[[[[99.978,8.587],[99.971,8.589],[99.974,8.593],[99.952,8.633],[99.921,8.87],[99.91,8.864],[99.903,8.833],[99.883,8.819],[99.837,8.821],[99.823,8.817],[99.822,8.809],[99.804,8.806],[99.788,8.821],[99.758,8.812],[99.77,8.798],[99.769,8.787],[99.782,8.765],[99.807,8.731],[99.795,8.725],[99.798,8.711],[99.819,8.706],[99.823,8.723],[99.829,8.723],[99.846,8.717],[99.85,8.703],[99.848,8.643],[99.861,8.633],[99.863,8.622],[99.831,8.62],[99.836,8.599],[99.826,8.594],[99.833,8.569],[99.848,8.567],[99.852,8.554],[99.867,8.545],[99.899,8.543],[99.91,8.549],[99.926,8.543],[99.936,8.561],[99.933,8.57],[99.944,8.577],[99.939,8.603],[99.942,8.597],[99.96,8.595],[99.965,8.577],[99.978,8.587]]]]}},{"type":"Feature","id":827,"properties":{"id":827,"en":"Tha Song Yang","th":"ท่าสองยาง","prov":"ตาก","code":"63"},"geometry":{"type":"MultiPolygon","coordinates":[[[[98.392,17.242],[98.358,17.274],[98.363,17.288],[98.34,17.296],[98.322,17.311],[98.317,17.322],[98.332,17.33],[98.334,17.348],[98.317,17.367],[98.319,17.38],[98.292,17.407],[98.322,17.417],[98.326,17.429],[98.319,17.445],[98.33,17.47],[98.327,17.49],[98.315,17.505],[98.314,17.527],[98.306,17.533],[98.308,17.543],[98.298,17.554],[98.302,17.567],[98.298,17.575],[98.265,17.579],[98.239,17.55],[98.209,17.54],[98.178,17.537],[98.167,17.548],[98.136,17.542],[98.125,17.559],[98.128,17.568],[98.109,17.582],[98.102,17.623],[98.073,17.648],[98.061,17.649],[98.057,17.663],[98.046,17.665],[98.041,17.675],[98.031,17.711],[98.023,17.71],[98.028,17.721],[98.015,17.733],[98.014,17.74],[98.022,17.738],[98.013,17.748],[98.011,17.768],[97.997,17.776],[97.996,17.786],[97.99,17.786],[97.996,17.788],[97.985,17.807],[97.991,17.81],[97.98,17.814],[97.98,17.823],[97.975,17.823],[97.982,17.839],[97.967,17.857],[97.973,17.865],[97.913,17.855],[97.899,17.832],[97.906,17.82],[97.902,17.81],[97.85,17.78],[97.816,17.787],[97.795,17.777],[97.785,17.785],[97.766,17.779],[97.752,17.778],[97.746,17.787],[97.744,17.773],[97.758,17.771],[97.774,17.752],[97.762,17.746],[97.763,17.726],[97.791,17.692],[97.794,17.68],[97.82,17.66],[97.85,17.625],[97.906,17.584],[97.923,17.539],[97.962,17.527],[97.971,17.508],[97.992,17.511],[98.036,17.452],[98.055,17.442],[98.045,17.43],[98.06,17.421],[98.08,17.39],[98.089,17.396],[98.11,17.385],[98.11,17.376],[98.119,17.374],[98.105,17.354],[98.112,17.319],[98.125,17.321],[98.137,17.3],[98.135,17.293],[98.147,17.292],[98.161,17.28],[98.167,17.262],[98.204,17.25],[98.213,17.228],[98.227,17.221],[98.239,17.23],[98.244,17.227],[98.228,17.204],[98.246,17.211],[98.244,17.199],[98.251,17.197],[98.25,17.182],[98.263,17.187],[98.259,17.175],[98.28,17.173],[98.267,17.161],[98.272,17.152],[98.287,17.156],[98.297,17.149],[98.297,17.142],[98.285,17.144],[98.286,17.13],[98.28,17.116],[98.293,17.113],[98.298,17.127],[98.301,17.107],[98.322,17.111],[98.316,17.095],[98.309,17.101],[98.3,17.092],[98.313,17.088],[98.318,17.069],[98.332,17.068],[98.343,17.077],[98.351,17.075],[98.354,17.092],[98.379,17.108],[98.394,17.108],[98.403,17.121],[98.421,17.126],[98.419,17.137],[98.433,17.144],[98.433,17.149],[98.455,17.159],[98.468,17.158],[98.47,17.18],[98.416,17.21],[98.409,17.228],[98.392,17.242]]]]}},{"type":"Feature","id":828,"properties":{"id":828,"en":"Tha Takiap","th":"ท่าตะเกียบ","prov":"ฉะเชิงเทรา","code":"24"},"geometry":{"type":"MultiPolygon","coordinates":[[[[101.717,13.182],[101.732,13.179],[101.741,13.187],[101.753,13.182],[101.759,13.189],[101.773,13.185],[101.79,13.203],[101.818,13.217],[101.827,13.238],[101.837,13.234],[101.855,13.254],[101.862,13.248],[101.871,13.252],[101.872,13.223],[101.879,13.224],[101.883,13.237],[101.892,13.227],[101.902,13.235],[101.896,13.252],[101.906,13.271],[101.905,13.287],[101.92,13.286],[101.926,13.293],[101.931,13.286],[101.956,13.3],[101.967,13.324],[101.989,13.333],[101.984,13.342],[101.99,13.352],[101.983,13.355],[101.982,13.38],[101.973,13.39],[101.977,13.409],[101.967,13.414],[101.962,13.428],[101.948,13.433],[101.938,13.445],[101.943,13.461],[101.937,13.478],[101.894,13.472],[101.882,13.485],[101.888,13.502],[101.864,13.484],[101.843,13.487],[101.806,13.508],[101.791,13.533],[101.756,13.544],[101.743,13.557],[101.72,13.549],[101.699,13.563],[101.691,13.577],[101.637,13.595],[101.624,13.6],[101.631,13.583],[101.62,13.568],[101.627,13.563],[101.62,13.55],[101.581,13.574],[101.583,13.565],[101.577,13.555],[101.55,13.546],[101.551,13.534],[101.541,13.518],[101.545,13.504],[101.535,13.498],[101.532,13.482],[101.519,13.477],[101.503,13.451],[101.493,13.449],[101.491,13.428],[101.502,13.41],[101.511,13.411],[101.518,13.423],[101.532,13.427],[101.533,13.415],[101.547,13.397],[101.546,13.377],[101.557,13.368],[101.564,13.331],[101.58,13.333],[101.6,13.303],[101.618,13.302],[101.668,13.273],[101.674,13.257],[101.685,13.25],[101.694,13.222],[101.713,13.206],[101.717,13.182]]]]}},{"type":"Feature","id":829,"properties":{"id":829,"en":"Tha Tako","th":"ท่าตะโก","prov":"นครสวรรค์","code":"60"},"geometry":{"type":"MultiPolygon","coordinates":[[[[100.289,15.694],[100.287,15.656],[100.295,15.655],[100.296,15.634],[100.309,15.633],[100.349,15.587],[100.384,15.594],[100.384,15.573],[100.41,15.538],[100.437,15.528],[100.471,15.535],[100.475,15.518],[100.495,15.507],[100.497,15.496],[100.485,15.487],[100.481,15.471],[100.487,15.452],[100.501,15.44],[100.508,15.407],[100.526,15.417],[100.528,15.425],[100.52,15.431],[100.528,15.455],[100.556,15.464],[100.551,15.478],[100.557,15.496],[100.54,15.499],[100.546,15.519],[100.567,15.524],[100.577,15.544],[100.577,15.607],[100.562,15.605],[100.549,15.613],[100.556,15.647],[100.589,15.707],[100.618,15.741],[100.598,15.742],[100.589,15.75],[100.594,15.759],[100.588,15.76],[100.564,15.75],[100.532,15.749],[100.505,15.786],[100.488,15.793],[100.485,15.814],[100.467,15.818],[100.47,15.827],[100.441,15.832],[100.407,15.823],[100.375,15.799],[100.362,15.798],[100.338,15.777],[100.314,15.771],[100.328,15.742],[100.301,15.694],[100.289,15.694]]]]}},{"type":"Feature","id":830,"properties":{"id":830,"en":"Tha Tum","th":"ท่าตูม","prov":"สุรินทร์","code":"32"},"geometry":{"type":"MultiPolygon","coordinates":[[[[103.7,15.153],[103.73,15.218],[103.729,15.231],[103.741,15.248],[103.744,15.27],[103.776,15.319],[103.775,15.331],[103.76,15.35],[103.764,15.362],[103.774,15.367],[103.775,15.378],[103.796,15.387],[103.798,15.409],[103.805,15.408],[103.807,15.392],[103.814,15.398],[103.812,15.411],[103.828,15.404],[103.819,15.44],[103.828,15.451],[103.781,15.442],[103.774,15.435],[103.771,15.439],[103.756,15.438],[103.744,15.448],[103.738,15.44],[103.733,15.444],[103.724,15.438],[103.716,15.447],[103.704,15.442],[103.688,15.449],[103.672,15.444],[103.65,15.457],[103.629,15.458],[103.616,15.469],[103.592,15.467],[103.596,15.436],[103.588,15.434],[103.597,15.42],[103.581,15.418],[103.586,15.398],[103.581,15.333],[103.587,15.302],[103.574,15.285],[103.559,15.284],[103.533,15.299],[103.527,15.288],[103.523,15.301],[103.522,15.285],[103.516,15.286],[103.514,15.295],[103.49,15.291],[103.48,15.296],[103.469,15.28],[103.462,15.282],[103.46,15.257],[103.441,15.263],[103.447,15.256],[103.436,15.24],[103.437,15.22],[103.429,15.214],[103.436,15.201],[103.453,15.204],[103.469,15.221],[103.485,15.221],[103.493,15.213],[103.493,15.203],[103.532,15.208],[103.551,15.179],[103.589,15.184],[103.612,15.196],[103.628,15.18],[103.658,15.178],[103.667,15.183],[103.7,15.153]]]]}},{"type":"Feature","id":831,"properties":{"id":831,"en":"Tha Uthen","th":"","prov":"","code":""},"geometry":{"type":"MultiPolygon","coordinates":[[[[104.3,17.744],[104.306,17.747],[104.314,17.741],[104.323,17.727],[104.34,17.752],[104.352,17.748],[104.375,17.723],[104.373,17.707],[104.366,17.702],[104.352,17.712],[104.334,17.693],[104.344,17.685],[104.369,17.683],[104.389,17.663],[104.39,17.655],[104.377,17.65],[104.375,17.641],[104.387,17.614],[104.398,17.609],[104.405,17.59],[104.403,17.572],[104.413,17.565],[104.418,17.555],[104.413,17.547],[104.419,17.54],[104.441,17.538],[104.469,17.549],[104.491,17.543],[104.517,17.556],[104.522,17.549],[104.534,17.551],[104.553,17.527],[104.547,17.517],[104.576,17.494],[104.594,17.45],[104.61,17.441],[104.637,17.442],[104.648,17.427],[104.656,17.432],[104.669,17.435],[104.67,17.443],[104.683,17.452],[104.706,17.444],[104.71,17.465],[104.699,17.479],[104.708,17.488],[104.714,17.484],[104.716,17.49],[104.723,17.487],[104.731,17.493],[104.702,17.53],[104.471,17.652],[104.402,17.743],[104.355,17.824],[104.336,17.837],[104.301,17.845],[104.279,17.836],[104.28,17.82],[104.293,17.816],[104.298,17.808],[104.29,17.775],[104.293,17.748],[104.3,17.744]]]]}},{"type":"Feature","id":832,"properties":{"id":832,"en":"Tha Wang Pha","th":"ท่าวังผา","prov":"น่าน","code":"55"},"geometry":{"type":"MultiPolygon","coordinates":[[[[100.778,19.274],[100.767,19.278],[100.754,19.276],[100.75,19.268],[100.731,19.269],[100.725,19.28],[100.706,19.289],[100.664,19.292],[100.612,19.313],[100.612,19.288],[100.6,19.252],[100.617,19.227],[100.622,19.2],[100.618,19.182],[100.629,19.155],[100.623,19.139],[100.626,19.123],[100.623,19.111],[100.61,19.102],[100.602,19.105],[100.585,19.095],[100.573,19.104],[100.564,19.08],[100.585,19.058],[100.615,19.042],[100.633,19.062],[100.664,19.061],[100.688,19.044],[100.71,19.046],[100.712,19.036],[100.727,19.027],[100.726,19.015],[100.734,19.008],[100.747,19.016],[100.771,19.011],[100.78,19.015],[100.84,18.99],[100.884,18.981],[100.887,18.986],[100.891,18.979],[100.898,18.982],[100.904,18.976],[100.91,18.993],[100.919,18.991],[100.932,18.999],[100.926,19.011],[100.933,19.039],[100.955,19.041],[100.96,19.037],[100.977,19.045],[100.977,19.056],[100.99,19.072],[100.968,19.064],[100.925,19.078],[100.916,19.101],[100.932,19.123],[100.898,19.114],[100.874,19.147],[100.816,19.145],[100.793,19.176],[100.797,19.191],[100.784,19.222],[100.791,19.225],[100.794,19.237],[100.779,19.249],[100.778,19.274]]]]}},{"type":"Feature","id":833,"properties":{"id":833,"en":"Tha Wung","th":"","prov":"","code":"16"},"geometry":{"type":"MultiPolygon","coordinates":[[[[100.422,14.922],[100.427,14.885],[100.438,14.876],[100.452,14.875],[100.446,14.86],[100.458,14.857],[100.455,14.836],[100.466,14.829],[100.464,14.821],[100.483,14.811],[100.468,14.798],[100.476,14.772],[100.472,14.769],[100.478,14.766],[100.472,14.762],[100.488,14.748],[100.474,14.731],[100.475,14.723],[100.463,14.726],[100.458,14.721],[100.465,14.72],[100.475,14.703],[100.495,14.701],[100.504,14.685],[100.496,14.677],[100.503,14.67],[100.515,14.676],[100.513,14.695],[100.529,14.711],[100.516,14.737],[100.536,14.749],[100.551,14.75],[100.564,14.763],[100.567,14.777],[100.579,14.786],[100.57,14.789],[100.571,14.814],[100.544,14.843],[100.554,14.843],[100.563,14.942],[100.54,14.93],[100.493,14.924],[100.492,14.917],[100.476,14.911],[100.433,14.929],[100.422,14.922]]]]}},{"type":"Feature","id":834,"properties":{"id":834,"en":"Tha Yang","th":"ท่ายาง","prov":"เพชรบุรี","code":"76"},"geometry":{"type":"MultiPolygon","coordinates":[[[[99.783,12.976],[99.792,12.949],[99.781,12.934],[99.79,12.917],[99.735,12.878],[99.753,12.863],[99.762,12.842],[99.749,12.828],[99.733,12.838],[99.725,12.835],[99.712,12.811],[99.694,12.817],[99.683,12.813],[99.672,12.796],[99.649,12.792],[99.64,12.782],[99.651,12.765],[99.649,12.757],[99.634,12.753],[99.614,12.757],[99.604,12.746],[99.603,12.725],[99.615,12.717],[99.616,12.641],[99.648,12.643],[99.658,12.633],[99.664,12.638],[99.684,12.635],[99.693,12.614],[99.718,12.601],[99.725,12.612],[99.738,12.61],[99.74,12.616],[99.755,12.619],[99.751,12.629],[99.782,12.659],[99.776,12.683],[99.795,12.712],[99.784,12.727],[99.785,12.737],[99.813,12.731],[99.824,12.748],[99.837,12.748],[99.854,12.761],[99.843,12.78],[99.847,12.789],[99.86,12.791],[99.867,12.814],[99.849,12.825],[99.858,12.834],[99.852,12.853],[99.872,12.872],[99.875,12.882],[99.91,12.906],[99.958,12.902],[99.983,12.912],[99.998,12.926],[100.009,12.923],[100.008,12.918],[100.027,12.917],[100.038,12.954],[100.012,12.972],[100.001,12.971],[99.967,12.985],[99.957,12.976],[99.946,12.977],[99.943,12.994],[99.917,12.997],[99.895,13.016],[99.895,13.009],[99.875,13.004],[99.876,13.011],[99.863,13.011],[99.851,13.004],[99.844,12.99],[99.783,12.976]]]]}},{"type":"Feature","id":835,"properties":{"id":835,"en":"Thai Charoen","th":"ไทยเจริญ","prov":"ยโสธร","code":"35"},"geometry":{"type":"MultiPolygon","coordinates":[[[[104.452,15.994],[104.458,15.983],[104.471,15.985],[104.483,15.971],[104.519,15.984],[104.527,16.001],[104.533,16],[104.515,16.026],[104.537,16.045],[104.534,16.057],[104.543,16.071],[104.532,16.073],[104.53,16.085],[104.506,16.075],[104.455,16.095],[104.456,16.113],[104.473,16.126],[104.461,16.138],[104.451,16.133],[104.447,16.172],[104.428,16.2],[104.408,16.216],[104.39,16.221],[104.377,16.205],[104.389,16.166],[104.383,16.136],[104.36,16.132],[104.356,16.142],[104.351,16.133],[104.33,16.157],[104.324,16.161],[104.323,16.157],[104.321,16.137],[104.332,16.126],[104.339,16.13],[104.351,16.124],[104.357,16.093],[104.35,16.087],[104.37,16.077],[104.375,16.048],[104.384,16.048],[104.411,16.023],[104.447,16.018],[104.452,15.994]]]]}},{"type":"Feature","id":836,"properties":{"id":836,"en":"Thai Mueang","th":"ท้ายเหมือง","prov":"พังงา","code":"82"},"geometry":{"type":"MultiPolygon","coordinates":[[[[98.327,8.653],[98.279,8.628],[98.268,8.646],[98.263,8.635],[98.236,8.62],[98.242,8.598],[98.238,8.586],[98.223,8.579],[98.216,8.587],[98.205,8.553],[98.269,8.308],[98.285,8.31],[98.288,8.303],[98.301,8.302],[98.338,8.323],[98.351,8.323],[98.351,8.339],[98.364,8.343],[98.37,8.357],[98.367,8.367],[98.381,8.388],[98.378,8.399],[98.394,8.415],[98.399,8.437],[98.394,8.442],[98.397,8.458],[98.39,8.473],[98.375,8.476],[98.368,8.49],[98.379,8.521],[98.395,8.533],[98.425,8.58],[98.412,8.594],[98.419,8.615],[98.411,8.629],[98.396,8.631],[98.385,8.642],[98.369,8.639],[98.357,8.629],[98.352,8.641],[98.342,8.639],[98.327,8.653]]]]}},{"type":"Feature","id":837,"properties":{"id":837,"en":"Thalang","th":"ถลาง","prov":"ภูเก็ต","code":"83"},"geometry":{"type":"MultiPolygon","coordinates":[[[[98.463,8.063],[98.457,8.055],[98.465,8.039],[98.472,8.046],[98.467,8.062],[98.463,8.063]]],[[[98.451,8.058],[98.45,8.064],[98.443,8.06],[98.451,8.058]]],[[[98.35,7.944],[98.356,7.96],[98.379,7.976],[98.395,7.966],[98.393,7.978],[98.4,7.986],[98.41,7.991],[98.425,7.985],[98.411,8.002],[98.41,8.029],[98.421,8.046],[98.433,8.04],[98.432,8.062],[98.444,8.066],[98.436,8.077],[98.44,8.093],[98.433,8.099],[98.426,8.101],[98.416,8.085],[98.398,8.081],[98.386,8.085],[98.375,8.1],[98.374,8.119],[98.355,8.112],[98.351,8.114],[98.354,8.124],[98.346,8.122],[98.348,8.143],[98.341,8.147],[98.337,8.173],[98.305,8.193],[98.298,8.191],[98.302,8.197],[98.297,8.2],[98.286,8.2],[98.301,8.106],[98.296,8.088],[98.271,8.075],[98.278,8.054],[98.272,8.038],[98.288,8.029],[98.292,8.005],[98.286,7.986],[98.27,7.988],[98.278,7.979],[98.276,7.97],[98.305,7.966],[98.317,7.942],[98.331,7.95],[98.35,7.944]]]]}},{"type":"Feature","id":838,"properties":{"id":838,"en":"Tham Phannara","th":"ถ้ำพรรณรา","prov":"นครศรีธรรมราช","code":"80"},"geometry":{"type":"MultiPolygon","coordinates":[[[[99.418,8.552],[99.401,8.544],[99.402,8.536],[99.394,8.529],[99.395,8.513],[99.378,8.516],[99.365,8.502],[99.35,8.499],[99.35,8.493],[99.329,8.493],[99.319,8.475],[99.29,8.466],[99.29,8.456],[99.297,8.458],[99.315,8.445],[99.313,8.424],[99.323,8.418],[99.32,8.413],[99.327,8.412],[99.334,8.412],[99.339,8.401],[99.344,8.408],[99.347,8.394],[99.362,8.404],[99.377,8.388],[99.388,8.391],[99.392,8.387],[99.402,8.398],[99.415,8.396],[99.411,8.404],[99.425,8.416],[99.43,8.413],[99.436,8.437],[99.451,8.432],[99.455,8.445],[99.444,8.458],[99.441,8.478],[99.445,8.502],[99.427,8.505],[99.427,8.544],[99.418,8.552]]]]}},{"type":"Feature","id":839,"properties":{"id":839,"en":"Than To","th":"ธารโต","prov":"ยะลา","code":"95"},"geometry":{"type":"MultiPolygon","coordinates":[[[[101.118,6.186],[101.104,6.179],[101.086,6.179],[101.058,6.143],[101.089,6.134],[101.105,6.124],[101.106,6.114],[101.118,6.115],[101.127,6.104],[101.126,6.095],[101.115,6.092],[101.111,6.067],[101.1,6.051],[101.114,6.039],[101.108,6.029],[101.112,6.009],[101.106,5.999],[101.127,5.999],[101.158,6.014],[101.189,5.997],[101.215,5.996],[101.226,6.007],[101.236,6.006],[101.24,5.998],[101.252,5.999],[101.251,5.979],[101.266,5.917],[101.286,5.894],[101.306,5.906],[101.326,5.935],[101.331,5.954],[101.326,5.962],[101.325,5.988],[101.328,6.012],[101.351,6.023],[101.352,6.033],[101.364,6.039],[101.369,6.051],[101.388,6.047],[101.389,6.053],[101.4,6.052],[101.406,6.058],[101.478,6.044],[101.476,6.065],[101.466,6.08],[101.453,6.079],[101.44,6.092],[101.435,6.129],[101.43,6.129],[101.427,6.142],[101.416,6.143],[101.412,6.157],[101.394,6.16],[101.373,6.149],[101.345,6.161],[101.328,6.158],[101.295,6.131],[101.262,6.13],[101.276,6.161],[101.269,6.163],[101.261,6.19],[101.266,6.216],[101.246,6.213],[101.244,6.204],[101.194,6.205],[101.127,6.182],[101.118,6.186]]]]}},{"type":"Feature","id":840,"properties":{"id":840,"en":"Thanyaburi","th":"ธัญบุรี","prov":"ปทุมธานี","code":"13"},"geometry":{"type":"MultiPolygon","coordinates":[[[[100.601,13.996],[100.605,13.966],[100.692,13.985],[100.756,14.014],[100.915,14.068],[100.914,14.1],[100.756,14.045],[100.679,14.01],[100.601,13.996]]]]}},{"type":"Feature","id":841,"properties":{"id":841,"en":"Thap Put","th":"ทับปุด","prov":"พังงา","code":"82"},"geometry":{"type":"MultiPolygon","coordinates":[[[[98.682,8.551],[98.691,8.576],[98.708,8.597],[98.698,8.643],[98.671,8.662],[98.663,8.656],[98.648,8.659],[98.638,8.644],[98.611,8.637],[98.603,8.619],[98.59,8.606],[98.586,8.59],[98.573,8.577],[98.57,8.554],[98.556,8.549],[98.549,8.535],[98.555,8.526],[98.549,8.518],[98.563,8.513],[98.565,8.502],[98.583,8.504],[98.588,8.492],[98.579,8.481],[98.579,8.465],[98.589,8.454],[98.595,8.445],[98.589,8.433],[98.609,8.418],[98.616,8.382],[98.635,8.375],[98.662,8.385],[98.644,8.411],[98.649,8.421],[98.665,8.427],[98.665,8.455],[98.671,8.459],[98.665,8.459],[98.649,8.483],[98.662,8.49],[98.678,8.521],[98.682,8.551]]]]}},{"type":"Feature","id":842,"properties":{"id":842,"en":"Thap Sakae","th":"ทับสะแก","prov":"ประจวบคีรีขันธ์","code":"77"},"geometry":{"type":"MultiPolygon","coordinates":[[[[99.599,11.405],[99.616,11.458],[99.628,11.471],[99.639,11.519],[99.714,11.66],[99.705,11.667],[99.69,11.663],[99.677,11.676],[99.666,11.672],[99.652,11.677],[99.64,11.668],[99.619,11.672],[99.588,11.688],[99.583,11.678],[99.586,11.66],[99.57,11.643],[99.566,11.627],[99.546,11.628],[99.531,11.621],[99.517,11.636],[99.507,11.636],[99.478,11.624],[99.468,11.615],[99.458,11.583],[99.468,11.567],[99.463,11.549],[99.468,11.549],[99.474,11.532],[99.448,11.509],[99.458,11.491],[99.444,11.491],[99.444,11.48],[99.42,11.481],[99.425,11.462],[99.437,11.446],[99.473,11.436],[99.484,11.426],[99.521,11.43],[99.533,11.419],[99.58,11.414],[99.599,11.405]]]]}},{"type":"Feature","id":843,"properties":{"id":843,"en":"Thap Than","th":"ทัพทัน","prov":"อุทัยธานี","code":"61"},"geometry":{"type":"MultiPolygon","coordinates":[[[[99.937,15.598],[99.896,15.575],[99.886,15.56],[99.89,15.544],[99.884,15.545],[99.881,15.556],[99.864,15.559],[99.859,15.533],[99.834,15.52],[99.798,15.534],[99.78,15.53],[99.754,15.536],[99.745,15.531],[99.719,15.54],[99.673,15.532],[99.666,15.51],[99.672,15.502],[99.667,15.493],[99.672,15.48],[99.694,15.465],[99.704,15.435],[99.718,15.431],[99.727,15.425],[99.745,15.433],[99.744,15.413],[99.828,15.432],[99.831,15.439],[99.84,15.438],[99.847,15.446],[99.866,15.443],[99.883,15.448],[99.89,15.444],[99.889,15.431],[99.899,15.424],[99.912,15.43],[99.914,15.441],[99.934,15.429],[99.951,15.436],[99.959,15.461],[99.949,15.475],[99.953,15.497],[99.945,15.504],[99.94,15.533],[99.937,15.598]]]]}},{"type":"Feature","id":844,"properties":{"id":844,"en":"That Phanom","th":"ธาตุพนม","prov":"นครพนม","code":"48"},"geometry":{"type":"MultiPolygon","coordinates":[[[[104.66,16.792],[104.668,16.787],[104.676,16.796],[104.692,16.79],[104.693,16.824],[104.7,16.827],[104.717,16.829],[104.721,16.809],[104.737,16.805],[104.742,16.821],[104.764,16.849],[104.736,16.916],[104.729,17.001],[104.735,17.028],[104.761,17.064],[104.788,17.128],[104.759,17.133],[104.756,17.159],[104.718,17.179],[104.699,17.177],[104.69,17.166],[104.662,17.163],[104.671,17.153],[104.671,17.133],[104.7,17.124],[104.717,17.108],[104.708,17.071],[104.719,17.064],[104.714,17.055],[104.718,17.043],[104.707,17.005],[104.696,16.992],[104.682,16.998],[104.671,16.988],[104.659,16.994],[104.644,16.977],[104.649,16.957],[104.64,16.961],[104.633,16.952],[104.64,16.885],[104.628,16.863],[104.637,16.841],[104.636,16.823],[104.655,16.805],[104.66,16.792]]]]}},{"type":"Feature","id":845,"properties":{"id":845,"en":"Thawat Buri","th":"ธวัชบุรี","prov":"ร้อยเอ็ด","code":"45"},"geometry":{"type":"MultiPolygon","coordinates":[[[[103.82,15.925],[103.803,15.975],[103.813,15.995],[103.82,16.001],[103.828,15.996],[103.835,16.006],[103.829,16.014],[103.836,16.026],[103.828,16.033],[103.829,16.053],[103.852,16.055],[103.861,16.065],[103.888,16.06],[103.901,16.066],[103.874,16.108],[103.828,16.124],[103.824,16.132],[103.831,16.14],[103.849,16.145],[103.848,16.164],[103.845,16.153],[103.838,16.157],[103.804,16.126],[103.772,16.122],[103.741,16.112],[103.721,16.093],[103.722,16.085],[103.687,16.076],[103.691,16.055],[103.702,16.039],[103.68,16.007],[103.701,15.973],[103.711,15.931],[103.722,15.915],[103.747,15.921],[103.793,15.912],[103.82,15.925]]]]}},{"type":"Feature","id":847,"properties":{"id":847,"en":"Thep Sathit","th":"เทพสถิต","prov":"ชัยภูมิ","code":"36"},"geometry":{"type":"MultiPolygon","coordinates":[[[[101.539,15.567],[101.527,15.599],[101.498,15.6],[101.472,15.618],[101.477,15.632],[101.501,15.634],[101.526,15.621],[101.571,15.627],[101.586,15.638],[101.586,15.648],[101.58,15.653],[101.592,15.655],[101.59,15.664],[101.599,15.672],[101.595,15.676],[101.641,15.685],[101.654,15.694],[101.649,15.705],[101.66,15.711],[101.632,15.721],[101.631,15.736],[101.62,15.737],[101.609,15.748],[101.603,15.746],[101.595,15.757],[101.59,15.754],[101.584,15.769],[101.574,15.771],[101.563,15.765],[101.556,15.772],[101.543,15.77],[101.53,15.78],[101.533,15.785],[101.513,15.79],[101.508,15.815],[101.501,15.817],[101.499,15.83],[101.504,15.835],[101.484,15.84],[101.484,15.849],[101.47,15.865],[101.454,15.888],[101.451,15.873],[101.43,15.843],[101.418,15.755],[101.397,15.721],[101.401,15.706],[101.37,15.593],[101.374,15.528],[101.386,15.487],[101.378,15.431],[101.378,15.39],[101.382,15.388],[101.376,15.377],[101.379,15.346],[101.386,15.346],[101.382,15.331],[101.417,15.332],[101.444,15.351],[101.501,15.356],[101.496,15.376],[101.516,15.399],[101.54,15.401],[101.557,15.409],[101.583,15.408],[101.589,15.42],[101.556,15.448],[101.552,15.459],[101.543,15.457],[101.544,15.463],[101.538,15.463],[101.54,15.471],[101.531,15.475],[101.536,15.491],[101.532,15.5],[101.504,15.517],[101.523,15.539],[101.517,15.562],[101.539,15.567]]]]}},{"type":"Feature","id":848,"properties":{"id":848,"en":"Thepha","th":"เทพา","prov":"สงขลา","code":"90"},"geometry":{"type":"MultiPolygon","coordinates":[[[[100.799,6.749],[100.811,6.727],[100.831,6.716],[100.819,6.702],[100.825,6.693],[100.813,6.679],[100.816,6.663],[100.806,6.655],[100.812,6.647],[100.828,6.662],[100.834,6.658],[100.863,6.664],[100.872,6.632],[100.88,6.646],[100.895,6.635],[100.914,6.636],[100.922,6.644],[100.921,6.66],[100.936,6.658],[100.955,6.674],[100.955,6.707],[100.966,6.711],[100.976,6.698],[101.034,6.693],[101.057,6.678],[101.064,6.685],[101.061,6.706],[101.057,6.713],[101.043,6.71],[101.039,6.706],[101.04,6.719],[101.017,6.726],[101.032,6.742],[101.029,6.78],[101.054,6.801],[101.043,6.812],[101.043,6.828],[101.051,6.836],[101.043,6.838],[101.044,6.847],[101.066,6.857],[101.021,6.853],[100.97,6.869],[100.928,6.894],[100.85,6.961],[100.825,6.952],[100.819,6.941],[100.817,6.948],[100.803,6.948],[100.816,6.927],[100.81,6.9],[100.794,6.888],[100.795,6.846],[100.801,6.837],[100.815,6.833],[100.823,6.814],[100.809,6.782],[100.811,6.773],[100.797,6.763],[100.799,6.749]]]]}},{"type":"Feature","id":849,"properties":{"id":849,"en":"Thepharak","th":"เทพารักษ์","prov":"นครราชสีมา","code":"30"},"geometry":{"type":"MultiPolygon","coordinates":[[[[101.543,15.402],[101.516,15.399],[101.496,15.376],[101.501,15.356],[101.444,15.351],[101.417,15.332],[101.382,15.331],[101.388,15.228],[101.465,15.237],[101.479,15.232],[101.496,15.202],[101.551,15.203],[101.55,15.207],[101.597,15.214],[101.593,15.255],[101.614,15.251],[101.632,15.239],[101.639,15.25],[101.634,15.291],[101.624,15.305],[101.6,15.308],[101.589,15.318],[101.578,15.334],[101.576,15.348],[101.564,15.354],[101.566,15.372],[101.543,15.402]]]]}},{"type":"Feature","id":850,"properties":{"id":850,"en":"Thoen","th":"เถิน","prov":"ลำปาง","code":"52"},"geometry":{"type":"MultiPolygon","coordinates":[[[[99.455,17.255],[99.452,17.297],[99.457,17.312],[99.461,17.309],[99.477,17.326],[99.477,17.341],[99.47,17.368],[99.457,17.369],[99.442,17.389],[99.431,17.39],[99.427,17.409],[99.441,17.422],[99.441,17.431],[99.421,17.442],[99.414,17.45],[99.418,17.458],[99.407,17.468],[99.419,17.486],[99.421,17.519],[99.439,17.529],[99.431,17.549],[99.436,17.563],[99.413,17.574],[99.423,17.592],[99.419,17.6],[99.426,17.609],[99.441,17.61],[99.442,17.603],[99.454,17.598],[99.448,17.645],[99.451,17.655],[99.468,17.663],[99.476,17.677],[99.47,17.691],[99.479,17.729],[99.471,17.738],[99.464,17.737],[99.449,17.709],[99.422,17.71],[99.387,17.688],[99.389,17.697],[99.38,17.712],[99.386,17.722],[99.377,17.727],[99.381,17.755],[99.368,17.773],[99.36,17.769],[99.342,17.773],[99.323,17.766],[99.31,17.778],[99.311,17.785],[99.284,17.797],[99.271,17.819],[99.23,17.848],[99.228,17.873],[99.217,17.89],[99.19,17.877],[99.182,17.868],[99.181,17.846],[99.159,17.843],[99.173,17.822],[99.169,17.817],[99.174,17.81],[99.159,17.808],[99.135,17.821],[99.103,17.813],[99.126,17.771],[99.112,17.768],[99.104,17.741],[99.085,17.738],[99.088,17.704],[99.066,17.693],[99.062,17.637],[99.05,17.613],[99.071,17.606],[99.075,17.596],[99.082,17.6],[99.11,17.586],[99.124,17.574],[99.151,17.567],[99.165,17.556],[99.181,17.532],[99.17,17.52],[99.172,17.512],[99.16,17.511],[99.175,17.499],[99.169,17.476],[99.176,17.468],[99.169,17.45],[99.189,17.443],[99.191,17.43],[99.206,17.423],[99.214,17.39],[99.227,17.405],[99.26,17.406],[99.27,17.4],[99.275,17.381],[99.271,17.349],[99.278,17.346],[99.277,17.331],[99.286,17.312],[99.297,17.304],[99.303,17.274],[99.34,17.267],[99.372,17.229],[99.374,17.21],[99.395,17.206],[99.401,17.22],[99.42,17.218],[99.419,17.226],[99.429,17.232],[99.44,17.229],[99.445,17.242],[99.441,17.252],[99.455,17.255]]]]}},{"type":"Feature","id":851,"properties":{"id":851,"en":"Thoeng","th":"เทิง","prov":"เชียงราย","code":"57"},"geometry":{"type":"MultiPolygon","coordinates":[[[[100.252,19.635],[100.261,19.649],[100.269,19.642],[100.269,19.647],[100.28,19.652],[100.284,19.644],[100.29,19.643],[100.318,19.65],[100.331,19.679],[100.342,19.688],[100.334,19.703],[100.337,19.709],[100.361,19.716],[100.374,19.708],[100.385,19.71],[100.407,19.736],[100.404,19.753],[100.415,19.781],[100.439,19.791],[100.449,19.826],[100.443,19.835],[100.415,19.835],[100.4,19.849],[100.373,19.853],[100.357,19.871],[100.342,19.874],[100.312,19.818],[100.274,19.781],[100.263,19.78],[100.255,19.763],[100.208,19.769],[100.19,19.792],[100.18,19.794],[100.179,19.806],[100.169,19.809],[100.166,19.801],[100.171,19.799],[100.166,19.799],[100.172,19.796],[100.166,19.795],[100.173,19.782],[100.168,19.759],[100.16,19.751],[100.168,19.73],[100.159,19.71],[100.082,19.719],[100.073,19.725],[100.077,19.733],[100.067,19.742],[100.041,19.745],[100.032,19.743],[100.007,19.71],[100.006,19.67],[99.989,19.647],[99.958,19.647],[99.958,19.625],[99.927,19.623],[99.937,19.62],[99.946,19.626],[99.956,19.618],[99.958,19.6],[99.95,19.582],[99.964,19.57],[99.982,19.568],[99.986,19.588],[100.004,19.589],[100.011,19.563],[100.02,19.559],[100.022,19.542],[100.036,19.534],[100.043,19.538],[100.062,19.51],[100.067,19.515],[100.068,19.54],[100.084,19.552],[100.098,19.555],[100.162,19.543],[100.169,19.566],[100.162,19.574],[100.169,19.576],[100.165,19.585],[100.17,19.587],[100.167,19.591],[100.174,19.598],[100.168,19.602],[100.174,19.611],[100.219,19.611],[100.23,19.606],[100.24,19.626],[100.252,19.635]]]]}},{"type":"Feature","id":853,"properties":{"id":853,"en":"Thong Pha Phum","th":"ทองผาภูมิ","prov":"กาญจนบุรี","code":"71"},"geometry":{"type":"MultiPolygon","coordinates":[[[[98.984,15.18],[98.964,15.206],[98.955,15.247],[98.943,15.253],[98.923,15.247],[98.914,15.266],[98.886,15.275],[98.839,15.253],[98.817,15.233],[98.818,15.217],[98.794,15.207],[98.78,15.209],[98.781,15.199],[98.771,15.196],[98.774,15.189],[98.735,15.163],[98.733,15.149],[98.715,15.154],[98.708,15.147],[98.7,15.153],[98.705,15.137],[98.703,15.119],[98.688,15.114],[98.655,15.081],[98.654,15.053],[98.634,15.009],[98.663,14.958],[98.659,14.949],[98.647,14.948],[98.642,14.935],[98.66,14.911],[98.659,14.9],[98.638,14.896],[98.629,14.854],[98.623,14.854],[98.607,14.898],[98.595,14.892],[98.564,14.914],[98.555,14.908],[98.545,14.909],[98.541,14.897],[98.516,14.878],[98.492,14.884],[98.457,14.868],[98.435,14.932],[98.424,14.927],[98.411,14.932],[98.409,14.911],[98.395,14.935],[98.38,14.932],[98.377,14.951],[98.35,14.933],[98.347,14.92],[98.352,14.916],[98.348,14.907],[98.339,14.905],[98.344,14.897],[98.332,14.897],[98.327,14.887],[98.308,14.892],[98.311,14.905],[98.3,14.92],[98.25,14.916],[98.233,14.897],[98.233,14.884],[98.258,14.86],[98.259,14.844],[98.246,14.832],[98.254,14.814],[98.277,14.797],[98.283,14.772],[98.293,14.769],[98.305,14.732],[98.324,14.71],[98.33,14.705],[98.338,14.71],[98.362,14.689],[98.366,14.667],[98.379,14.654],[98.437,14.613],[98.444,14.593],[98.459,14.578],[98.458,14.545],[98.464,14.53],[98.492,14.54],[98.511,14.478],[98.533,14.443],[98.566,14.498],[98.587,14.495],[98.588,14.504],[98.601,14.508],[98.602,14.517],[98.609,14.514],[98.623,14.529],[98.639,14.519],[98.652,14.53],[98.643,14.538],[98.654,14.543],[98.675,14.534],[98.684,14.523],[98.708,14.519],[98.72,14.502],[98.733,14.509],[98.738,14.521],[98.766,14.517],[98.77,14.529],[98.778,14.53],[98.792,14.524],[98.836,14.558],[98.899,14.51],[98.924,14.529],[98.936,14.531],[98.93,14.552],[98.921,14.558],[98.935,14.572],[98.93,14.586],[98.936,14.598],[98.915,14.604],[98.907,14.622],[98.886,14.638],[98.881,14.681],[98.87,14.701],[98.878,14.704],[98.877,14.716],[98.909,14.748],[98.904,14.765],[98.912,14.77],[98.931,14.759],[98.951,14.761],[98.963,14.777],[98.96,14.802],[98.967,14.807],[98.971,14.825],[98.966,14.829],[98.975,14.838],[98.972,14.849],[98.978,14.86],[98.97,14.864],[98.974,14.925],[98.966,14.93],[98.967,14.965],[98.961,14.97],[98.972,14.976],[98.967,14.986],[98.968,15.002],[98.978,15.017],[98.974,15.023],[98.993,15.034],[99,15.071],[99.012,15.087],[98.997,15.105],[98.999,15.136],[99.008,15.144],[99.002,15.162],[98.984,15.18]]]]}},{"type":"Feature","id":854,"properties":{"id":854,"en":"Thong Saen Khan","th":"ทองแสนขัน","prov":"อุตรดิตถ์","code":"53"},"geometry":{"type":"MultiPolygon","coordinates":[[[[100.645,17.494],[100.64,17.521],[100.616,17.531],[100.576,17.51],[100.568,17.5],[100.554,17.5],[100.537,17.481],[100.524,17.51],[100.5,17.511],[100.5,17.524],[100.487,17.531],[100.492,17.539],[100.463,17.552],[100.446,17.567],[100.441,17.611],[100.428,17.606],[100.425,17.617],[100.414,17.623],[100.394,17.6],[100.353,17.587],[100.335,17.598],[100.315,17.625],[100.294,17.621],[100.287,17.606],[100.268,17.604],[100.265,17.599],[100.263,17.603],[100.255,17.592],[100.227,17.581],[100.231,17.576],[100.199,17.54],[100.23,17.503],[100.243,17.498],[100.247,17.478],[100.243,17.476],[100.255,17.457],[100.246,17.45],[100.248,17.438],[100.233,17.421],[100.243,17.409],[100.275,17.394],[100.289,17.376],[100.298,17.375],[100.307,17.383],[100.323,17.368],[100.329,17.387],[100.348,17.393],[100.356,17.383],[100.391,17.405],[100.421,17.412],[100.427,17.422],[100.435,17.417],[100.447,17.424],[100.454,17.418],[100.481,17.418],[100.501,17.429],[100.514,17.404],[100.53,17.417],[100.593,17.421],[100.603,17.428],[100.603,17.448],[100.613,17.466],[100.645,17.475],[100.645,17.494]]]]}},{"type":"Feature","id":855,"properties":{"id":855,"en":"Thung Chang","th":"ทุ่งช้าง","prov":"น่าน","code":"55"},"geometry":{"type":"MultiPolygon","coordinates":[[[[100.975,19.62],[100.94,19.626],[100.917,19.622],[100.892,19.638],[100.883,19.607],[100.858,19.583],[100.86,19.574],[100.848,19.569],[100.816,19.525],[100.791,19.51],[100.78,19.493],[100.748,19.475],[100.743,19.459],[100.756,19.431],[100.754,19.411],[100.772,19.405],[100.784,19.378],[100.803,19.376],[100.836,19.36],[100.852,19.364],[100.865,19.356],[100.889,19.364],[100.921,19.357],[100.933,19.367],[100.948,19.355],[100.968,19.363],[100.98,19.382],[100.984,19.372],[100.978,19.356],[100.992,19.351],[101,19.338],[101.01,19.338],[101.014,19.348],[101.038,19.36],[101.039,19.37],[101.082,19.382],[101.096,19.428],[101.085,19.438],[101.078,19.47],[101.066,19.468],[101.055,19.476],[101.041,19.476],[101.033,19.493],[101.015,19.488],[101.01,19.502],[101.001,19.504],[101.005,19.514],[101,19.518],[101.01,19.517],[101.01,19.525],[101.015,19.522],[101.003,19.533],[101.005,19.554],[100.982,19.573],[100.961,19.58],[100.964,19.598],[100.974,19.604],[100.975,19.62]]]]}},{"type":"Feature","id":856,"properties":{"id":856,"en":"Thung Fon","th":"","prov":"","code":"41"},"geometry":{"type":"MultiPolygon","coordinates":[[[[103.156,17.592],[103.144,17.575],[103.143,17.54],[103.133,17.524],[103.135,17.507],[103.129,17.498],[103.151,17.479],[103.132,17.444],[103.15,17.442],[103.147,17.428],[103.156,17.417],[103.189,17.418],[103.214,17.444],[103.246,17.444],[103.269,17.43],[103.29,17.468],[103.285,17.482],[103.29,17.484],[103.29,17.499],[103.317,17.524],[103.322,17.547],[103.316,17.557],[103.258,17.551],[103.271,17.531],[103.256,17.512],[103.255,17.518],[103.234,17.521],[103.224,17.53],[103.231,17.542],[103.227,17.582],[103.175,17.579],[103.156,17.592]]]]}},{"type":"Feature","id":857,"properties":{"id":857,"en":"Thung Hua Chang","th":"ทุ่งหัวช้าง","prov":"ลำพูน","code":"51"},"geometry":{"type":"MultiPolygon","coordinates":[[[[98.959,18.166],[98.979,18.139],[98.974,18.115],[98.979,18.081],[98.976,18.066],[98.997,18.042],[98.99,18.035],[98.985,17.996],[98.998,17.976],[98.998,17.964],[99.009,17.955],[99.013,17.936],[99.002,17.915],[99.021,17.879],[99.018,17.862],[99.004,17.843],[99.029,17.836],[99.044,17.845],[99.057,17.813],[99.066,17.813],[99.073,17.82],[99.097,17.808],[99.135,17.821],[99.159,17.808],[99.174,17.81],[99.174,17.815],[99.169,17.817],[99.173,17.822],[99.159,17.843],[99.181,17.846],[99.183,17.861],[99.144,17.901],[99.147,17.911],[99.108,17.913],[99.116,17.946],[99.101,17.948],[99.095,17.955],[99.101,17.984],[99.095,17.996],[99.101,18.001],[99.071,18.061],[99.073,18.083],[99.065,18.139],[99.051,18.163],[99.057,18.175],[99.044,18.196],[99.037,18.2],[99.03,18.191],[99.035,18.175],[99.023,18.162],[98.996,18.171],[98.975,18.163],[98.959,18.173],[98.959,18.166]]]]}},{"type":"Feature","id":858,"properties":{"id":858,"en":"Thung Khao Luang","th":"","prov":"","code":"45"},"geometry":{"type":"MultiPolygon","coordinates":[[[[103.9,15.939],[103.904,15.947],[103.897,15.955],[103.904,15.958],[103.907,15.949],[103.914,15.948],[103.913,15.956],[103.924,15.959],[103.922,15.966],[103.934,15.973],[103.927,15.978],[103.935,15.987],[103.925,16.004],[103.932,16.012],[103.919,16.012],[103.917,15.998],[103.909,16.002],[103.901,16.066],[103.888,16.06],[103.861,16.065],[103.852,16.055],[103.829,16.053],[103.828,16.033],[103.836,16.026],[103.829,16.014],[103.833,16.003],[103.828,15.996],[103.82,16.001],[103.813,15.995],[103.803,15.975],[103.82,15.925],[103.825,15.933],[103.865,15.942],[103.875,15.951],[103.9,15.939]]]]}},{"type":"Feature","id":860,"properties":{"id":860,"en":"Thung Saliam","th":"ทุ่งเสลี่ยม","prov":"สุโขทัย","code":"64"},"geometry":{"type":"MultiPolygon","coordinates":[[[[99.459,17.242],[99.486,17.247],[99.496,17.239],[99.518,17.261],[99.555,17.272],[99.582,17.264],[99.59,17.282],[99.613,17.294],[99.627,17.275],[99.661,17.259],[99.667,17.245],[99.688,17.25],[99.681,17.274],[99.725,17.377],[99.715,17.382],[99.68,17.364],[99.639,17.356],[99.606,17.395],[99.607,17.409],[99.578,17.443],[99.574,17.457],[99.564,17.462],[99.549,17.451],[99.542,17.458],[99.544,17.468],[99.524,17.481],[99.531,17.501],[99.527,17.509],[99.501,17.515],[99.496,17.509],[99.483,17.515],[99.469,17.511],[99.461,17.5],[99.419,17.489],[99.416,17.479],[99.407,17.476],[99.407,17.468],[99.418,17.458],[99.414,17.45],[99.441,17.431],[99.441,17.422],[99.427,17.409],[99.431,17.39],[99.442,17.389],[99.457,17.369],[99.47,17.368],[99.477,17.341],[99.477,17.326],[99.461,17.309],[99.457,17.312],[99.452,17.297],[99.459,17.242]]]]}},{"type":"Feature","id":861,"properties":{"id":861,"en":"Thung Si Udom","th":"ทุ่งศรีอุดม","prov":"อุบลราชธานี","code":"34"},"geometry":{"type":"MultiPolygon","coordinates":[[[[104.838,14.74],[104.85,14.719],[104.876,14.7],[104.877,14.672],[104.891,14.648],[104.901,14.646],[104.918,14.654],[104.949,14.65],[104.957,14.664],[104.973,14.664],[104.977,14.672],[104.985,14.673],[104.949,14.692],[104.964,14.696],[104.962,14.703],[104.97,14.704],[104.969,14.712],[104.987,14.719],[104.986,14.729],[105.002,14.754],[105.003,14.779],[105.013,14.789],[104.995,14.79],[104.953,14.773],[104.955,14.82],[104.961,14.829],[104.957,14.83],[104.898,14.829],[104.887,14.797],[104.856,14.805],[104.846,14.783],[104.818,14.777],[104.82,14.753],[104.838,14.74]]]]}},{"type":"Feature","id":862,"properties":{"id":862,"en":"Thung Song","th":"ทุ่งสง","prov":"นครศรีธรรมราช","code":"80"},"geometry":{"type":"MultiPolygon","coordinates":[[[[99.603,7.983],[99.616,7.988],[99.634,8.011],[99.658,8.013],[99.699,7.991],[99.713,7.99],[99.74,8.009],[99.753,8.008],[99.755,7.996],[99.744,7.987],[99.748,7.983],[99.757,7.986],[99.754,7.971],[99.738,7.949],[99.73,7.953],[99.726,7.941],[99.74,7.927],[99.732,7.901],[99.739,7.875],[99.736,7.864],[99.758,7.87],[99.767,7.888],[99.776,7.892],[99.778,7.904],[99.798,7.91],[99.804,7.945],[99.828,7.964],[99.829,7.972],[99.827,7.98],[99.794,7.995],[99.788,8.01],[99.792,8.027],[99.777,8.042],[99.778,8.06],[99.765,8.068],[99.762,8.079],[99.778,8.129],[99.769,8.144],[99.774,8.161],[99.791,8.17],[99.788,8.183],[99.8,8.196],[99.801,8.201],[99.79,8.2],[99.777,8.211],[99.792,8.234],[99.759,8.242],[99.753,8.271],[99.735,8.273],[99.721,8.302],[99.675,8.29],[99.671,8.266],[99.682,8.241],[99.669,8.223],[99.659,8.22],[99.65,8.228],[99.625,8.228],[99.598,8.207],[99.6,8.225],[99.583,8.23],[99.579,8.242],[99.548,8.246],[99.54,8.244],[99.533,8.231],[99.511,8.236],[99.499,8.218],[99.48,8.214],[99.476,8.2],[99.446,8.188],[99.438,8.161],[99.427,8.149],[99.434,8.123],[99.463,8.121],[99.46,8.134],[99.476,8.143],[99.501,8.124],[99.504,8.143],[99.521,8.144],[99.523,8.079],[99.538,8.08],[99.551,8.039],[99.569,8.034],[99.582,7.992],[99.603,7.983]]]]}},{"type":"Feature","id":863,"properties":{"id":863,"en":"Thung Tako","th":"ทุ่งตะโก","prov":"ชุมพร","code":"86"},"geometry":{"type":"MultiPolygon","coordinates":[[[[99.154,10.065],[99.157,10.082],[99.149,10.093],[99.147,10.12],[99.154,10.142],[99.17,10.152],[99.175,10.172],[99.156,10.185],[99.144,10.156],[99.113,10.158],[99.105,10.15],[99.095,10.158],[99.095,10.165],[99.085,10.168],[99.062,10.151],[99.047,10.15],[99.019,10.137],[98.993,10.141],[98.981,10.12],[98.952,10.119],[98.939,10.11],[98.931,10.118],[98.92,10.079],[98.939,10.053],[98.943,10.013],[98.953,10.013],[98.959,10.021],[98.988,10.016],[99.04,10.053],[99.123,10.019],[99.128,10.028],[99.125,10.057],[99.119,10.058],[99.125,10.071],[99.132,10.074],[99.141,10.065],[99.154,10.065]]]]}},{"type":"Feature","id":864,"properties":{"id":864,"en":"Thung Wa","th":"ทุ่งหว้า","prov":"สตูล","code":"91"},"geometry":{"type":"MultiPolygon","coordinates":[[[[100.028,7.09],[100.026,7.103],[100,7.112],[99.99,7.125],[99.979,7.147],[99.972,7.15],[99.969,7.166],[99.961,7.171],[99.958,7.199],[99.946,7.203],[99.935,7.19],[99.891,7.187],[99.871,7.171],[99.86,7.173],[99.844,7.162],[99.831,7.138],[99.815,7.132],[99.799,7.129],[99.789,7.14],[99.785,7.127],[99.764,7.124],[99.739,7.132],[99.735,7.11],[99.712,7.101],[99.716,7.089],[99.703,7.066],[99.697,7.077],[99.67,7.043],[99.684,7.013],[99.67,7.002],[99.677,6.981],[99.691,6.972],[99.706,6.995],[99.719,6.997],[99.716,6.991],[99.746,6.957],[99.756,6.956],[99.763,6.973],[99.792,6.984],[99.784,7.012],[99.793,7.014],[99.806,7.004],[99.811,7.01],[99.826,7.005],[99.835,7.013],[99.846,7.006],[99.854,7.019],[99.862,7.02],[99.864,7.031],[99.877,7.038],[99.869,7.078],[99.882,7.084],[99.888,7.08],[99.904,7.097],[99.935,7.1],[99.94,7.107],[99.954,7.093],[99.953,7.082],[99.983,7.075],[99.986,7.067],[100.002,7.063],[100.026,7.079],[100.028,7.09]]]]}},{"type":"Feature","id":865,"properties":{"id":865,"en":"Thung Yai","th":"ถ้ำพรรณรา","prov":"นครศรีธรรมราช","code":"80"},"geometry":{"type":"MultiPolygon","coordinates":[[[[99.434,8.123],[99.427,8.149],[99.438,8.161],[99.446,8.188],[99.473,8.197],[99.463,8.232],[99.47,8.271],[99.481,8.283],[99.481,8.302],[99.488,8.305],[99.479,8.339],[99.488,8.346],[99.477,8.351],[99.483,8.384],[99.472,8.399],[99.456,8.399],[99.452,8.41],[99.442,8.411],[99.432,8.402],[99.418,8.412],[99.411,8.404],[99.415,8.396],[99.402,8.398],[99.392,8.387],[99.388,8.391],[99.377,8.388],[99.362,8.404],[99.347,8.394],[99.344,8.408],[99.339,8.401],[99.334,8.412],[99.32,8.413],[99.323,8.418],[99.313,8.424],[99.318,8.438],[99.297,8.458],[99.29,8.456],[99.293,8.471],[99.26,8.448],[99.262,8.437],[99.246,8.404],[99.238,8.401],[99.234,8.386],[99.241,8.367],[99.247,8.367],[99.262,8.35],[99.276,8.351],[99.283,8.316],[99.3,8.315],[99.299,8.306],[99.318,8.294],[99.328,8.294],[99.336,8.268],[99.334,8.257],[99.311,8.234],[99.321,8.218],[99.32,8.197],[99.306,8.19],[99.304,8.17],[99.289,8.164],[99.296,8.132],[99.363,8.133],[99.385,8.144],[99.392,8.11],[99.402,8.124],[99.434,8.123]]]]}},{"type":"Feature","id":866,"properties":{"id":866,"en":"Thung Yang Daeng","th":"ทุ่งยางแดง","prov":"ปัตตานี","code":"94"},"geometry":{"type":"MultiPolygon","coordinates":[[[[101.511,6.676],[101.516,6.699],[101.504,6.71],[101.439,6.708],[101.43,6.643],[101.417,6.631],[101.4,6.634],[101.396,6.624],[101.385,6.625],[101.378,6.617],[101.383,6.602],[101.373,6.599],[101.373,6.582],[101.388,6.568],[101.428,6.594],[101.452,6.577],[101.458,6.598],[101.477,6.594],[101.49,6.606],[101.495,6.606],[101.495,6.599],[101.502,6.604],[101.499,6.638],[101.485,6.669],[101.511,6.676]]]]}},{"type":"Feature","id":867,"properties":{"id":867,"en":"Trakan Phuet Phon","th":"ตระการพืชผล","prov":"อุบลราชธานี","code":"34"},"geometry":{"type":"MultiPolygon","coordinates":[[[[105.059,15.421],[105.098,15.442],[105.103,15.457],[105.122,15.473],[105.134,15.465],[105.137,15.456],[105.147,15.46],[105.16,15.482],[105.174,15.48],[105.182,15.49],[105.191,15.486],[105.202,15.524],[105.199,15.59],[105.206,15.604],[105.197,15.622],[105.234,15.681],[105.261,15.689],[105.247,15.708],[105.251,15.713],[105.233,15.722],[105.225,15.737],[105.211,15.74],[105.212,15.752],[105.197,15.752],[105.193,15.773],[105.181,15.772],[105.18,15.781],[105.147,15.761],[105.132,15.768],[105.107,15.748],[105.104,15.76],[105.089,15.763],[105.068,15.751],[105.061,15.754],[105.043,15.741],[105.041,15.731],[105.035,15.741],[105.04,15.757],[105.034,15.759],[105.015,15.754],[105.007,15.738],[104.99,15.727],[104.962,15.735],[104.963,15.744],[104.956,15.75],[104.944,15.748],[104.923,15.763],[104.916,15.758],[104.907,15.761],[104.904,15.754],[104.906,15.725],[104.891,15.69],[104.895,15.654],[104.929,15.645],[104.934,15.638],[104.927,15.626],[104.931,15.619],[104.924,15.615],[104.926,15.602],[104.909,15.598],[104.885,15.572],[104.896,15.564],[104.886,15.548],[104.889,15.538],[104.9,15.539],[104.903,15.521],[104.918,15.504],[104.935,15.504],[104.932,15.492],[104.943,15.488],[104.938,15.504],[104.948,15.508],[104.943,15.517],[104.957,15.502],[104.954,15.49],[104.97,15.489],[104.962,15.504],[104.978,15.504],[104.977,15.497],[105.002,15.474],[105.013,15.485],[105.034,15.457],[105.025,15.431],[105.044,15.434],[105.059,15.421]]]]}},{"type":"Feature","id":868,"properties":{"id":868,"en":"Tron","th":"ตรอน","prov":"อุตรดิตถ์","code":"53"},"geometry":{"type":"MultiPolygon","coordinates":[[[[99.942,17.536],[99.93,17.517],[99.967,17.492],[99.973,17.495],[99.981,17.486],[99.981,17.473],[99.999,17.467],[100.003,17.458],[100.019,17.459],[100.026,17.453],[100.031,17.436],[100.021,17.424],[100.028,17.42],[100.032,17.427],[100.045,17.423],[100.047,17.431],[100.063,17.42],[100.058,17.433],[100.063,17.444],[100.093,17.424],[100.109,17.42],[100.121,17.406],[100.225,17.39],[100.243,17.39],[100.254,17.403],[100.233,17.421],[100.248,17.438],[100.246,17.45],[100.255,17.457],[100.243,17.476],[100.25,17.478],[100.246,17.494],[100.23,17.503],[100.199,17.54],[100.17,17.549],[100.132,17.526],[100.102,17.521],[100.095,17.512],[100.08,17.512],[100.014,17.48],[99.984,17.511],[99.954,17.521],[99.942,17.536]]]]}},{"type":"Feature","id":869,"properties":{"id":869,"en":"U Thong","th":"อู่ทอง","prov":"สุพรรณบุรี","code":"72"},"geometry":{"type":"MultiPolygon","coordinates":[[[[99.821,14.635],[99.814,14.626],[99.8,14.623],[99.798,14.602],[99.803,14.593],[99.793,14.553],[99.81,14.54],[99.805,14.526],[99.81,14.512],[99.815,14.515],[99.829,14.501],[99.833,14.482],[99.829,14.479],[99.828,14.49],[99.823,14.486],[99.825,14.473],[99.815,14.44],[99.826,14.394],[99.826,14.386],[99.817,14.384],[99.826,14.366],[99.822,14.35],[99.812,14.351],[99.807,14.326],[99.794,14.326],[99.811,14.315],[99.834,14.272],[99.821,14.261],[99.824,14.254],[99.811,14.23],[99.824,14.217],[99.839,14.218],[99.895,14.231],[99.909,14.227],[99.932,14.234],[99.944,14.228],[99.963,14.237],[99.978,14.236],[99.984,14.238],[99.994,14.264],[99.965,14.286],[99.963,14.302],[99.971,14.318],[99.971,14.337],[99.98,14.351],[99.977,14.365],[99.963,14.372],[99.97,14.388],[99.954,14.4],[99.955,14.414],[99.948,14.418],[99.961,14.438],[99.955,14.461],[99.961,14.462],[99.968,14.483],[99.962,14.492],[99.945,14.496],[99.942,14.508],[99.947,14.518],[99.958,14.518],[99.96,14.527],[99.949,14.534],[99.958,14.538],[99.941,14.547],[99.944,14.552],[99.94,14.547],[99.933,14.558],[99.926,14.556],[99.93,14.57],[99.922,14.571],[99.927,14.579],[99.918,14.584],[99.916,14.598],[99.896,14.6],[99.892,14.611],[99.878,14.61],[99.88,14.616],[99.868,14.61],[99.845,14.611],[99.821,14.635]]]]}},{"type":"Feature","id":870,"properties":{"id":870,"en":"Ubolratana","th":"อุบลรัตน์","prov":"ขอนแก่น","code":"40"},"geometry":{"type":"MultiPolygon","coordinates":[[[[102.697,16.633],[102.719,16.637],[102.718,16.659],[102.733,16.669],[102.743,16.693],[102.738,16.711],[102.752,16.728],[102.731,16.738],[102.722,16.752],[102.732,16.758],[102.724,16.774],[102.736,16.796],[102.724,16.834],[102.735,16.844],[102.731,16.88],[102.741,16.895],[102.738,16.9],[102.742,16.905],[102.734,16.928],[102.74,16.936],[102.727,16.944],[102.728,16.954],[102.684,16.958],[102.679,16.966],[102.617,16.82],[102.615,16.78],[102.606,16.772],[102.607,16.707],[102.595,16.685],[102.57,16.661],[102.558,16.624],[102.576,16.627],[102.583,16.645],[102.622,16.661],[102.67,16.659],[102.687,16.653],[102.697,16.633]]]]}},{"type":"Feature","id":871,"properties":{"id":871,"en":"Umphang","th":"อุ้มผาง","prov":"ตาก","code":"63"},"geometry":{"type":"MultiPolygon","coordinates":[[[[99.134,15.798],[99.124,15.814],[99.103,15.821],[99.097,15.831],[99.097,15.871],[99.086,15.884],[99.086,15.915],[99.097,15.931],[99.086,15.948],[99.075,15.951],[99.075,15.962],[99.089,15.979],[99.084,16.027],[99.087,16.041],[99.105,16.049],[99.117,16.075],[99.106,16.088],[99.107,16.102],[99.094,16.103],[99.081,16.125],[99.05,16.138],[99.051,16.161],[99.068,16.165],[99.081,16.209],[99.049,16.26],[99.042,16.292],[99.053,16.309],[99.053,16.323],[99.052,16.334],[99.043,16.339],[99.042,16.375],[99.036,16.384],[99.011,16.375],[98.994,16.38],[98.987,16.373],[98.936,16.39],[98.919,16.384],[98.92,16.37],[98.909,16.347],[98.926,16.344],[98.931,16.325],[98.924,16.307],[98.911,16.298],[98.911,16.269],[98.904,16.255],[98.887,16.248],[98.878,16.23],[98.872,16.239],[98.852,16.22],[98.861,16.198],[98.854,16.193],[98.86,16.187],[98.861,16.17],[98.851,16.161],[98.848,16.128],[98.832,16.126],[98.829,16.117],[98.805,16.104],[98.789,16.111],[98.778,16.129],[98.769,16.12],[98.744,16.119],[98.717,16.124],[98.709,16.135],[98.687,16.133],[98.678,16.127],[98.677,16.112],[98.666,16.111],[98.674,16.096],[98.659,16.083],[98.659,16.072],[98.64,16.062],[98.627,16.063],[98.631,16.051],[98.614,16.04],[98.608,16.043],[98.609,16.061],[98.602,16.065],[98.601,16.073],[98.584,16.075],[98.562,16.044],[98.561,16.032],[98.597,16.008],[98.606,15.989],[98.609,15.973],[98.594,15.959],[98.584,15.918],[98.596,15.875],[98.611,15.876],[98.566,15.763],[98.547,15.682],[98.558,15.652],[98.584,15.66],[98.59,15.644],[98.613,15.645],[98.627,15.639],[98.626,15.627],[98.64,15.638],[98.648,15.633],[98.661,15.598],[98.724,15.518],[98.719,15.506],[98.704,15.51],[98.701,15.504],[98.76,15.471],[98.755,15.441],[98.779,15.423],[98.783,15.408],[98.829,15.356],[98.831,15.346],[98.84,15.348],[98.871,15.325],[98.891,15.29],[98.886,15.275],[98.914,15.266],[98.923,15.247],[98.943,15.253],[98.955,15.247],[98.964,15.206],[98.984,15.18],[98.989,15.187],[99.002,15.185],[99.009,15.208],[99.006,15.239],[99.019,15.246],[99.017,15.265],[99.024,15.279],[99.038,15.288],[99.031,15.303],[99.031,15.336],[99.043,15.346],[99.044,15.376],[99.07,15.396],[99.068,15.421],[99.059,15.439],[99.064,15.472],[99.079,15.499],[99.055,15.526],[99.048,15.555],[99.052,15.564],[99.094,15.582],[99.091,15.59],[99.097,15.611],[99.106,15.615],[99.116,15.632],[99.111,15.668],[99.127,15.695],[99.128,15.723],[99.139,15.731],[99.127,15.768],[99.136,15.789],[99.134,15.798]]]]}},{"type":"Feature","id":872,"properties":{"id":872,"en":"Uthai","th":"อุทัย","prov":"พระนครศรีอยุธยา","code":"14"},"geometry":{"type":"MultiPolygon","coordinates":[[[[100.683,14.299],[100.683,14.308],[100.692,14.309],[100.725,14.3],[100.729,14.303],[100.732,14.298],[100.776,14.319],[100.774,14.337],[100.793,14.364],[100.787,14.37],[100.77,14.363],[100.753,14.381],[100.751,14.398],[100.744,14.405],[100.738,14.4],[100.706,14.402],[100.674,14.412],[100.664,14.408],[100.66,14.416],[100.615,14.393],[100.615,14.359],[100.607,14.357],[100.601,14.346],[100.608,14.34],[100.62,14.347],[100.626,14.336],[100.617,14.336],[100.63,14.323],[100.659,14.323],[100.683,14.299]]]]}},{"type":"Feature","id":873,"properties":{"id":873,"en":"Uthumphon Phisai","th":"","prov":"","code":"33"},"geometry":{"type":"MultiPolygon","coordinates":[[[[104.096,15.276],[104.097,15.269],[104.128,15.263],[104.121,15.248],[104.125,15.234],[104.121,15.204],[104.11,15.189],[104.111,15.161],[104.094,15.163],[104.067,15.133],[104.052,15.132],[104.057,15.112],[104.078,15.108],[104.071,15.099],[104.06,15.101],[104.061,15.088],[104.097,15.058],[104.081,15.017],[104.089,14.995],[104.078,14.981],[104.089,14.97],[104.088,14.952],[104.095,14.938],[104.125,14.945],[104.128,14.958],[104.122,14.966],[104.127,14.976],[104.117,14.981],[104.114,14.99],[104.127,15.011],[104.149,15.022],[104.144,15.026],[104.161,15.034],[104.16,15.042],[104.17,15.041],[104.173,15.048],[104.174,15.043],[104.189,15.048],[104.193,15.043],[104.201,15.053],[104.221,15.052],[104.238,15.071],[104.234,15.076],[104.246,15.077],[104.244,15.085],[104.259,15.091],[104.256,15.101],[104.264,15.098],[104.268,15.107],[104.246,15.162],[104.246,15.181],[104.259,15.194],[104.246,15.202],[104.24,15.273],[104.231,15.262],[104.221,15.262],[104.219,15.253],[104.2,15.234],[104.151,15.249],[104.134,15.275],[104.114,15.282],[104.096,15.276]]]]}},{"type":"Feature","id":875,"properties":{"id":875,"en":"Vibhavadi","th":"วิภาวดี","prov":"สุราษฎร์ธานี","code":"84"},"geometry":{"type":"MultiPolygon","coordinates":[[[[98.771,9.205],[98.876,9.158],[98.891,9.163],[98.895,9.156],[98.908,9.153],[98.915,9.159],[98.951,9.153],[98.963,9.128],[98.971,9.124],[98.985,9.134],[98.995,9.134],[99.005,9.122],[99.027,9.128],[99.016,9.177],[99.019,9.201],[98.998,9.207],[98.985,9.241],[98.955,9.252],[98.95,9.262],[98.934,9.263],[98.933,9.273],[98.913,9.303],[98.896,9.286],[98.876,9.29],[98.861,9.313],[98.843,9.316],[98.838,9.327],[98.827,9.317],[98.792,9.317],[98.781,9.331],[98.789,9.34],[98.785,9.353],[98.766,9.352],[98.736,9.33],[98.728,9.335],[98.714,9.33],[98.702,9.318],[98.684,9.333],[98.697,9.339],[98.702,9.364],[98.669,9.361],[98.65,9.34],[98.647,9.327],[98.661,9.302],[98.669,9.303],[98.685,9.286],[98.724,9.273],[98.728,9.263],[98.717,9.235],[98.734,9.237],[98.742,9.219],[98.764,9.214],[98.771,9.205]]]]}},{"type":"Feature","id":876,"properties":{"id":876,"en":"Wachirabarami","th":"","prov":"","code":"65"},"geometry":{"type":"MultiPolygon","coordinates":[[[[100.014,16.574],[100.011,16.521],[100.025,16.52],[100.035,16.502],[100.003,16.464],[99.994,16.435],[100.036,16.442],[100.057,16.454],[100.065,16.447],[100.089,16.44],[100.116,16.449],[100.172,16.447],[100.176,16.455],[100.164,16.471],[100.173,16.503],[100.188,16.512],[100.196,16.557],[100.192,16.57],[100.167,16.583],[100.171,16.591],[100.154,16.597],[100.15,16.606],[100.14,16.599],[100.119,16.614],[100.087,16.598],[100.089,16.588],[100.075,16.577],[100.044,16.571],[100.032,16.584],[100.014,16.574]]]]}},{"type":"Feature","id":877,"properties":{"id":877,"en":"Waeng","th":"แว้ง","prov":"นราธิวาส","code":"96"},"geometry":{"type":"MultiPolygon","coordinates":[[[[101.925,6.016],[101.898,5.985],[101.872,5.994],[101.862,5.984],[101.846,5.99],[101.831,5.987],[101.824,5.993],[101.81,5.977],[101.814,5.958],[101.805,5.945],[101.809,5.908],[101.795,5.87],[101.819,5.817],[101.818,5.803],[101.804,5.802],[101.801,5.791],[101.825,5.767],[101.837,5.79],[101.867,5.792],[101.861,5.8],[101.88,5.81],[101.88,5.832],[101.896,5.846],[101.917,5.843],[101.943,5.873],[101.933,5.907],[101.922,5.91],[101.921,5.918],[101.931,5.932],[101.93,5.949],[101.944,5.955],[101.94,5.973],[101.947,5.977],[101.946,5.987],[101.949,5.984],[101.925,6.016]]]]}},{"type":"Feature","id":878,"properties":{"id":878,"en":"Waeng Noi","th":"แวงน้อย","prov":"ขอนแก่น","code":"40"},"geometry":{"type":"MultiPolygon","coordinates":[[[[102.453,15.717],[102.461,15.782],[102.48,15.788],[102.506,15.787],[102.508,15.807],[102.5,15.821],[102.509,15.821],[102.51,15.835],[102.499,15.839],[102.51,15.855],[102.516,15.881],[102.495,15.885],[102.482,15.875],[102.444,15.882],[102.425,15.872],[102.408,15.873],[102.361,15.889],[102.352,15.894],[102.353,15.901],[102.338,15.88],[102.335,15.871],[102.32,15.865],[102.321,15.848],[102.316,15.847],[102.324,15.834],[102.319,15.826],[102.326,15.821],[102.327,15.799],[102.363,15.767],[102.359,15.734],[102.363,15.73],[102.375,15.734],[102.404,15.7],[102.421,15.695],[102.453,15.717]]]]}},{"type":"Feature","id":879,"properties":{"id":879,"en":"Waeng Yai","th":"แวงใหญ่","prov":"ขอนแก่น","code":"40"},"geometry":{"type":"MultiPolygon","coordinates":[[[[102.427,15.995],[102.423,15.991],[102.421,15.998],[102.418,15.991],[102.413,15.995],[102.413,15.985],[102.404,15.981],[102.392,15.987],[102.39,15.978],[102.384,15.986],[102.386,15.981],[102.372,15.975],[102.372,15.968],[102.365,15.965],[102.375,15.946],[102.369,15.948],[102.364,15.932],[102.355,15.931],[102.362,15.929],[102.352,15.894],[102.379,15.887],[102.408,15.873],[102.425,15.872],[102.444,15.882],[102.482,15.875],[102.495,15.885],[102.505,15.88],[102.516,15.881],[102.517,15.889],[102.542,15.887],[102.563,15.896],[102.567,15.907],[102.575,15.904],[102.582,15.911],[102.584,15.922],[102.574,15.925],[102.567,15.942],[102.554,15.952],[102.561,15.963],[102.554,15.968],[102.533,15.966],[102.529,15.975],[102.5,15.979],[102.482,15.962],[102.475,15.962],[102.443,15.976],[102.427,15.995]]]]}},{"type":"Feature","id":880,"properties":{"id":880,"en":"Wan Yai","th":"หว้านใหญ่","prov":"มุกดาหาร","code":"49"},"geometry":{"type":"MultiPolygon","coordinates":[[[[104.742,16.626],[104.764,16.7],[104.759,16.741],[104.746,16.764],[104.737,16.805],[104.721,16.809],[104.717,16.829],[104.693,16.824],[104.692,16.79],[104.707,16.787],[104.718,16.77],[104.713,16.762],[104.697,16.736],[104.707,16.729],[104.692,16.729],[104.693,16.704],[104.713,16.699],[104.704,16.686],[104.706,16.674],[104.693,16.678],[104.694,16.65],[104.713,16.645],[104.73,16.626],[104.742,16.626]]]]}},{"type":"Feature","id":881,"properties":{"id":881,"en":"Wang Chan","th":"วังจันทร์","prov":"ระยอง","code":"21"},"geometry":{"type":"MultiPolygon","coordinates":[[[[101.482,12.868],[101.502,12.869],[101.506,12.849],[101.552,12.831],[101.551,12.842],[101.571,12.841],[101.577,12.834],[101.586,12.84],[101.585,12.856],[101.602,12.873],[101.584,12.916],[101.589,12.926],[101.576,12.94],[101.575,12.959],[101.564,12.976],[101.573,12.993],[101.585,13.002],[101.582,13.01],[101.591,13.01],[101.603,13.034],[101.599,13.057],[101.583,13.062],[101.592,13.092],[101.582,13.098],[101.578,13.109],[101.574,13.087],[101.568,13.088],[101.559,13.077],[101.544,13.071],[101.522,13.077],[101.512,13.067],[101.514,13.059],[101.485,13.058],[101.489,13.051],[101.477,13.048],[101.469,13.052],[101.464,13.042],[101.473,13.032],[101.47,13.026],[101.436,13.052],[101.42,13.039],[101.417,13.027],[101.394,13.025],[101.404,13.011],[101.408,12.992],[101.416,12.986],[101.416,12.969],[101.438,12.951],[101.492,12.936],[101.484,12.924],[101.448,12.903],[101.449,12.895],[101.464,12.885],[101.489,12.885],[101.482,12.868]]]]}},{"type":"Feature","id":882,"properties":{"id":882,"en":"Wang Chao","th":"วังเจ้า","prov":"ตาก","code":"63"},"geometry":{"type":"MultiPolygon","coordinates":[[[[99.271,16.685],[99.261,16.706],[99.229,16.731],[99.183,16.787],[99.161,16.801],[99.148,16.79],[99.146,16.767],[99.137,16.753],[99.11,16.766],[99.101,16.76],[99.1,16.752],[99.088,16.752],[99.071,16.731],[99.051,16.727],[99.033,16.704],[99.021,16.707],[98.999,16.7],[99.01,16.688],[99.009,16.676],[99.023,16.663],[99.013,16.655],[99.013,16.643],[99.032,16.622],[99.02,16.618],[99.018,16.611],[99.034,16.587],[99.021,16.576],[98.992,16.576],[98.981,16.56],[98.969,16.563],[98.995,16.541],[99.016,16.498],[99.037,16.486],[99.032,16.468],[99.037,16.46],[99.034,16.43],[99.074,16.467],[99.099,16.473],[99.107,16.481],[99.122,16.474],[99.14,16.5],[99.154,16.499],[99.162,16.507],[99.166,16.503],[99.174,16.511],[99.168,16.511],[99.171,16.522],[99.181,16.532],[99.191,16.531],[99.191,16.539],[99.2,16.531],[99.219,16.528],[99.24,16.534],[99.248,16.55],[99.245,16.554],[99.256,16.569],[99.25,16.59],[99.255,16.603],[99.243,16.619],[99.241,16.642],[99.247,16.644],[99.247,16.663],[99.272,16.669],[99.271,16.685]]]]}},{"type":"Feature","id":883,"properties":{"id":883,"en":"Wang Chin","th":"วังชิ้น","prov":"แพร่","code":"54"},"geometry":{"type":"MultiPolygon","coordinates":[[[[99.877,17.925],[99.868,17.939],[99.856,17.939],[99.837,17.924],[99.81,17.93],[99.792,17.925],[99.783,17.931],[99.739,17.924],[99.721,17.914],[99.676,17.904],[99.654,17.902],[99.634,17.911],[99.631,17.933],[99.643,17.939],[99.634,17.947],[99.653,17.944],[99.667,17.947],[99.668,17.954],[99.663,17.955],[99.676,17.957],[99.678,17.985],[99.687,17.994],[99.689,18.009],[99.669,18.042],[99.659,18.041],[99.65,18.057],[99.628,18.061],[99.619,18.049],[99.61,18.05],[99.601,18.04],[99.585,18.035],[99.594,18.008],[99.564,17.991],[99.558,17.974],[99.523,17.957],[99.498,17.927],[99.483,17.92],[99.475,17.894],[99.429,17.858],[99.411,17.825],[99.393,17.815],[99.385,17.79],[99.369,17.778],[99.381,17.755],[99.377,17.727],[99.386,17.722],[99.38,17.712],[99.389,17.697],[99.387,17.688],[99.422,17.71],[99.449,17.709],[99.458,17.722],[99.464,17.737],[99.482,17.745],[99.488,17.764],[99.515,17.783],[99.519,17.797],[99.544,17.811],[99.599,17.822],[99.63,17.814],[99.651,17.796],[99.671,17.799],[99.686,17.777],[99.691,17.759],[99.707,17.758],[99.71,17.738],[99.726,17.722],[99.736,17.723],[99.753,17.739],[99.757,17.749],[99.751,17.752],[99.765,17.761],[99.782,17.791],[99.797,17.792],[99.811,17.804],[99.832,17.803],[99.837,17.797],[99.849,17.802],[99.86,17.798],[99.869,17.805],[99.883,17.803],[99.884,17.81],[99.891,17.804],[99.912,17.823],[99.908,17.84],[99.932,17.845],[99.937,17.853],[99.921,17.864],[99.923,17.873],[99.909,17.874],[99.905,17.884],[99.893,17.879],[99.884,17.894],[99.875,17.897],[99.877,17.925]]]]}},{"type":"Feature","id":884,"properties":{"id":884,"en":"Wang Hin","th":"","prov":"","code":"33"},"geometry":{"type":"MultiPolygon","coordinates":[[[[104.293,14.887],[104.302,14.889],[104.299,15.026],[104.288,15.034],[104.273,15.012],[104.25,15.013],[104.249,15.026],[104.208,15.055],[104.193,15.043],[104.189,15.048],[104.174,15.043],[104.173,15.048],[104.17,15.041],[104.16,15.042],[104.161,15.034],[104.144,15.026],[104.148,15.018],[104.13,15.01],[104.114,14.99],[104.117,14.981],[104.127,14.976],[104.122,14.966],[104.128,14.958],[104.124,14.94],[104.134,14.933],[104.136,14.906],[104.144,14.894],[104.193,14.882],[104.218,14.895],[104.272,14.897],[104.293,14.887]]]]}},{"type":"Feature","id":885,"properties":{"id":885,"en":"Wang Muang","th":"วังม่วง","prov":"สระบุรี","code":"19"},"geometry":{"type":"MultiPolygon","coordinates":[[[[101.075,14.731],[101.083,14.716],[101.089,14.718],[101.088,14.71],[101.115,14.7],[101.145,14.742],[101.157,14.748],[101.157,14.769],[101.176,14.775],[101.18,14.793],[101.202,14.814],[101.219,14.819],[101.228,14.833],[101.226,14.845],[101.211,14.859],[101.219,14.919],[101.191,14.921],[101.152,14.897],[101.123,14.902],[101.094,14.907],[101.081,14.88],[101.093,14.85],[101.083,14.843],[101.08,14.851],[101.078,14.844],[101.065,14.84],[101.068,14.831],[101.079,14.836],[101.089,14.831],[101.078,14.818],[101.082,14.811],[101.069,14.814],[101.073,14.791],[101.062,14.789],[101.074,14.764],[101.063,14.762],[101.055,14.749],[101.06,14.735],[101.053,14.721],[101.063,14.72],[101.067,14.732],[101.075,14.731]]]]}},{"type":"Feature","id":886,"properties":{"id":886,"en":"Wang Nam Khiao","th":"วังน้ำเขียว","prov":"นครราชสีมา","code":"30"},"geometry":{"type":"MultiPolygon","coordinates":[[[[102.047,14.545],[102.016,14.564],[102.013,14.579],[101.996,14.583],[101.99,14.566],[101.97,14.569],[101.95,14.556],[101.947,14.548],[101.915,14.548],[101.893,14.536],[101.873,14.499],[101.857,14.499],[101.835,14.516],[101.831,14.507],[101.813,14.511],[101.803,14.505],[101.781,14.517],[101.78,14.506],[101.773,14.517],[101.764,14.518],[101.765,14.538],[101.756,14.546],[101.787,14.609],[101.754,14.605],[101.757,14.622],[101.744,14.64],[101.732,14.644],[101.72,14.632],[101.709,14.636],[101.704,14.624],[101.685,14.626],[101.689,14.615],[101.68,14.592],[101.684,14.582],[101.673,14.576],[101.689,14.573],[101.714,14.532],[101.731,14.532],[101.724,14.528],[101.716,14.505],[101.744,14.501],[101.729,14.478],[101.735,14.472],[101.732,14.466],[101.716,14.455],[101.707,14.457],[101.693,14.466],[101.696,14.471],[101.69,14.478],[101.687,14.471],[101.677,14.473],[101.677,14.49],[101.664,14.48],[101.649,14.485],[101.64,14.473],[101.647,14.424],[101.632,14.42],[101.623,14.428],[101.619,14.417],[101.631,14.406],[101.649,14.404],[101.649,14.393],[101.658,14.39],[101.709,14.335],[101.742,14.308],[101.75,14.325],[101.749,14.349],[101.772,14.345],[101.788,14.36],[101.812,14.348],[101.84,14.365],[101.839,14.352],[101.859,14.342],[101.878,14.323],[101.892,14.321],[101.894,14.331],[101.929,14.327],[101.943,14.302],[101.928,14.288],[101.944,14.248],[101.982,14.238],[101.967,14.228],[101.995,14.231],[102.02,14.249],[102.001,14.282],[102.011,14.287],[102.011,14.296],[102.021,14.299],[102.025,14.318],[102.045,14.325],[102.049,14.344],[102.065,14.348],[102.07,14.357],[102.055,14.391],[102.069,14.406],[102.054,14.408],[102.063,14.425],[102.045,14.452],[102.046,14.47],[102.04,14.479],[102.051,14.513],[102.031,14.522],[102.045,14.531],[102.042,14.539],[102.047,14.545]]]]}},{"type":"Feature","id":887,"properties":{"id":887,"en":"Wang Nam Yen","th":"วังน้ำเย็น","prov":"สระแก้ว","code":"27"},"geometry":{"type":"MultiPolygon","coordinates":[[[[101.937,13.478],[101.943,13.461],[101.941,13.44],[101.948,13.433],[101.96,13.44],[101.987,13.429],[102.039,13.443],[102.062,13.436],[102.076,13.453],[102.077,13.448],[102.094,13.442],[102.104,13.45],[102.144,13.449],[102.163,13.472],[102.168,13.466],[102.201,13.468],[102.219,13.481],[102.207,13.49],[102.194,13.524],[102.184,13.527],[102.187,13.539],[102.197,13.544],[102.179,13.574],[102.182,13.582],[102.163,13.595],[102.154,13.612],[102.131,13.626],[102.141,13.628],[102.153,13.652],[102.148,13.658],[102.117,13.662],[102.092,13.64],[102.087,13.644],[102.083,13.632],[102.095,13.618],[102.078,13.6],[102.095,13.586],[102.096,13.578],[102.076,13.569],[102.043,13.575],[102.034,13.557],[102.026,13.565],[102.023,13.559],[102,13.558],[101.997,13.541],[101.988,13.538],[101.983,13.524],[101.968,13.523],[101.961,13.505],[101.955,13.504],[101.956,13.495],[101.944,13.493],[101.937,13.478]]]]}},{"type":"Feature","id":888,"properties":{"id":888,"en":"Wang Noi","th":"วังน้อย","prov":"พระนครศรีอยุธยา","code":"14"},"geometry":{"type":"MultiPolygon","coordinates":[[[[100.62,14.143],[100.821,14.243],[100.823,14.33],[100.785,14.323],[100.732,14.298],[100.714,14.307],[100.683,14.308],[100.681,14.286],[100.674,14.275],[100.677,14.268],[100.635,14.231],[100.647,14.223],[100.644,14.212],[100.628,14.207],[100.614,14.193],[100.619,14.19],[100.62,14.143]]]]}},{"type":"Feature","id":889,"properties":{"id":889,"en":"Wang Nuea","th":"วังเหนือ","prov":"ลำปาง","code":"52"},"geometry":{"type":"MultiPolygon","coordinates":[[[[99.757,18.976],[99.761,18.981],[99.755,19.006],[99.766,19.017],[99.752,19.047],[99.765,19.053],[99.774,19.076],[99.764,19.09],[99.759,19.134],[99.744,19.142],[99.739,19.159],[99.726,19.17],[99.729,19.181],[99.703,19.245],[99.705,19.276],[99.698,19.305],[99.708,19.33],[99.708,19.344],[99.691,19.36],[99.696,19.381],[99.685,19.382],[99.677,19.392],[99.632,19.385],[99.565,19.418],[99.563,19.404],[99.576,19.389],[99.581,19.352],[99.573,19.346],[99.581,19.338],[99.576,19.326],[99.581,19.311],[99.578,19.294],[99.571,19.294],[99.564,19.284],[99.559,19.257],[99.548,19.251],[99.549,19.225],[99.541,19.206],[99.546,19.191],[99.537,19.164],[99.56,19.143],[99.56,19.134],[99.539,19.111],[99.538,19.086],[99.526,19.077],[99.525,19.067],[99.549,19.054],[99.528,19.025],[99.537,19.015],[99.549,18.969],[99.562,18.964],[99.56,18.949],[99.569,18.947],[99.589,18.928],[99.589,18.914],[99.574,18.915],[99.576,18.901],[99.616,18.901],[99.614,18.915],[99.647,18.936],[99.641,18.945],[99.65,18.958],[99.661,18.953],[99.668,18.977],[99.704,18.986],[99.709,18.979],[99.728,18.984],[99.757,18.976]]]]}},{"type":"Feature","id":890,"properties":{"id":890,"en":"Wang Pong","th":"วังโป่ง","prov":"เพชรบูรณ์","code":"67"},"geometry":{"type":"MultiPolygon","coordinates":[[[[100.942,16.309],[100.971,16.319],[100.994,16.352],[100.994,16.366],[100.983,16.381],[100.941,16.394],[100.923,16.412],[100.909,16.411],[100.884,16.444],[100.843,16.437],[100.837,16.43],[100.82,16.435],[100.817,16.443],[100.805,16.448],[100.787,16.45],[100.776,16.441],[100.772,16.426],[100.763,16.432],[100.743,16.419],[100.709,16.419],[100.701,16.404],[100.707,16.385],[100.662,16.343],[100.651,16.321],[100.65,16.297],[100.658,16.282],[100.678,16.271],[100.676,16.259],[100.667,16.251],[100.674,16.25],[100.694,16.248],[100.709,16.265],[100.718,16.257],[100.74,16.256],[100.755,16.264],[100.763,16.26],[100.813,16.285],[100.823,16.284],[100.83,16.27],[100.839,16.268],[100.848,16.29],[100.846,16.314],[100.864,16.332],[100.913,16.319],[100.921,16.302],[100.942,16.309]]]]}},{"type":"Feature","id":891,"properties":{"id":891,"en":"Wang Sai Phun","th":"วังทรายพูน","prov":"พิจิตร","code":"66"},"geometry":{"type":"MultiPolygon","coordinates":[[[[100.481,16.295],[100.523,16.303],[100.542,16.294],[100.562,16.294],[100.572,16.303],[100.626,16.319],[100.62,16.347],[100.623,16.362],[100.636,16.375],[100.634,16.395],[100.606,16.412],[100.607,16.417],[100.593,16.417],[100.568,16.46],[100.554,16.466],[100.548,16.46],[100.521,16.462],[100.474,16.467],[100.436,16.454],[100.421,16.433],[100.412,16.453],[100.414,16.442],[100.402,16.427],[100.414,16.421],[100.44,16.434],[100.479,16.434],[100.479,16.426],[100.508,16.417],[100.521,16.395],[100.528,16.393],[100.524,16.376],[100.489,16.385],[100.479,16.381],[100.467,16.364],[100.468,16.341],[100.478,16.339],[100.473,16.323],[100.481,16.32],[100.481,16.295]]]]}},{"type":"Feature","id":892,"properties":{"id":892,"en":"Wang Sam Mo","th":"วังสามหมอ","prov":"อุดรธานี","code":"41"},"geometry":{"type":"MultiPolygon","coordinates":[[[[103.373,17.153],[103.376,17.131],[103.365,17.135],[103.36,17.13],[103.36,17.098],[103.345,17.067],[103.347,17.048],[103.331,17.047],[103.326,17.031],[103.354,17.026],[103.339,17.002],[103.322,16.997],[103.317,16.98],[103.328,16.967],[103.33,16.924],[103.35,16.921],[103.37,16.903],[103.38,16.906],[103.405,16.882],[103.413,16.865],[103.401,16.855],[103.409,16.85],[103.416,16.831],[103.413,16.808],[103.422,16.803],[103.437,16.817],[103.45,16.834],[103.443,16.847],[103.455,16.866],[103.47,16.875],[103.472,16.886],[103.48,16.887],[103.484,16.904],[103.491,16.903],[103.494,16.927],[103.487,16.94],[103.494,16.952],[103.494,16.97],[103.5,16.968],[103.502,16.983],[103.52,16.999],[103.515,17.027],[103.519,17.034],[103.511,17.036],[103.515,17.041],[103.507,17.044],[103.519,17.05],[103.52,17.059],[103.537,17.066],[103.535,17.071],[103.548,17.08],[103.548,17.089],[103.575,17.091],[103.579,17.102],[103.592,17.094],[103.601,17.1],[103.602,17.095],[103.607,17.1],[103.621,17.093],[103.628,17.076],[103.639,17.071],[103.64,17.058],[103.653,17.048],[103.647,17.024],[103.662,17.02],[103.66,17.037],[103.666,17.054],[103.654,17.074],[103.668,17.106],[103.658,17.113],[103.637,17.112],[103.622,17.149],[103.615,17.15],[103.601,17.169],[103.59,17.171],[103.568,17.157],[103.555,17.172],[103.475,17.218],[103.47,17.23],[103.463,17.217],[103.434,17.212],[103.411,17.193],[103.404,17.172],[103.386,17.167],[103.373,17.153]]]]}},{"type":"Feature","id":893,"properties":{"id":893,"en":"Wang Saphung","th":"วังสะพุง","prov":"เลย","code":"42"},"geometry":{"type":"MultiPolygon","coordinates":[[[[101.47,17.172],[101.606,17.169],[101.649,17.186],[101.68,17.188],[101.717,17.205],[101.751,17.207],[101.768,17.171],[101.793,17.184],[101.8,17.196],[101.816,17.188],[101.83,17.173],[101.833,17.162],[101.824,17.156],[101.826,17.151],[101.839,17.146],[101.845,17.151],[101.859,17.142],[101.88,17.15],[101.913,17.134],[101.975,17.142],[101.982,17.154],[101.966,17.162],[101.965,17.186],[101.957,17.183],[101.948,17.194],[101.949,17.205],[101.942,17.215],[101.961,17.24],[101.929,17.267],[101.916,17.268],[101.902,17.28],[101.914,17.288],[101.921,17.309],[101.893,17.329],[101.884,17.359],[101.866,17.363],[101.877,17.382],[101.871,17.398],[101.857,17.407],[101.865,17.418],[101.847,17.414],[101.843,17.4],[101.834,17.406],[101.833,17.391],[101.797,17.375],[101.761,17.402],[101.753,17.397],[101.743,17.374],[101.724,17.38],[101.697,17.368],[101.681,17.376],[101.661,17.37],[101.655,17.379],[101.639,17.357],[101.619,17.374],[101.618,17.383],[101.573,17.418],[101.565,17.441],[101.547,17.449],[101.527,17.438],[101.516,17.41],[101.525,17.4],[101.511,17.373],[101.517,17.366],[101.516,17.342],[101.538,17.321],[101.527,17.3],[101.531,17.276],[101.488,17.285],[101.472,17.28],[101.48,17.266],[101.473,17.261],[101.479,17.252],[101.467,17.205],[101.47,17.172]]]]}},{"type":"Feature","id":894,"properties":{"id":894,"en":"Wang Sombun","th":"วังสมบูรณ์","prov":"สระแก้ว","code":"27"},"geometry":{"type":"MultiPolygon","coordinates":[[[[102.028,13.237],[102.057,13.241],[102.061,13.252],[102.109,13.265],[102.118,13.278],[102.118,13.304],[102.13,13.336],[102.15,13.319],[102.166,13.324],[102.181,13.314],[102.19,13.292],[102.216,13.311],[102.243,13.286],[102.277,13.29],[102.286,13.308],[102.281,13.318],[102.273,13.318],[102.274,13.331],[102.24,13.345],[102.222,13.358],[102.222,13.365],[102.224,13.408],[102.234,13.417],[102.237,13.43],[102.235,13.467],[102.242,13.469],[102.223,13.483],[102.189,13.465],[102.168,13.466],[102.163,13.472],[102.144,13.449],[102.104,13.45],[102.094,13.442],[102.077,13.448],[102.076,13.453],[102.062,13.436],[102.039,13.443],[101.987,13.429],[101.956,13.439],[101.952,13.433],[101.977,13.409],[101.973,13.39],[101.982,13.38],[101.983,13.355],[101.99,13.352],[101.986,13.336],[102.005,13.311],[102.012,13.29],[102.035,13.283],[102.028,13.267],[102.028,13.237]]]]}},{"type":"Feature","id":895,"properties":{"id":895,"en":"Wang Thong","th":"วังทอง","prov":"พิษณุโลก","code":"65"},"geometry":{"type":"MultiPolygon","coordinates":[[[[100.484,16.552],[100.516,16.57],[100.526,16.566],[100.559,16.572],[100.602,16.607],[100.598,16.623],[100.581,16.639],[100.581,16.651],[100.565,16.677],[100.557,16.719],[100.583,16.726],[100.592,16.752],[100.615,16.756],[100.632,16.796],[100.647,16.789],[100.661,16.768],[100.71,16.771],[100.73,16.754],[100.784,16.745],[100.79,16.736],[100.841,16.72],[100.847,16.734],[100.855,16.734],[100.874,16.713],[100.869,16.7],[100.886,16.677],[100.886,16.666],[100.915,16.67],[100.923,16.663],[100.933,16.681],[100.943,16.681],[100.938,16.687],[100.929,16.686],[100.934,16.696],[100.924,16.702],[100.923,16.712],[100.931,16.711],[100.931,16.717],[100.914,16.731],[100.923,16.746],[100.92,16.759],[100.901,16.76],[100.895,16.771],[100.906,16.783],[100.896,16.823],[100.883,16.835],[100.867,16.832],[100.854,16.846],[100.834,16.845],[100.829,16.853],[100.841,16.864],[100.842,16.875],[100.818,16.858],[100.812,16.868],[100.803,16.864],[100.799,16.878],[100.786,16.888],[100.775,16.878],[100.718,16.875],[100.691,16.879],[100.686,16.901],[100.691,16.922],[100.673,16.942],[100.657,16.98],[100.646,16.98],[100.647,16.997],[100.635,17.005],[100.597,17.053],[100.597,17.061],[100.607,17.074],[100.601,17.101],[100.615,17.112],[100.61,17.118],[100.614,17.148],[100.596,17.124],[100.59,17.129],[100.562,17.124],[100.532,17.111],[100.523,17.097],[100.508,17.102],[100.501,17.093],[100.477,17.092],[100.483,17.08],[100.476,17.081],[100.453,17.05],[100.463,17.037],[100.457,17.029],[100.458,17.013],[100.482,16.989],[100.498,16.925],[100.489,16.917],[100.485,16.9],[100.458,16.888],[100.449,16.874],[100.434,16.877],[100.433,16.869],[100.407,16.856],[100.385,16.853],[100.362,16.822],[100.353,16.821],[100.351,16.815],[100.348,16.82],[100.341,16.813],[100.337,16.816],[100.34,16.801],[100.334,16.803],[100.332,16.793],[100.32,16.787],[100.309,16.79],[100.308,16.783],[100.302,16.788],[100.306,16.771],[100.302,16.75],[100.308,16.734],[100.3,16.725],[100.306,16.72],[100.304,16.709],[100.322,16.709],[100.336,16.701],[100.366,16.661],[100.38,16.659],[100.378,16.643],[100.383,16.647],[100.388,16.642],[100.413,16.655],[100.429,16.641],[100.44,16.619],[100.469,16.608],[100.484,16.552]]]]}},{"type":"Feature","id":897,"properties":{"id":897,"en":"Wang Wiset","th":"วังวิเศษ","prov":"ตรัง","code":"92"},"geometry":{"type":"MultiPolygon","coordinates":[[[[99.365,7.945],[99.365,7.938],[99.355,7.932],[99.334,7.929],[99.339,7.911],[99.332,7.883],[99.32,7.869],[99.297,7.864],[99.279,7.849],[99.294,7.825],[99.314,7.817],[99.336,7.823],[99.36,7.787],[99.361,7.755],[99.349,7.744],[99.344,7.728],[99.354,7.697],[99.364,7.693],[99.368,7.674],[99.362,7.651],[99.364,7.603],[99.376,7.604],[99.381,7.616],[99.389,7.617],[99.405,7.61],[99.411,7.587],[99.416,7.602],[99.437,7.591],[99.44,7.582],[99.446,7.581],[99.447,7.591],[99.458,7.592],[99.47,7.583],[99.473,7.569],[99.492,7.563],[99.499,7.574],[99.494,7.586],[99.463,7.607],[99.466,7.62],[99.501,7.622],[99.51,7.651],[99.525,7.659],[99.53,7.651],[99.54,7.648],[99.539,7.667],[99.548,7.67],[99.564,7.72],[99.548,7.733],[99.544,7.725],[99.54,7.73],[99.529,7.726],[99.517,7.708],[99.501,7.717],[99.496,7.705],[99.485,7.702],[99.485,7.711],[99.473,7.708],[99.459,7.738],[99.438,7.743],[99.431,7.758],[99.435,7.786],[99.425,7.794],[99.418,7.841],[99.437,7.85],[99.446,7.845],[99.452,7.853],[99.443,7.864],[99.448,7.872],[99.427,7.875],[99.42,7.884],[99.414,7.898],[99.425,7.928],[99.398,7.925],[99.365,7.945]]]]}},{"type":"Feature","id":898,"properties":{"id":898,"en":"Wang Yang","th":"วังยาง","prov":"นครพนม","code":"48"},"geometry":{"type":"MultiPolygon","coordinates":[[[[104.397,17.034],[104.416,17.037],[104.418,17.02],[104.412,17.01],[104.431,17.002],[104.493,17.03],[104.494,17.048],[104.52,17.053],[104.529,17.063],[104.517,17.097],[104.506,17.099],[104.498,17.115],[104.461,17.114],[104.409,17.139],[104.393,17.122],[104.392,17.112],[104.372,17.103],[104.366,17.106],[104.359,17.095],[104.362,17.073],[104.351,17.069],[104.353,17.06],[104.362,17.065],[104.363,17.057],[104.384,17.046],[104.383,17.036],[104.397,17.034]]]]}},{"type":"Feature","id":899,"properties":{"id":899,"en":"Wanon Niwat","th":"วานรนิวาส","prov":"สกลนคร","code":"47"},"geometry":{"type":"MultiPolygon","coordinates":[[[[103.9,17.733],[103.885,17.737],[103.863,17.729],[103.866,17.74],[103.855,17.742],[103.852,17.728],[103.841,17.726],[103.805,17.757],[103.797,17.774],[103.771,17.766],[103.761,17.755],[103.721,17.79],[103.715,17.783],[103.707,17.791],[103.674,17.787],[103.658,17.795],[103.633,17.826],[103.592,17.811],[103.583,17.814],[103.584,17.806],[103.569,17.791],[103.542,17.785],[103.536,17.77],[103.515,17.762],[103.512,17.755],[103.524,17.752],[103.534,17.735],[103.576,17.73],[103.593,17.709],[103.59,17.699],[103.596,17.685],[103.576,17.661],[103.617,17.599],[103.63,17.591],[103.638,17.603],[103.643,17.597],[103.646,17.601],[103.65,17.592],[103.66,17.595],[103.661,17.586],[103.669,17.584],[103.668,17.572],[103.658,17.564],[103.663,17.555],[103.643,17.534],[103.657,17.506],[103.661,17.502],[103.648,17.486],[103.657,17.475],[103.669,17.433],[103.675,17.439],[103.685,17.438],[103.688,17.444],[103.698,17.437],[103.707,17.446],[103.71,17.439],[103.728,17.443],[103.741,17.431],[103.75,17.441],[103.769,17.436],[103.781,17.444],[103.786,17.439],[103.797,17.46],[103.826,17.485],[103.848,17.485],[103.848,17.474],[103.857,17.465],[103.876,17.465],[103.893,17.473],[103.909,17.504],[103.907,17.518],[103.92,17.534],[103.931,17.534],[103.945,17.546],[103.936,17.549],[103.931,17.562],[103.924,17.56],[103.904,17.57],[103.894,17.581],[103.888,17.63],[103.892,17.66],[103.879,17.677],[103.878,17.692],[103.884,17.715],[103.896,17.719],[103.9,17.733]]]]}},{"type":"Feature","id":900,"properties":{"id":900,"en":"Wapi Pathum","th":"วาปีปทุม","prov":"มหาสารคาม","code":"44"},"geometry":{"type":"MultiPolygon","coordinates":[[[[103.149,15.864],[103.165,15.85],[103.176,15.852],[103.154,15.833],[103.158,15.812],[103.169,15.817],[103.188,15.796],[103.196,15.8],[103.22,15.793],[103.232,15.806],[103.228,15.789],[103.234,15.786],[103.241,15.785],[103.258,15.799],[103.29,15.797],[103.289,15.792],[103.32,15.766],[103.345,15.717],[103.352,15.726],[103.391,15.709],[103.413,15.712],[103.423,15.728],[103.421,15.74],[103.41,15.745],[103.4,15.76],[103.426,15.773],[103.44,15.799],[103.434,15.809],[103.44,15.816],[103.437,15.839],[103.444,15.869],[103.458,15.894],[103.457,15.908],[103.488,15.931],[103.463,15.972],[103.463,16.009],[103.443,16.005],[103.419,16.016],[103.41,16.009],[103.39,16.008],[103.393,15.999],[103.386,15.987],[103.372,15.983],[103.338,15.984],[103.284,15.965],[103.261,15.977],[103.249,15.976],[103.25,15.949],[103.263,15.934],[103.259,15.926],[103.265,15.92],[103.258,15.909],[103.248,15.907],[103.251,15.895],[103.239,15.888],[103.23,15.891],[103.221,15.874],[103.196,15.875],[103.149,15.864]]]]}},{"type":"Feature","id":901,"properties":{"id":901,"en":"Warin Chamrap","th":"วารินชำราบ","prov":"อุบลราชธานี","code":"34"},"geometry":{"type":"MultiPolygon","coordinates":[[[[104.972,15.039],[104.971,15.056],[104.985,15.072],[104.984,15.081],[105.005,15.097],[105.004,15.111],[104.993,15.126],[105.001,15.149],[104.991,15.165],[104.988,15.187],[104.964,15.208],[104.955,15.205],[104.941,15.234],[104.921,15.224],[104.891,15.233],[104.871,15.222],[104.852,15.222],[104.839,15.206],[104.816,15.205],[104.793,15.208],[104.796,15.215],[104.812,15.218],[104.813,15.232],[104.792,15.242],[104.781,15.239],[104.743,15.198],[104.72,15.181],[104.711,15.183],[104.7,15.174],[104.698,15.158],[104.726,15.171],[104.736,15.161],[104.704,15.13],[104.679,15.123],[104.676,15.113],[104.681,15.109],[104.673,15.104],[104.672,15.095],[104.69,15.099],[104.676,15.086],[104.693,15.083],[104.686,15.071],[104.709,15.065],[104.726,15.051],[104.742,15.07],[104.775,15.084],[104.787,15.078],[104.801,15.081],[104.799,15.072],[104.814,15.061],[104.828,15.062],[104.839,15.054],[104.863,15.057],[104.87,15.047],[104.886,15.048],[104.879,15.026],[104.867,15.016],[104.868,15.004],[104.858,14.986],[104.89,14.963],[104.901,14.942],[104.923,14.956],[104.922,14.971],[104.929,14.989],[104.94,14.999],[104.937,15.015],[104.944,15.028],[104.968,15.032],[104.972,15.039]]]]}},{"type":"Feature","id":902,"properties":{"id":902,"en":"Waritchaphum","th":"","prov":"","code":"47"},"geometry":{"type":"MultiPolygon","coordinates":[[[[103.717,17.24],[103.709,17.255],[103.729,17.26],[103.74,17.3],[103.73,17.311],[103.735,17.315],[103.724,17.323],[103.717,17.339],[103.701,17.349],[103.681,17.351],[103.671,17.365],[103.658,17.369],[103.648,17.361],[103.64,17.366],[103.634,17.361],[103.617,17.318],[103.595,17.325],[103.556,17.323],[103.549,17.333],[103.537,17.321],[103.523,17.325],[103.52,17.311],[103.519,17.299],[103.499,17.283],[103.481,17.249],[103.469,17.251],[103.472,17.222],[103.555,17.172],[103.568,17.157],[103.593,17.171],[103.601,17.169],[103.614,17.152],[103.646,17.169],[103.668,17.159],[103.673,17.163],[103.683,17.18],[103.668,17.196],[103.678,17.214],[103.675,17.227],[103.717,17.24]]]]}},{"type":"Feature","id":903,"properties":{"id":903,"en":"Wat Bot","th":"วัดโบสถ์","prov":"พิษณุโลก","code":"65"},"geometry":{"type":"MultiPolygon","coordinates":[[[[100.372,17.391],[100.356,17.383],[100.348,17.393],[100.329,17.387],[100.323,17.368],[100.307,17.383],[100.298,17.375],[100.289,17.376],[100.297,17.348],[100.283,17.336],[100.282,17.307],[100.272,17.277],[100.278,17.266],[100.274,17.239],[100.295,17.208],[100.287,17.18],[100.292,17.153],[100.301,17.126],[100.32,17.099],[100.327,17.071],[100.286,17.034],[100.259,17.037],[100.261,17.023],[100.28,17.02],[100.281,16.997],[100.272,16.983],[100.281,16.934],[100.294,16.929],[100.302,16.928],[100.323,16.945],[100.357,16.952],[100.371,16.947],[100.426,16.964],[100.436,16.973],[100.451,16.971],[100.486,16.977],[100.478,16.994],[100.458,17.013],[100.457,17.029],[100.463,17.037],[100.453,17.05],[100.476,17.081],[100.483,17.08],[100.477,17.092],[100.501,17.093],[100.508,17.102],[100.526,17.1],[100.522,17.114],[100.492,17.125],[100.501,17.167],[100.49,17.199],[100.455,17.204],[100.433,17.234],[100.43,17.246],[100.453,17.251],[100.474,17.263],[100.463,17.276],[100.464,17.285],[100.444,17.31],[100.402,17.329],[100.399,17.355],[100.383,17.377],[100.371,17.383],[100.372,17.391]]]]}},{"type":"Feature","id":904,"properties":{"id":904,"en":"Wat Phleng","th":"","prov":"","code":"70"},"geometry":{"type":"MultiPolygon","coordinates":[[[[99.891,13.449],[99.889,13.47],[99.861,13.495],[99.839,13.489],[99.84,13.462],[99.846,13.452],[99.859,13.448],[99.853,13.436],[99.842,13.428],[99.842,13.406],[99.851,13.406],[99.859,13.417],[99.884,13.416],[99.891,13.432],[99.891,13.449]]]]}},{"type":"Feature","id":905,"properties":{"id":905,"en":"Wat Sing","th":"วัดสิงห์","prov":"ชัยนาท","code":"18"},"geometry":{"type":"MultiPolygon","coordinates":[[[[100.038,15.139],[100.045,15.135],[100.05,15.145],[100.056,15.193],[100.068,15.202],[100.075,15.223],[100.06,15.24],[100.057,15.252],[100.063,15.258],[100.048,15.265],[100.039,15.291],[100.02,15.291],[100.005,15.302],[99.967,15.298],[99.959,15.306],[99.922,15.298],[99.933,15.288],[99.932,15.281],[99.924,15.281],[99.94,15.268],[99.931,15.261],[99.936,15.257],[99.932,15.243],[99.94,15.239],[99.905,15.211],[99.892,15.21],[99.895,15.182],[99.88,15.172],[99.867,15.174],[99.842,15.163],[99.824,15.168],[99.81,15.161],[99.809,15.142],[99.83,15.15],[99.837,15.144],[99.883,15.14],[99.913,15.154],[99.943,15.135],[99.982,15.158],[100.038,15.148],[100.038,15.139]]]]}},{"type":"Feature","id":906,"properties":{"id":906,"en":"Watthana Nakhon","th":"วัฒนานคร","prov":"สระแก้ว","code":"27"},"geometry":{"type":"MultiPolygon","coordinates":[[[[102.536,13.853],[102.535,13.863],[102.545,13.868],[102.534,13.892],[102.545,13.905],[102.537,13.917],[102.538,13.926],[102.53,13.93],[102.533,13.94],[102.574,13.937],[102.589,13.949],[102.591,13.961],[102.585,13.964],[102.59,13.98],[102.565,13.984],[102.559,14.017],[102.55,14.02],[102.547,14.039],[102.535,14.046],[102.539,14.074],[102.533,14.077],[102.533,14.096],[102.509,14.093],[102.498,14.107],[102.503,14.127],[102.499,14.137],[102.483,14.142],[102.47,14.132],[102.456,14.136],[102.453,14.144],[102.436,14.145],[102.435,14.155],[102.424,14.158],[102.389,14.145],[102.359,14.166],[102.357,14.132],[102.335,14.121],[102.326,14.128],[102.324,14.095],[102.312,14.088],[102.306,14.067],[102.312,14.06],[102.311,14.026],[102.276,14.003],[102.27,13.984],[102.262,13.978],[102.264,13.968],[102.243,13.947],[102.211,13.94],[102.197,13.926],[102.208,13.906],[102.196,13.892],[102.189,13.87],[102.158,13.855],[102.166,13.847],[102.163,13.839],[102.179,13.823],[102.179,13.792],[102.2,13.77],[102.226,13.767],[102.226,13.76],[102.234,13.752],[102.228,13.726],[102.209,13.71],[102.187,13.706],[102.135,13.676],[102.157,13.664],[102.157,13.653],[102.141,13.628],[102.131,13.626],[102.174,13.604],[102.18,13.615],[102.194,13.614],[102.221,13.63],[102.259,13.616],[102.294,13.643],[102.325,13.639],[102.338,13.643],[102.345,13.661],[102.378,13.666],[102.391,13.679],[102.387,13.686],[102.402,13.7],[102.431,13.71],[102.438,13.722],[102.448,13.72],[102.461,13.728],[102.448,13.743],[102.427,13.749],[102.405,13.795],[102.395,13.802],[102.406,13.827],[102.442,13.867],[102.463,13.863],[102.472,13.875],[102.514,13.856],[102.536,13.853]]]]}},{"type":"Feature","id":907,"properties":{"id":907,"en":"Wiang Chai","th":"เวียงชัย","prov":"เชียงราย","code":"57"},"geometry":{"type":"MultiPolygon","coordinates":[[[[100.025,19.732],[100.032,19.743],[100.041,19.745],[100.054,19.8],[100.071,19.798],[100.072,19.823],[100.09,19.845],[100.086,19.849],[100.091,19.862],[100.084,19.873],[100.099,19.906],[100.084,19.929],[100.096,19.941],[100.089,19.95],[100.077,19.945],[100.063,19.948],[100.06,19.942],[100.041,19.939],[100.039,19.928],[100.013,19.914],[99.997,19.918],[99.998,19.923],[99.989,19.927],[99.987,19.942],[99.979,19.947],[99.986,19.987],[99.983,19.993],[99.973,19.986],[99.974,19.976],[99.961,19.966],[99.937,19.956],[99.93,19.946],[99.921,19.947],[99.9,19.929],[99.891,19.897],[99.868,19.891],[99.858,19.87],[99.869,19.859],[99.886,19.86],[99.901,19.839],[99.921,19.837],[99.938,19.826],[99.946,19.795],[99.991,19.795],[100.006,19.764],[100.003,19.758],[100.009,19.743],[100.025,19.732]]]]}},{"type":"Feature","id":908,"properties":{"id":908,"en":"Wiang Chiang Rung","th":"เวียงเชียงรุ้ง","prov":"เชียงราย","code":"57"},"geometry":{"type":"MultiPolygon","coordinates":[[[[100.207,20.071],[100.197,20.069],[100.196,20.076],[100.176,20.065],[100.159,20.073],[100.154,20.083],[100.124,20.091],[100.09,20.069],[100.07,20.074],[100.049,20.052],[100.031,20.061],[100.032,20.092],[100.016,20.098],[100.01,20.111],[100.008,20.093],[99.998,20.092],[99.999,20.08],[99.979,20.081],[99.973,20.071],[99.976,20.065],[99.959,20.06],[99.963,20.053],[99.976,20.054],[99.96,20.022],[99.974,20.016],[99.983,19.993],[99.987,19.978],[99.979,19.947],[99.987,19.942],[99.989,19.927],[99.998,19.923],[99.997,19.918],[100.013,19.914],[100.039,19.928],[100.041,19.939],[100.06,19.942],[100.063,19.948],[100.092,19.949],[100.119,19.981],[100.111,19.988],[100.118,19.994],[100.121,20.009],[100.136,20.011],[100.148,20.03],[100.194,20.045],[100.204,20.056],[100.202,20.065],[100.207,20.071]]]]}},{"type":"Feature","id":909,"properties":{"id":909,"en":"Wiang Haeng","th":"เวียงแหง","prov":"เชียงใหม่","code":"50"},"geometry":{"type":"MultiPolygon","coordinates":[[[[98.704,19.758],[98.666,19.749],[98.66,19.734],[98.654,19.74],[98.626,19.728],[98.623,19.714],[98.616,19.717],[98.608,19.709],[98.59,19.716],[98.572,19.704],[98.566,19.672],[98.539,19.688],[98.53,19.705],[98.511,19.717],[98.506,19.71],[98.467,19.692],[98.472,19.656],[98.481,19.655],[98.504,19.631],[98.521,19.626],[98.527,19.614],[98.54,19.611],[98.536,19.602],[98.542,19.559],[98.566,19.547],[98.562,19.531],[98.568,19.508],[98.576,19.512],[98.584,19.506],[98.594,19.493],[98.593,19.484],[98.6,19.47],[98.585,19.444],[98.585,19.423],[98.632,19.442],[98.701,19.426],[98.713,19.442],[98.758,19.452],[98.763,19.462],[98.774,19.457],[98.789,19.466],[98.785,19.477],[98.792,19.486],[98.778,19.497],[98.774,19.517],[98.78,19.528],[98.766,19.551],[98.742,19.561],[98.738,19.616],[98.729,19.625],[98.734,19.639],[98.726,19.717],[98.704,19.758]]]]}},{"type":"Feature","id":910,"properties":{"id":910,"en":"Wiang Kaen","th":"เวียงแก่น","prov":"เชียงราย","code":"57"},"geometry":{"type":"MultiPolygon","coordinates":[[[[100.372,19.954],[100.369,19.921],[100.352,19.901],[100.342,19.874],[100.357,19.871],[100.373,19.853],[100.4,19.849],[100.415,19.835],[100.434,19.833],[100.443,19.835],[100.461,19.856],[100.497,19.865],[100.501,19.883],[100.52,19.903],[100.514,19.909],[100.523,19.929],[100.517,19.943],[100.541,20.003],[100.542,20.022],[100.552,20.032],[100.572,20.127],[100.576,20.171],[100.552,20.175],[100.53,20.145],[100.518,20.144],[100.463,20.199],[100.468,20.185],[100.463,20.175],[100.475,20.164],[100.465,20.148],[100.46,20.125],[100.464,20.119],[100.442,20.089],[100.433,20.056],[100.417,20.036],[100.414,20.012],[100.407,20.008],[100.411,20.001],[100.39,19.967],[100.372,19.954]]]]}},{"type":"Feature","id":911,"properties":{"id":911,"en":"Wiang Kao","th":"เวียงเก่า","prov":"ขอนแก่น","code":"40"},"geometry":{"type":"MultiPolygon","coordinates":[[[[102.278,16.615],[102.347,16.663],[102.363,16.709],[102.361,16.733],[102.345,16.756],[102.283,16.784],[102.274,16.799],[102.268,16.833],[102.241,16.853],[102.231,16.853],[102.225,16.806],[102.236,16.772],[102.234,16.747],[102.206,16.693],[102.202,16.661],[102.165,16.639],[102.158,16.606],[102.175,16.604],[102.191,16.588],[102.21,16.601],[102.222,16.599],[102.278,16.615]]]]}},{"type":"Feature","id":912,"properties":{"id":912,"en":"Wiang Nong Long","th":"","prov":"","code":"51"},"geometry":{"type":"MultiPolygon","coordinates":[[[[98.824,18.388],[98.809,18.41],[98.811,18.415],[98.799,18.419],[98.799,18.438],[98.787,18.437],[98.778,18.45],[98.763,18.434],[98.743,18.431],[98.726,18.445],[98.718,18.433],[98.711,18.442],[98.703,18.434],[98.693,18.415],[98.698,18.41],[98.71,18.414],[98.688,18.381],[98.723,18.387],[98.749,18.406],[98.752,18.398],[98.785,18.397],[98.794,18.404],[98.792,18.41],[98.824,18.388]]]]}},{"type":"Feature","id":913,"properties":{"id":913,"en":"Wiang Pa Pao","th":"เวียงป่าเป้า","prov":"เชียงราย","code":"57"},"geometry":{"type":"MultiPolygon","coordinates":[[[[99.402,19],[99.436,19.008],[99.472,19.044],[99.484,19.072],[99.518,19.081],[99.529,19.076],[99.538,19.086],[99.539,19.111],[99.56,19.134],[99.56,19.143],[99.537,19.164],[99.546,19.191],[99.541,19.206],[99.549,19.225],[99.548,19.251],[99.559,19.257],[99.564,19.284],[99.571,19.294],[99.578,19.294],[99.576,19.326],[99.581,19.338],[99.573,19.346],[99.581,19.352],[99.576,19.389],[99.563,19.413],[99.569,19.443],[99.586,19.457],[99.587,19.466],[99.583,19.474],[99.569,19.475],[99.49,19.458],[99.462,19.493],[99.448,19.492],[99.422,19.507],[99.407,19.506],[99.398,19.517],[99.388,19.519],[99.376,19.523],[99.366,19.537],[99.336,19.543],[99.306,19.527],[99.295,19.495],[99.299,19.487],[99.308,19.489],[99.305,19.475],[99.319,19.455],[99.308,19.431],[99.331,19.398],[99.323,19.397],[99.332,19.378],[99.334,19.352],[99.334,19.33],[99.327,19.319],[99.339,19.298],[99.336,19.284],[99.343,19.268],[99.311,19.225],[99.315,19.209],[99.304,19.193],[99.305,19.183],[99.319,19.165],[99.321,19.124],[99.344,19.086],[99.353,19.087],[99.364,19.08],[99.365,19.069],[99.384,19.063],[99.381,19.042],[99.402,19]]]]}},{"type":"Feature","id":914,"properties":{"id":914,"en":"Wiang Sa","th":"เวียงสระ","prov":"สุราษฎร์ธานี","code":"84"},"geometry":{"type":"MultiPolygon","coordinates":[[[[99.276,8.691],[99.272,8.688],[99.275,8.682],[99.271,8.684],[99.276,8.669],[99.286,8.669],[99.277,8.661],[99.285,8.644],[99.28,8.646],[99.277,8.634],[99.264,8.639],[99.26,8.62],[99.269,8.607],[99.259,8.61],[99.263,8.599],[99.257,8.58],[99.266,8.571],[99.255,8.571],[99.251,8.566],[99.273,8.56],[99.283,8.549],[99.265,8.529],[99.272,8.521],[99.271,8.507],[99.282,8.5],[99.277,8.49],[99.281,8.488],[99.281,8.494],[99.295,8.489],[99.288,8.484],[99.294,8.481],[99.293,8.471],[99.319,8.475],[99.329,8.493],[99.35,8.493],[99.35,8.499],[99.365,8.502],[99.378,8.516],[99.395,8.513],[99.394,8.529],[99.402,8.536],[99.401,8.544],[99.418,8.552],[99.416,8.569],[99.434,8.583],[99.442,8.599],[99.452,8.598],[99.456,8.604],[99.449,8.632],[99.464,8.651],[99.481,8.648],[99.479,8.658],[99.496,8.672],[99.496,8.694],[99.477,8.705],[99.443,8.705],[99.441,8.674],[99.425,8.669],[99.4,8.68],[99.39,8.674],[99.392,8.688],[99.371,8.684],[99.366,8.693],[99.363,8.675],[99.333,8.672],[99.329,8.68],[99.286,8.683],[99.276,8.691]]]]}},{"type":"Feature","id":915,"properties":{"id":915,"en":"Wiang Sa","th":"เวียงสา","prov":"น่าน","code":"55"},"geometry":{"type":"MultiPolygon","coordinates":[[[[100.391,18.739],[100.388,18.727],[100.363,18.707],[100.352,18.681],[100.361,18.644],[100.375,18.637],[100.393,18.638],[100.392,18.628],[100.382,18.623],[100.378,18.613],[100.379,18.587],[100.371,18.567],[100.388,18.558],[100.387,18.543],[100.396,18.528],[100.387,18.512],[100.396,18.504],[100.399,18.486],[100.415,18.481],[100.422,18.496],[100.437,18.502],[100.444,18.49],[100.447,18.496],[100.46,18.491],[100.477,18.495],[100.484,18.48],[100.505,18.473],[100.541,18.49],[100.551,18.45],[100.55,18.419],[100.574,18.426],[100.578,18.447],[100.594,18.432],[100.639,18.419],[100.654,18.42],[100.669,18.437],[100.684,18.44],[100.701,18.43],[100.717,18.436],[100.715,18.422],[100.729,18.42],[100.764,18.427],[100.794,18.423],[100.804,18.43],[100.835,18.424],[100.846,18.43],[100.849,18.391],[100.862,18.372],[100.877,18.367],[100.889,18.337],[100.906,18.35],[100.907,18.345],[100.915,18.348],[100.919,18.359],[100.945,18.361],[100.964,18.377],[100.977,18.375],[100.994,18.384],[101.017,18.38],[101.026,18.398],[101.054,18.42],[101.058,18.445],[101.082,18.475],[101.094,18.479],[101.092,18.499],[101.098,18.502],[101.104,18.521],[101.069,18.547],[101.031,18.56],[101.022,18.574],[101.012,18.57],[100.994,18.58],[100.985,18.602],[100.973,18.601],[100.941,18.623],[100.927,18.624],[100.919,18.668],[100.877,18.678],[100.859,18.671],[100.846,18.676],[100.849,18.688],[100.838,18.69],[100.8,18.676],[100.749,18.675],[100.732,18.668],[100.706,18.702],[100.692,18.687],[100.689,18.696],[100.668,18.689],[100.639,18.691],[100.632,18.696],[100.63,18.707],[100.621,18.701],[100.61,18.71],[100.59,18.702],[100.597,18.722],[100.593,18.737],[100.606,18.748],[100.602,18.764],[100.608,18.777],[100.591,18.784],[100.574,18.766],[100.552,18.764],[100.54,18.754],[100.542,18.746],[100.506,18.738],[100.502,18.727],[100.493,18.736],[100.464,18.728],[100.451,18.746],[100.438,18.74],[100.418,18.747],[100.405,18.739],[100.391,18.739]]]]}},{"type":"Feature","id":916,"properties":{"id":916,"en":"Wichian Buri","th":"วิเชียรบุรี","prov":"เพชรบูรณ์","code":"67"},"geometry":{"type":"MultiPolygon","coordinates":[[[[100.819,15.713],[100.826,15.685],[100.833,15.681],[100.826,15.676],[100.828,15.667],[100.823,15.662],[100.827,15.645],[100.819,15.628],[100.826,15.615],[100.808,15.593],[100.818,15.586],[100.813,15.578],[100.854,15.548],[100.853,15.525],[100.885,15.529],[100.888,15.518],[100.9,15.513],[100.904,15.496],[100.916,15.495],[100.917,15.489],[100.947,15.491],[100.999,15.51],[101.045,15.485],[101.087,15.482],[101.083,15.501],[101.091,15.501],[101.096,15.512],[101.082,15.517],[101.09,15.527],[101.088,15.539],[101.078,15.551],[101.09,15.557],[101.092,15.553],[101.093,15.561],[101.108,15.552],[101.109,15.544],[101.142,15.57],[101.163,15.56],[101.2,15.557],[101.298,15.57],[101.31,15.573],[101.317,15.603],[101.332,15.611],[101.332,15.622],[101.343,15.636],[101.341,15.659],[101.36,15.686],[101.335,15.728],[101.339,15.767],[101.318,15.792],[101.331,15.805],[101.323,15.811],[101.331,15.83],[101.325,15.837],[101.332,15.849],[101.317,15.844],[101.297,15.87],[101.278,15.869],[101.269,15.857],[101.261,15.866],[101.246,15.864],[101.242,15.848],[101.218,15.851],[101.198,15.835],[101.198,15.81],[101.188,15.804],[101.146,15.805],[101.126,15.811],[101.098,15.808],[101.09,15.8],[101.088,15.778],[101.072,15.767],[101.057,15.77],[101.06,15.76],[101.043,15.773],[101.027,15.754],[101.001,15.741],[100.978,15.741],[100.963,15.733],[100.954,15.734],[100.951,15.728],[100.902,15.738],[100.847,15.708],[100.819,15.713]]]]}},{"type":"Feature","id":917,"properties":{"id":917,"en":"Wihan Daeng","th":"วิหารแดง","prov":"สระบุรี","code":"19"},"geometry":{"type":"MultiPolygon","coordinates":[[[[101.053,14.412],[101.017,14.41],[100.995,14.423],[100.991,14.419],[100.982,14.43],[100.97,14.421],[100.947,14.436],[100.939,14.434],[100.948,14.423],[100.945,14.412],[100.962,14.395],[100.932,14.36],[100.931,14.346],[100.92,14.346],[100.925,14.341],[100.938,14.314],[100.907,14.3],[100.907,14.283],[100.892,14.276],[100.892,14.244],[100.979,14.291],[100.989,14.288],[100.989,14.298],[101.015,14.302],[101.019,14.315],[101.048,14.34],[101.051,14.359],[101.062,14.369],[101.053,14.412]]]]}},{"type":"Feature","id":918,"properties":{"id":918,"en":"Wiset Chai Chan","th":"วิเศษชัยชาญ","prov":"อ่างทอง","code":"15"},"geometry":{"type":"MultiPolygon","coordinates":[[[[100.396,14.603],[100.359,14.613],[100.361,14.637],[100.329,14.663],[100.306,14.647],[100.307,14.632],[100.29,14.634],[100.285,14.627],[100.293,14.617],[100.313,14.62],[100.32,14.604],[100.302,14.592],[100.294,14.593],[100.295,14.587],[100.283,14.58],[100.27,14.578],[100.268,14.554],[100.249,14.544],[100.247,14.538],[100.237,14.537],[100.237,14.571],[100.227,14.583],[100.22,14.585],[100.198,14.567],[100.197,14.556],[100.208,14.541],[100.206,14.524],[100.231,14.503],[100.235,14.479],[100.253,14.483],[100.259,14.491],[100.285,14.482],[100.286,14.498],[100.308,14.494],[100.315,14.487],[100.348,14.498],[100.374,14.5],[100.378,14.509],[100.4,14.507],[100.404,14.543],[100.394,14.544],[100.387,14.554],[100.387,14.574],[100.402,14.598],[100.396,14.603]]]]}},{"type":"Feature","id":919,"properties":{"id":919,"en":"Yaha","th":"ยะหา","prov":"ยะลา","code":"95"},"geometry":{"type":"MultiPolygon","coordinates":[[[[101.226,6.341],[101.221,6.351],[101.211,6.354],[101.2,6.4],[101.202,6.428],[101.197,6.432],[101.208,6.453],[101.214,6.454],[101.222,6.484],[101.201,6.494],[101.188,6.509],[101.172,6.51],[101.169,6.539],[101.148,6.556],[101.127,6.555],[101.126,6.568],[101.11,6.593],[101.09,6.608],[101.081,6.555],[101.069,6.544],[101.043,6.542],[101.044,6.525],[101.035,6.515],[101.045,6.491],[101.035,6.486],[101.042,6.462],[101.058,6.459],[101.075,6.421],[101.078,6.349],[101.05,6.333],[101.02,6.328],[100.973,6.298],[100.969,6.283],[100.984,6.278],[100.989,6.266],[101.01,6.256],[101.015,6.247],[101.032,6.245],[101.064,6.259],[101.075,6.256],[101.095,6.26],[101.102,6.255],[101.113,6.272],[101.13,6.266],[101.132,6.276],[101.151,6.289],[101.182,6.284],[101.226,6.341]]]]}},{"type":"Feature","id":921,"properties":{"id":921,"en":"Yan Ta Khao","th":"ย่านตาขาว","prov":"ตรัง","code":"92"},"geometry":{"type":"MultiPolygon","coordinates":[[[[99.581,7.362],[99.599,7.349],[99.615,7.358],[99.632,7.356],[99.647,7.334],[99.655,7.338],[99.652,7.358],[99.66,7.368],[99.697,7.372],[99.702,7.361],[99.715,7.364],[99.721,7.355],[99.739,7.358],[99.743,7.35],[99.75,7.355],[99.754,7.345],[99.774,7.336],[99.787,7.364],[99.8,7.365],[99.811,7.376],[99.819,7.377],[99.822,7.37],[99.846,7.372],[99.892,7.357],[99.904,7.347],[99.896,7.364],[99.902,7.379],[99.885,7.413],[99.861,7.441],[99.857,7.461],[99.849,7.465],[99.852,7.484],[99.843,7.499],[99.823,7.508],[99.821,7.519],[99.786,7.493],[99.713,7.473],[99.695,7.491],[99.676,7.491],[99.677,7.517],[99.658,7.52],[99.621,7.483],[99.613,7.466],[99.616,7.435],[99.581,7.362]]]]}},{"type":"Feature","id":922,"properties":{"id":922,"en":"Yang Chum Noi","th":"","prov":"","code":"33"},"geometry":{"type":"MultiPolygon","coordinates":[[[[104.483,15.268],[104.382,15.295],[104.388,15.323],[104.377,15.331],[104.369,15.321],[104.354,15.345],[104.345,15.342],[104.328,15.306],[104.325,15.284],[104.331,15.264],[104.311,15.251],[104.29,15.248],[104.325,15.205],[104.335,15.207],[104.358,15.183],[104.379,15.195],[104.387,15.192],[104.382,15.159],[104.425,15.146],[104.432,15.151],[104.427,15.156],[104.432,15.167],[104.456,15.179],[104.467,15.235],[104.483,15.268]]]]}},{"type":"Feature","id":923,"properties":{"id":923,"en":"Yang Sisurat","th":"","prov":"","code":"44"},"geometry":{"type":"MultiPolygon","coordinates":[[[[103.008,15.701],[103.005,15.685],[102.973,15.668],[102.977,15.657],[102.995,15.648],[102.993,15.64],[103.012,15.628],[103.013,15.615],[103.027,15.6],[103.045,15.598],[103.046,15.593],[103.063,15.601],[103.056,15.625],[103.069,15.629],[103.085,15.631],[103.091,15.618],[103.105,15.612],[103.117,15.595],[103.123,15.601],[103.141,15.597],[103.18,15.617],[103.196,15.614],[103.206,15.622],[103.215,15.655],[103.199,15.658],[103.177,15.685],[103.155,15.694],[103.156,15.71],[103.129,15.699],[103.082,15.713],[103.071,15.704],[103.008,15.701]]]]}},{"type":"Feature","id":924,"properties":{"id":924,"en":"Yang Talat","th":"","prov":"","code":"46"},"geometry":{"type":"MultiPolygon","coordinates":[[[[103.175,16.363],[103.248,16.38],[103.26,16.376],[103.29,16.395],[103.3,16.37],[103.344,16.36],[103.354,16.308],[103.396,16.293],[103.408,16.295],[103.411,16.286],[103.423,16.315],[103.452,16.32],[103.482,16.34],[103.511,16.342],[103.507,16.351],[103.495,16.354],[103.497,16.362],[103.502,16.361],[103.5,16.372],[103.485,16.376],[103.482,16.396],[103.467,16.411],[103.466,16.422],[103.453,16.43],[103.45,16.452],[103.456,16.463],[103.449,16.473],[103.455,16.483],[103.453,16.49],[103.474,16.51],[103.469,16.528],[103.473,16.54],[103.464,16.543],[103.455,16.535],[103.454,16.562],[103.444,16.562],[103.438,16.586],[103.429,16.586],[103.42,16.595],[103.421,16.602],[103.374,16.619],[103.374,16.589],[103.354,16.587],[103.34,16.568],[103.339,16.55],[103.327,16.539],[103.336,16.527],[103.331,16.488],[103.299,16.509],[103.217,16.503],[103.211,16.497],[103.164,16.488],[103.167,16.467],[103.184,16.451],[103.186,16.436],[103.164,16.389],[103.175,16.363]]]]}},{"type":"Feature","id":925,"properties":{"id":925,"en":"Yarang","th":"ยะรัง","prov":"ปัตตานี","code":"94"},"geometry":{"type":"MultiPolygon","coordinates":[[[[101.28,6.682],[101.29,6.683],[101.298,6.676],[101.289,6.665],[101.303,6.621],[101.293,6.615],[101.301,6.57],[101.308,6.565],[101.327,6.572],[101.361,6.554],[101.362,6.564],[101.382,6.57],[101.373,6.582],[101.373,6.599],[101.359,6.613],[101.357,6.658],[101.318,6.717],[101.337,6.739],[101.339,6.756],[101.334,6.77],[101.335,6.816],[101.324,6.83],[101.322,6.843],[101.286,6.833],[101.292,6.819],[101.283,6.804],[101.251,6.801],[101.27,6.791],[101.269,6.779],[101.239,6.763],[101.257,6.736],[101.255,6.726],[101.261,6.727],[101.267,6.703],[101.274,6.704],[101.267,6.697],[101.269,6.691],[101.277,6.691],[101.287,6.712],[101.291,6.692],[101.28,6.682]]]]}},{"type":"Feature","id":926,"properties":{"id":926,"en":"Yaring","th":"ยะหริ่ง","prov":"ปัตตานี","code":"94"},"geometry":{"type":"MultiPolygon","coordinates":[[[[101.461,6.774],[101.472,6.783],[101.471,6.792],[101.451,6.826],[101.482,6.852],[101.469,6.864],[101.463,6.858],[101.454,6.864],[101.457,6.883],[101.362,6.902],[101.287,6.951],[101.249,6.943],[101.237,6.926],[101.242,6.936],[101.273,6.944],[101.287,6.947],[101.285,6.938],[101.295,6.938],[101.302,6.927],[101.314,6.922],[101.324,6.928],[101.33,6.91],[101.343,6.911],[101.347,6.89],[101.334,6.877],[101.336,6.871],[101.324,6.877],[101.322,6.866],[101.324,6.83],[101.335,6.816],[101.334,6.77],[101.4,6.758],[101.409,6.761],[101.418,6.779],[101.436,6.769],[101.461,6.774]]]]}},{"type":"Feature","id":927,"properties":{"id":927,"en":"Yi-Ngo","th":"ยี่งอ","prov":"นราธิวาส","code":"96"},"geometry":{"type":"MultiPolygon","coordinates":[[[[101.636,6.472],[101.634,6.454],[101.647,6.432],[101.647,6.421],[101.643,6.408],[101.623,6.399],[101.629,6.39],[101.625,6.382],[101.65,6.355],[101.694,6.357],[101.721,6.347],[101.722,6.368],[101.741,6.374],[101.74,6.38],[101.753,6.373],[101.769,6.38],[101.768,6.393],[101.786,6.403],[101.773,6.437],[101.74,6.463],[101.716,6.5],[101.671,6.473],[101.636,6.472]]]]}}]}