{"type":"FeatureCollection","attribution":"geoBoundaries (THA ADM1) · © OpenStreetMap contributors, ODbL 1.0","features":[{"type":"Feature","properties":{"code":"45"},"geometry":{"type":"MultiPolygon","coordinates":[[[[103.511,16.198],[103.503,16.173],[103.476,16.139],[103.469,16.118],[103.468,16.074],[103.486,16.037],[103.482,15.979],[103.497,15.927],[103.479,15.898],[103.46,15.841],[103.456,15.795],[103.44,15.717],[103.423,15.706],[103.386,15.712],[103.354,15.702],[103.329,15.666],[103.314,15.624],[103.295,15.606],[103.298,15.596],[103.317,15.586],[103.323,15.562],[103.34,15.55],[103.367,15.54],[103.38,15.525],[103.412,15.534],[103.425,15.532],[103.441,15.52],[103.443,15.508],[103.42,15.447],[103.405,15.437],[103.472,15.447],[103.529,15.434],[103.565,15.46],[103.6,15.466],[103.64,15.449],[103.719,15.436],[103.735,15.44],[103.775,15.435],[103.823,15.449],[103.83,15.459],[103.856,15.462],[103.863,15.456],[103.88,15.461],[103.886,15.469],[103.901,15.439],[103.916,15.434],[103.935,15.441],[103.938,15.436],[103.935,15.423],[103.939,15.418],[103.95,15.417],[103.971,15.424],[103.974,15.411],[103.983,15.403],[103.993,15.43],[104.027,15.47],[104.05,15.485],[104.059,15.509],[104.074,15.517],[104.082,15.537],[104.1,15.537],[104.107,15.553],[104.122,15.556],[104.141,15.579],[104.206,15.601],[104.213,15.616],[104.187,15.609],[104.189,15.615],[104.182,15.622],[104.191,15.632],[104.17,15.633],[104.178,15.639],[104.172,15.66],[104.184,15.657],[104.187,15.666],[104.183,15.668],[104.175,15.664],[104.177,15.671],[104.168,15.673],[104.162,15.688],[104.152,15.69],[104.142,15.706],[104.148,15.712],[104.139,15.711],[104.128,15.696],[104.118,15.702],[104.119,15.706],[104.131,15.705],[104.128,15.721],[104.132,15.743],[104.142,15.751],[104.133,15.754],[104.127,15.769],[104.139,15.785],[104.134,15.8],[104.112,15.806],[104.096,15.825],[104.074,15.839],[104.07,15.827],[104.08,15.823],[104.068,15.813],[104.035,15.796],[104.025,15.799],[104,15.796],[104.003,15.805],[103.998,15.814],[104.005,15.812],[104.005,15.817],[104.014,15.817],[104.007,15.832],[104.017,15.83],[104.013,15.844],[104.016,15.838],[104.021,15.84],[104.019,15.848],[104.028,15.852],[104.029,15.86],[104.02,15.867],[104.025,15.864],[104.037,15.868],[104.024,15.87],[104.032,15.875],[104.021,15.878],[104.021,15.883],[104.015,15.886],[104.021,15.891],[104.015,15.892],[104.019,15.906],[104.014,15.911],[104.024,15.912],[104.036,15.94],[104.029,15.949],[104.03,15.957],[104.02,15.959],[104.015,15.966],[104.017,15.974],[104.026,15.981],[104.048,15.984],[104.09,15.978],[104.109,15.982],[104.119,16.037],[104.098,16.071],[104.104,16.091],[104.119,16.105],[104.151,16.114],[104.179,16.142],[104.233,16.167],[104.272,16.237],[104.293,16.254],[104.309,16.251],[104.324,16.255],[104.35,16.289],[104.356,16.323],[104.328,16.329],[104.33,16.354],[104.321,16.399],[104.326,16.426],[104.319,16.455],[104.31,16.469],[104.296,16.472],[104.283,16.447],[104.244,16.433],[104.215,16.438],[104.197,16.432],[104.186,16.436],[104.177,16.445],[104.157,16.443],[104.139,16.429],[104.099,16.417],[104.077,16.407],[104.063,16.393],[104.046,16.389],[104.04,16.441],[104.001,16.447],[103.979,16.436],[103.921,16.444],[103.916,16.452],[103.895,16.453],[103.872,16.469],[103.822,16.466],[103.745,16.413],[103.723,16.392],[103.702,16.382],[103.705,16.371],[103.721,16.354],[103.725,16.329],[103.751,16.304],[103.754,16.265],[103.735,16.251],[103.724,16.219],[103.699,16.226],[103.694,16.224],[103.691,16.214],[103.665,16.222],[103.663,16.21],[103.671,16.199],[103.666,16.195],[103.654,16.199],[103.642,16.191],[103.636,16.193],[103.626,16.211],[103.615,16.217],[103.602,16.216],[103.614,16.204],[103.611,16.199],[103.601,16.196],[103.596,16.201],[103.562,16.203],[103.557,16.207],[103.559,16.217],[103.544,16.215],[103.537,16.221],[103.528,16.206],[103.511,16.198]]]]}},{"type":"Feature","properties":{"code":"56"},"geometry":{"type":"MultiPolygon","coordinates":[[[[99.687,19.43],[99.689,19.404],[99.699,19.369],[99.697,19.35],[99.709,19.339],[99.702,19.314],[99.706,19.24],[99.729,19.181],[99.726,19.17],[99.739,19.157],[99.745,19.141],[99.759,19.134],[99.757,19.124],[99.774,19.064],[99.821,19.042],[99.835,19.027],[99.83,19.009],[99.839,19],[99.848,19.003],[99.876,18.999],[99.907,18.983],[99.929,18.97],[99.966,18.927],[99.993,18.909],[100.04,18.898],[100.05,18.885],[100.064,18.88],[100.07,18.872],[100.068,18.844],[100.061,18.835],[100.066,18.817],[100.088,18.828],[100.1,18.814],[100.113,18.808],[100.118,18.82],[100.134,18.817],[100.156,18.835],[100.166,18.816],[100.177,18.811],[100.186,18.822],[100.196,18.814],[100.217,18.819],[100.226,18.826],[100.239,18.82],[100.301,18.819],[100.311,18.81],[100.339,18.813],[100.34,18.807],[100.345,18.814],[100.336,18.821],[100.338,18.826],[100.345,18.827],[100.349,18.83],[100.346,18.833],[100.363,18.848],[100.366,18.868],[100.388,18.895],[100.39,18.926],[100.407,18.938],[100.405,18.945],[100.433,18.947],[100.455,18.934],[100.458,18.942],[100.483,18.954],[100.481,18.966],[100.502,18.978],[100.496,18.991],[100.457,18.995],[100.449,19.001],[100.472,19.047],[100.481,19.052],[100.508,19.052],[100.551,19.029],[100.571,19.026],[100.572,19.035],[100.556,19.052],[100.551,19.065],[100.563,19.096],[100.609,19.105],[100.623,19.12],[100.634,19.128],[100.633,19.136],[100.619,19.145],[100.616,19.17],[100.61,19.182],[100.61,19.215],[100.595,19.25],[100.608,19.324],[100.603,19.333],[100.581,19.336],[100.574,19.349],[100.562,19.349],[100.554,19.339],[100.536,19.343],[100.519,19.36],[100.511,19.38],[100.512,19.395],[100.551,19.428],[100.562,19.459],[100.572,19.468],[100.525,19.484],[100.498,19.485],[100.482,19.491],[100.472,19.532],[100.483,19.548],[100.481,19.559],[100.491,19.577],[100.484,19.587],[100.487,19.594],[100.483,19.609],[100.46,19.619],[100.455,19.628],[100.447,19.627],[100.443,19.635],[100.444,19.662],[100.428,19.673],[100.43,19.683],[100.446,19.707],[100.425,19.728],[100.407,19.736],[100.391,19.722],[100.384,19.709],[100.354,19.715],[100.338,19.709],[100.335,19.701],[100.342,19.688],[100.324,19.671],[100.317,19.649],[100.29,19.642],[100.276,19.65],[100.264,19.634],[100.217,19.636],[100.183,19.613],[100.164,19.571],[100.166,19.548],[100.154,19.537],[100.156,19.521],[100.139,19.501],[100.137,19.473],[100.129,19.468],[100.108,19.468],[100.101,19.459],[100.087,19.452],[100.085,19.434],[100.076,19.426],[100.058,19.429],[100.047,19.438],[100.024,19.437],[100.004,19.429],[99.959,19.389],[99.938,19.382],[99.926,19.385],[99.913,19.395],[99.91,19.406],[99.922,19.467],[99.916,19.479],[99.902,19.485],[99.852,19.467],[99.738,19.454],[99.728,19.451],[99.709,19.431],[99.687,19.43]]]]}},{"type":"Feature","properties":{"code":"60"},"geometry":{"type":"MultiPolygon","coordinates":[[[[99.089,15.887],[99.098,15.875],[99.097,15.833],[99.105,15.829],[99.104,15.823],[99.128,15.812],[99.136,15.796],[99.137,15.788],[99.133,15.785],[99.136,15.778],[99.166,15.776],[99.184,15.782],[99.203,15.766],[99.217,15.766],[99.227,15.756],[99.228,15.747],[99.234,15.747],[99.242,15.74],[99.247,15.722],[99.277,15.717],[99.297,15.693],[99.315,15.693],[99.321,15.689],[99.332,15.692],[99.339,15.685],[99.355,15.681],[99.37,15.663],[99.378,15.628],[99.384,15.621],[99.428,15.611],[99.43,15.602],[99.44,15.6],[99.479,15.566],[99.522,15.564],[99.557,15.584],[99.586,15.62],[99.624,15.633],[99.659,15.664],[99.695,15.679],[99.738,15.677],[99.755,15.666],[99.77,15.64],[99.809,15.625],[99.82,15.623],[99.844,15.636],[99.861,15.635],[99.87,15.565],[99.911,15.515],[99.927,15.512],[99.933,15.506],[99.953,15.515],[99.962,15.509],[99.972,15.509],[99.982,15.497],[99.993,15.492],[100.004,15.474],[100.019,15.469],[100.034,15.452],[100.046,15.451],[100.058,15.42],[100.124,15.418],[100.136,15.401],[100.169,15.373],[100.197,15.363],[100.216,15.35],[100.237,15.328],[100.252,15.301],[100.27,15.297],[100.269,15.255],[100.292,15.223],[100.301,15.178],[100.309,15.167],[100.349,15.155],[100.355,15.138],[100.349,15.125],[100.365,15.095],[100.376,15.084],[100.443,15.06],[100.448,15.078],[100.481,15.11],[100.49,15.134],[100.489,15.164],[100.493,15.173],[100.53,15.197],[100.534,15.229],[100.549,15.242],[100.563,15.271],[100.592,15.287],[100.622,15.323],[100.743,15.435],[100.752,15.459],[100.739,15.509],[100.751,15.521],[100.774,15.529],[100.789,15.543],[100.801,15.573],[100.8,15.588],[100.831,15.622],[100.835,15.633],[100.832,15.647],[100.817,15.661],[100.831,15.68],[100.831,15.687],[100.819,15.707],[100.789,15.805],[100.789,15.818],[100.799,15.854],[100.798,15.871],[100.787,15.884],[100.757,15.896],[100.755,15.931],[100.747,15.928],[100.692,15.936],[100.671,15.948],[100.629,15.946],[100.602,15.952],[100.579,15.944],[100.558,15.941],[100.541,15.93],[100.524,15.935],[100.506,15.925],[100.478,15.926],[100.466,15.932],[100.414,15.923],[100.376,15.937],[100.352,15.934],[100.315,15.945],[100.296,15.936],[100.292,15.911],[100.264,15.909],[100.244,15.93],[100.236,15.931],[100.221,15.923],[100.195,15.944],[100.168,15.956],[100.164,15.972],[100.144,15.998],[100.136,16.023],[100.127,16.032],[100.118,16.079],[100.088,16.118],[100.096,16.134],[100.094,16.141],[100.086,16.151],[100.049,16.171],[100.039,16.184],[100.023,16.233],[100.024,16.244],[100.034,16.258],[100.022,16.284],[100.022,16.311],[100.009,16.331],[99.994,16.338],[99.945,16.285],[99.941,16.261],[99.947,16.222],[99.928,16.194],[99.9,16.129],[99.894,16.077],[99.811,16.006],[99.799,15.986],[99.793,15.964],[99.761,15.921],[99.763,15.892],[99.749,15.873],[99.731,15.826],[99.683,15.799],[99.672,15.782],[99.656,15.789],[99.64,15.811],[99.629,15.855],[99.614,15.881],[99.578,15.905],[99.557,15.906],[99.554,15.916],[99.537,15.925],[99.529,15.921],[99.502,15.928],[99.479,15.922],[99.481,15.91],[99.477,15.902],[99.466,15.901],[99.461,15.905],[99.446,15.903],[99.436,15.911],[99.431,15.909],[99.426,15.921],[99.416,15.911],[99.405,15.91],[99.392,15.916],[99.374,15.915],[99.358,15.927],[99.33,15.912],[99.32,15.928],[99.32,15.917],[99.311,15.918],[99.31,15.905],[99.297,15.909],[99.295,15.903],[99.29,15.905],[99.29,15.892],[99.274,15.904],[99.271,15.912],[99.266,15.907],[99.234,15.929],[99.222,15.945],[99.219,15.937],[99.213,15.939],[99.217,15.944],[99.209,15.948],[99.204,15.936],[99.194,15.945],[99.196,15.94],[99.186,15.928],[99.172,15.937],[99.174,15.93],[99.153,15.921],[99.149,15.911],[99.14,15.908],[99.129,15.914],[99.096,15.885],[99.089,15.887]]]]}},{"type":"Feature","properties":{"code":"39"},"geometry":{"type":"MultiPolygon","coordinates":[[[[102.081,17.643],[102.091,17.621],[102.104,17.611],[102.114,17.597],[102.114,17.589],[102.122,17.582],[102.122,17.571],[102.136,17.552],[102.144,17.511],[102.132,17.498],[102.13,17.485],[102.079,17.452],[101.989,17.451],[101.983,17.434],[101.984,17.417],[101.995,17.396],[102.022,17.367],[102.019,17.344],[102.026,17.324],[101.984,17.281],[101.979,17.267],[101.981,17.245],[101.949,17.216],[101.946,17.198],[101.957,17.167],[101.977,17.146],[102.013,17.134],[102.03,17.123],[102.048,17.121],[102.069,17.109],[102.089,17.105],[102.11,17.075],[102.11,17.057],[102.127,17.046],[102.133,17.034],[102.154,17.022],[102.153,17.018],[102.109,17.001],[102.083,16.976],[102.033,16.956],[102.033,16.949],[102.071,16.885],[102.081,16.89],[102.099,16.883],[102.096,16.891],[102.105,16.897],[102.124,16.881],[102.129,16.883],[102.144,16.876],[102.145,16.881],[102.156,16.881],[102.158,16.872],[102.168,16.87],[102.172,16.865],[102.18,16.872],[102.188,16.857],[102.204,16.863],[102.214,16.86],[102.227,16.869],[102.228,16.876],[102.234,16.875],[102.235,16.881],[102.243,16.875],[102.244,16.882],[102.249,16.878],[102.25,16.892],[102.255,16.891],[102.254,16.895],[102.295,16.892],[102.292,16.884],[102.307,16.884],[102.302,16.877],[102.312,16.867],[102.325,16.867],[102.317,16.855],[102.331,16.855],[102.332,16.849],[102.324,16.846],[102.34,16.836],[102.336,16.832],[102.344,16.818],[102.35,16.831],[102.361,16.817],[102.376,16.811],[102.38,16.813],[102.376,16.817],[102.384,16.816],[102.392,16.803],[102.41,16.792],[102.43,16.788],[102.471,16.799],[102.506,16.794],[102.541,16.781],[102.554,16.762],[102.562,16.76],[102.61,16.769],[102.619,16.781],[102.632,16.844],[102.683,16.957],[102.688,16.987],[102.632,17.003],[102.619,17.019],[102.575,17.038],[102.52,17.1],[102.508,17.135],[102.525,17.143],[102.525,17.151],[102.516,17.16],[102.521,17.183],[102.512,17.186],[102.519,17.216],[102.539,17.231],[102.548,17.217],[102.557,17.237],[102.577,17.233],[102.595,17.252],[102.596,17.263],[102.541,17.261],[102.517,17.278],[102.496,17.284],[102.475,17.276],[102.474,17.281],[102.462,17.285],[102.444,17.28],[102.45,17.315],[102.446,17.339],[102.397,17.435],[102.396,17.453],[102.368,17.523],[102.358,17.525],[102.356,17.541],[102.344,17.551],[102.348,17.582],[102.338,17.589],[102.334,17.636],[102.329,17.648],[102.333,17.678],[102.327,17.681],[102.277,17.67],[102.288,17.655],[102.193,17.659],[102.172,17.675],[102.155,17.672],[102.157,17.66],[102.138,17.641],[102.12,17.644],[102.115,17.657],[102.103,17.646],[102.081,17.643]]]]}},{"type":"Feature","properties":{"code":"24"},"geometry":{"type":"MultiPolygon","coordinates":[[[[100.849,13.479],[100.935,13.463],[100.955,13.466],[100.969,13.476],[100.974,13.464],[100.997,13.463],[101.018,13.474],[101.025,13.49],[101.04,13.494],[101.044,13.504],[101.053,13.509],[101.051,13.545],[101.06,13.55],[101.089,13.55],[101.101,13.562],[101.121,13.564],[101.141,13.59],[101.157,13.589],[101.202,13.568],[101.284,13.549],[101.297,13.539],[101.312,13.504],[101.324,13.492],[101.343,13.483],[101.366,13.455],[101.404,13.459],[101.412,13.454],[101.424,13.429],[101.446,13.409],[101.463,13.407],[101.489,13.417],[101.526,13.397],[101.547,13.372],[101.562,13.332],[101.58,13.327],[101.599,13.309],[101.636,13.294],[101.683,13.248],[101.69,13.224],[101.715,13.193],[101.717,13.172],[101.732,13.184],[101.77,13.181],[101.791,13.197],[101.817,13.207],[101.829,13.228],[101.855,13.238],[101.872,13.233],[101.879,13.217],[101.889,13.22],[101.911,13.278],[101.928,13.288],[101.948,13.291],[101.995,13.336],[101.981,13.401],[101.962,13.415],[101.947,13.441],[101.944,13.474],[101.952,13.489],[101.981,13.491],[101.998,13.5],[101.999,13.534],[101.99,13.557],[101.992,13.578],[101.988,13.587],[101.98,13.589],[101.941,13.581],[101.916,13.586],[101.914,13.596],[101.923,13.616],[101.922,13.631],[101.889,13.659],[101.886,13.67],[101.888,13.699],[101.88,13.718],[101.869,13.726],[101.836,13.717],[101.814,13.721],[101.799,13.742],[101.788,13.773],[101.757,13.802],[101.749,13.804],[101.703,13.791],[101.698,13.786],[101.698,13.761],[101.679,13.752],[101.666,13.754],[101.648,13.764],[101.627,13.765],[101.594,13.785],[101.583,13.782],[101.568,13.751],[101.56,13.749],[101.545,13.776],[101.457,13.82],[101.437,13.821],[101.397,13.847],[101.359,13.861],[101.337,13.857],[101.324,13.864],[101.309,13.861],[101.295,13.871],[101.263,13.871],[101.244,13.862],[101.221,13.878],[101.18,13.864],[101.165,13.851],[101.148,13.849],[101.156,13.861],[101.14,13.878],[101.151,13.899],[101.158,13.929],[101.152,13.931],[101.152,13.941],[101.14,13.968],[101.044,13.977],[100.914,13.961],[100.902,13.849],[100.913,13.847],[100.908,13.838],[100.938,13.814],[100.928,13.801],[100.91,13.791],[100.855,13.699],[100.956,13.662],[100.954,13.647],[100.964,13.645],[100.959,13.632],[100.923,13.594],[100.907,13.592],[100.907,13.581],[100.915,13.571],[100.904,13.554],[100.89,13.565],[100.89,13.558],[100.879,13.548],[100.872,13.524],[100.872,13.494],[100.868,13.482],[100.851,13.487],[100.849,13.479]]]]}},{"type":"Feature","properties":{"code":"32"},"geometry":{"type":"MultiPolygon","coordinates":[[[[103.405,15.437],[103.381,15.429],[103.362,15.413],[103.341,15.406],[103.327,15.414],[103.314,15.413],[103.27,15.423],[103.262,15.43],[103.263,15.438],[103.251,15.448],[103.225,15.448],[103.225,15.454],[103.214,15.458],[103.215,15.461],[103.204,15.46],[103.114,15.483],[103.111,15.478],[103.115,15.467],[103.108,15.465],[103.106,15.457],[103.111,15.451],[103.101,15.43],[103.09,15.424],[103.09,15.419],[103.108,15.409],[103.114,15.41],[103.118,15.402],[103.135,15.401],[103.133,15.409],[103.139,15.412],[103.146,15.402],[103.141,15.388],[103.148,15.381],[103.151,15.386],[103.155,15.384],[103.155,15.379],[103.148,15.376],[103.157,15.373],[103.155,15.365],[103.164,15.364],[103.159,15.362],[103.156,15.353],[103.163,15.353],[103.171,15.364],[103.178,15.36],[103.182,15.368],[103.194,15.366],[103.197,15.358],[103.187,15.358],[103.193,15.353],[103.197,15.335],[103.201,15.336],[103.202,15.343],[103.207,15.339],[103.212,15.343],[103.21,15.331],[103.217,15.336],[103.224,15.331],[103.219,15.328],[103.219,15.321],[103.226,15.323],[103.231,15.317],[103.232,15.324],[103.245,15.317],[103.253,15.321],[103.254,15.313],[103.248,15.307],[103.258,15.313],[103.266,15.31],[103.266,15.318],[103.275,15.319],[103.285,15.316],[103.281,15.307],[103.29,15.299],[103.306,15.319],[103.316,15.318],[103.314,15.327],[103.32,15.328],[103.324,15.333],[103.33,15.331],[103.328,15.337],[103.34,15.336],[103.342,15.344],[103.35,15.34],[103.349,15.347],[103.362,15.345],[103.36,15.338],[103.375,15.339],[103.388,15.324],[103.386,15.318],[103.401,15.315],[103.403,15.309],[103.409,15.314],[103.415,15.311],[103.419,15.317],[103.425,15.316],[103.426,15.309],[103.431,15.31],[103.429,15.321],[103.435,15.323],[103.432,15.329],[103.436,15.335],[103.443,15.331],[103.451,15.336],[103.442,15.338],[103.444,15.344],[103.451,15.344],[103.452,15.337],[103.459,15.335],[103.468,15.347],[103.475,15.329],[103.469,15.326],[103.472,15.32],[103.482,15.32],[103.486,15.311],[103.492,15.317],[103.496,15.308],[103.503,15.314],[103.503,15.306],[103.497,15.302],[103.505,15.292],[103.489,15.291],[103.481,15.296],[103.477,15.286],[103.47,15.288],[103.469,15.28],[103.463,15.283],[103.459,15.257],[103.453,15.255],[103.442,15.263],[103.442,15.258],[103.448,15.257],[103.436,15.243],[103.434,15.229],[103.437,15.221],[103.429,15.214],[103.436,15.207],[103.426,15.208],[103.419,15.201],[103.418,15.188],[103.429,15.184],[103.42,15.168],[103.429,15.16],[103.421,15.152],[103.429,15.141],[103.424,15.13],[103.433,15.122],[103.428,15.118],[103.426,15.106],[103.435,15.109],[103.442,15.106],[103.44,15.099],[103.431,15.1],[103.429,15.083],[103.439,15.09],[103.442,15.086],[103.423,15.066],[103.441,15.057],[103.448,15.046],[103.437,15.03],[103.422,15.031],[103.425,15.026],[103.417,15.018],[103.415,15.004],[103.41,15.003],[103.427,14.993],[103.427,14.988],[103.422,14.99],[103.42,14.985],[103.431,14.979],[103.421,14.977],[103.422,14.971],[103.43,14.971],[103.42,14.967],[103.417,14.959],[103.424,14.954],[103.424,14.943],[103.428,14.942],[103.426,14.929],[103.418,14.919],[103.402,14.92],[103.399,14.913],[103.405,14.912],[103.398,14.901],[103.405,14.898],[103.401,14.893],[103.39,14.895],[103.392,14.886],[103.387,14.886],[103.379,14.877],[103.385,14.872],[103.377,14.871],[103.376,14.86],[103.365,14.859],[103.352,14.84],[103.341,14.839],[103.346,14.831],[103.34,14.828],[103.329,14.833],[103.319,14.827],[103.32,14.817],[103.314,14.817],[103.314,14.811],[103.308,14.814],[103.307,14.793],[103.284,14.764],[103.289,14.73],[103.274,14.678],[103.253,14.639],[103.251,14.618],[103.23,14.592],[103.23,14.571],[103.237,14.547],[103.227,14.538],[103.228,14.529],[103.257,14.454],[103.258,14.441],[103.256,14.425],[103.241,14.407],[103.249,14.389],[103.239,14.366],[103.243,14.337],[103.266,14.35],[103.282,14.348],[103.316,14.357],[103.333,14.351],[103.339,14.36],[103.353,14.353],[103.367,14.352],[103.402,14.358],[103.399,14.37],[103.412,14.372],[103.417,14.381],[103.436,14.391],[103.439,14.379],[103.446,14.382],[103.451,14.368],[103.468,14.365],[103.483,14.388],[103.492,14.386],[103.497,14.39],[103.498,14.412],[103.524,14.418],[103.537,14.426],[103.578,14.434],[103.598,14.423],[103.61,14.425],[103.615,14.408],[103.621,14.404],[103.642,14.415],[103.654,14.413],[103.657,14.421],[103.641,14.425],[103.645,14.434],[103.654,14.439],[103.676,14.437],[103.689,14.44],[103.708,14.431],[103.7,14.392],[103.706,14.382],[103.725,14.381],[103.732,14.386],[103.752,14.372],[103.759,14.378],[103.775,14.361],[103.802,14.37],[103.803,14.357],[103.83,14.353],[103.833,14.368],[103.842,14.372],[103.861,14.367],[103.86,14.358],[103.868,14.354],[103.882,14.338],[103.885,14.343],[103.9,14.345],[103.901,14.337],[103.942,14.33],[103.947,14.332],[103.95,14.35],[103.971,14.35],[103.98,14.355],[103.989,14.346],[103.996,14.345],[104.007,14.357],[104.016,14.342],[104.028,14.337],[104.046,14.341],[104.046,14.375],[104.063,14.446],[104.057,14.484],[104.045,14.5],[104.042,14.515],[104.044,14.545],[104.067,14.616],[104.066,14.641],[104.058,14.664],[104.007,14.729],[104.01,14.778],[104,14.804],[103.992,14.811],[103.97,14.812],[103.932,14.831],[103.915,14.851],[103.942,14.919],[103.972,14.954],[103.979,14.975],[103.999,14.992],[103.999,15.008],[104.02,15.029],[104.014,15.05],[104.018,15.06],[103.996,15.09],[103.992,15.113],[103.995,15.141],[103.971,15.159],[103.969,15.167],[103.98,15.194],[103.976,15.208],[103.989,15.22],[103.992,15.235],[103.977,15.253],[103.977,15.264],[103.997,15.27],[104.001,15.28],[104.015,15.288],[104.016,15.303],[104.028,15.306],[104.032,15.323],[104.073,15.343],[104.08,15.358],[104.068,15.367],[104.063,15.386],[104.045,15.401],[104.017,15.409],[103.983,15.403],[103.974,15.411],[103.971,15.424],[103.95,15.417],[103.939,15.418],[103.934,15.427],[103.937,15.439],[103.916,15.434],[103.901,15.439],[103.886,15.469],[103.88,15.461],[103.863,15.456],[103.856,15.462],[103.83,15.459],[103.823,15.449],[103.775,15.435],[103.735,15.44],[103.719,15.436],[103.64,15.449],[103.6,15.466],[103.565,15.46],[103.529,15.434],[103.472,15.447],[103.405,15.437]]]]}},{"type":"Feature","properties":{"code":"30"},"geometry":{"type":"MultiPolygon","coordinates":[[[[101.41,15],[101.439,14.95],[101.451,14.921],[101.455,14.877],[101.452,14.866],[101.407,14.836],[101.393,14.832],[101.377,14.819],[101.346,14.805],[101.339,14.793],[101.336,14.772],[101.31,14.757],[101.296,14.742],[101.285,14.742],[101.279,14.729],[101.233,14.739],[101.22,14.749],[101.199,14.756],[101.197,14.749],[101.189,14.749],[101.194,14.731],[101.185,14.722],[101.189,14.715],[101.186,14.711],[101.195,14.705],[101.204,14.683],[101.199,14.664],[101.205,14.656],[101.208,14.633],[101.204,14.608],[101.211,14.599],[101.208,14.595],[101.216,14.589],[101.187,14.551],[101.19,14.535],[101.209,14.522],[101.226,14.496],[101.243,14.48],[101.264,14.473],[101.264,14.495],[101.277,14.506],[101.292,14.493],[101.311,14.492],[101.322,14.476],[101.372,14.446],[101.387,14.429],[101.444,14.425],[101.446,14.447],[101.459,14.458],[101.483,14.462],[101.496,14.455],[101.514,14.436],[101.541,14.426],[101.601,14.438],[101.632,14.427],[101.636,14.413],[101.655,14.407],[101.666,14.391],[101.714,14.355],[101.734,14.328],[101.751,14.313],[101.761,14.323],[101.759,14.339],[101.764,14.349],[101.784,14.35],[101.804,14.363],[101.825,14.355],[101.87,14.365],[101.887,14.395],[101.897,14.393],[101.928,14.359],[101.941,14.364],[101.952,14.381],[101.959,14.381],[101.982,14.367],[101.986,14.352],[101.969,14.318],[101.947,14.288],[101.962,14.253],[102.046,14.192],[102.079,14.16],[102.145,14.136],[102.166,14.137],[102.171,14.142],[102.171,14.171],[102.184,14.186],[102.196,14.188],[102.221,14.167],[102.224,14.142],[102.235,14.138],[102.277,14.141],[102.282,14.127],[102.303,14.128],[102.32,14.148],[102.341,14.149],[102.364,14.158],[102.394,14.145],[102.406,14.146],[102.415,14.156],[102.427,14.157],[102.46,14.138],[102.481,14.145],[102.493,14.144],[102.501,14.133],[102.499,14.118],[102.504,14.092],[102.509,14.087],[102.522,14.087],[102.546,14.09],[102.554,14.096],[102.535,14.106],[102.539,14.121],[102.567,14.128],[102.594,14.149],[102.583,14.204],[102.621,14.279],[102.617,14.286],[102.598,14.295],[102.592,14.302],[102.595,14.346],[102.574,14.371],[102.582,14.404],[102.566,14.447],[102.539,14.472],[102.498,14.501],[102.484,14.559],[102.484,14.572],[102.512,14.644],[102.51,14.655],[102.487,14.693],[102.481,14.718],[102.484,14.742],[102.482,14.754],[102.444,14.807],[102.437,14.858],[102.455,14.843],[102.483,14.833],[102.504,14.808],[102.534,14.806],[102.568,14.814],[102.579,14.822],[102.578,14.831],[102.553,14.874],[102.547,14.895],[102.56,14.937],[102.521,14.959],[102.521,14.966],[102.526,14.969],[102.543,14.967],[102.625,14.939],[102.672,14.941],[102.707,14.952],[102.761,14.992],[102.766,15.023],[102.786,15.049],[102.777,15.072],[102.853,15.154],[102.918,15.182],[102.942,15.175],[102.981,15.187],[102.986,15.195],[102.976,15.217],[102.972,15.264],[102.98,15.284],[102.973,15.326],[102.981,15.342],[103.002,15.349],[103.001,15.357],[102.991,15.366],[102.959,15.372],[102.952,15.38],[102.954,15.402],[102.957,15.406],[102.969,15.403],[102.978,15.424],[102.981,15.42],[102.988,15.425],[102.994,15.418],[103,15.428],[103.02,15.439],[103.012,15.457],[103.002,15.47],[102.988,15.475],[102.958,15.474],[102.958,15.486],[102.947,15.488],[102.943,15.504],[102.922,15.512],[102.895,15.514],[102.866,15.506],[102.851,15.511],[102.837,15.507],[102.827,15.511],[102.798,15.547],[102.796,15.584],[102.783,15.621],[102.789,15.639],[102.757,15.665],[102.734,15.662],[102.724,15.667],[102.702,15.7],[102.705,15.714],[102.701,15.719],[102.658,15.707],[102.618,15.721],[102.592,15.703],[102.571,15.702],[102.511,15.718],[102.461,15.709],[102.426,15.693],[102.394,15.726],[102.371,15.732],[102.37,15.764],[102.348,15.78],[102.335,15.806],[102.319,15.808],[102.308,15.795],[102.265,15.78],[102.256,15.756],[102.243,15.748],[102.222,15.75],[102.215,15.757],[102.209,15.746],[102.2,15.742],[102.193,15.742],[102.184,15.749],[102.167,15.742],[102.162,15.735],[102.164,15.725],[102.147,15.697],[102.143,15.675],[102.132,15.67],[102.129,15.654],[102.111,15.632],[102.082,15.62],[102.073,15.636],[102.052,15.636],[102.035,15.651],[102.004,15.593],[101.995,15.583],[101.964,15.567],[101.956,15.553],[101.951,15.535],[101.966,15.481],[101.963,15.471],[101.93,15.457],[101.909,15.441],[101.9,15.431],[101.885,15.385],[101.878,15.377],[101.862,15.378],[101.845,15.388],[101.813,15.387],[101.719,15.337],[101.638,15.311],[101.595,15.271],[101.566,15.253],[101.428,15.215],[101.406,15.213],[101.397,15.217],[101.38,15.255],[101.365,15.274],[101.345,15.286],[101.3,15.302],[101.302,15.282],[101.279,15.244],[101.284,15.151],[101.274,15.125],[101.275,15.092],[101.292,15.085],[101.312,15.087],[101.348,15.066],[101.379,15.064],[101.398,15.04],[101.401,15.014],[101.41,15]]]]}},{"type":"Feature","properties":{"code":"64"},"geometry":{"type":"MultiPolygon","coordinates":[[[[99.316,17.269],[99.321,17.247],[99.32,17.227],[99.313,17.219],[99.313,17.141],[99.325,17.125],[99.319,17.108],[99.298,17.092],[99.278,17.06],[99.285,17.014],[99.276,16.977],[99.267,16.972],[99.278,16.929],[99.308,16.921],[99.33,16.896],[99.361,16.879],[99.375,16.865],[99.482,16.888],[99.495,16.889],[99.52,16.881],[99.542,16.861],[99.548,16.826],[99.555,16.815],[99.674,16.74],[99.711,16.73],[99.752,16.736],[99.855,16.737],[99.904,16.688],[99.939,16.702],[99.941,16.713],[99.932,16.724],[99.887,16.735],[99.888,16.754],[99.897,16.765],[99.922,16.776],[99.932,16.786],[99.949,16.862],[99.959,16.866],[99.979,16.861],[99.994,16.864],[100.021,16.855],[100.025,16.858],[100.022,16.882],[100.032,16.891],[100.074,16.897],[100.105,16.896],[100.123,16.891],[100.132,16.901],[100.12,16.927],[100.12,16.94],[100.129,16.945],[100.132,16.951],[100.128,16.969],[99.984,17.062],[99.962,17.083],[99.951,17.108],[99.929,17.119],[99.912,17.157],[99.92,17.165],[99.932,17.166],[99.968,17.16],[99.983,17.166],[99.987,17.181],[99.986,17.215],[99.975,17.228],[99.978,17.242],[99.968,17.244],[99.985,17.278],[100.007,17.294],[100.017,17.321],[100.012,17.365],[100.016,17.382],[100.011,17.388],[100,17.395],[99.998,17.406],[100.003,17.414],[100.029,17.421],[100.037,17.436],[100.035,17.442],[100.026,17.453],[100.02,17.474],[99.998,17.498],[99.966,17.518],[99.967,17.533],[99.951,17.539],[99.928,17.571],[99.933,17.585],[99.954,17.596],[99.97,17.614],[99.98,17.665],[99.969,17.705],[99.921,17.75],[99.92,17.759],[99.928,17.765],[99.928,17.772],[99.918,17.786],[99.908,17.791],[99.901,17.802],[99.896,17.804],[99.807,17.797],[99.778,17.779],[99.76,17.755],[99.757,17.74],[99.743,17.725],[99.726,17.721],[99.709,17.751],[99.697,17.758],[99.662,17.797],[99.621,17.813],[99.592,17.817],[99.55,17.807],[99.521,17.79],[99.482,17.744],[99.473,17.729],[99.481,17.709],[99.473,17.689],[99.477,17.671],[99.45,17.637],[99.456,17.6],[99.45,17.596],[99.428,17.602],[99.42,17.591],[99.418,17.564],[99.435,17.552],[99.44,17.527],[99.437,17.52],[99.417,17.507],[99.417,17.48],[99.409,17.468],[99.41,17.461],[99.427,17.437],[99.442,17.428],[99.43,17.402],[99.434,17.389],[99.444,17.385],[99.454,17.372],[99.472,17.366],[99.481,17.342],[99.477,17.32],[99.459,17.304],[99.454,17.291],[99.457,17.254],[99.445,17.244],[99.444,17.228],[99.415,17.214],[99.402,17.212],[99.394,17.202],[99.389,17.202],[99.373,17.21],[99.368,17.231],[99.339,17.267],[99.316,17.269]]]]}},{"type":"Feature","properties":{"code":"76"},"geometry":{"type":"MultiPolygon","coordinates":[[[[99.204,13.204],[99.198,13.193],[99.194,13.197],[99.182,13.193],[99.174,13.203],[99.157,13.208],[99.132,13.203],[99.123,13.195],[99.123,13.182],[99.117,13.175],[99.134,13.165],[99.137,13.15],[99.13,13.143],[99.137,13.133],[99.134,13.119],[99.128,13.116],[99.131,13.097],[99.12,13.096],[99.115,13.088],[99.103,13.084],[99.1,13.073],[99.104,13.064],[99.114,13.058],[99.126,13.038],[99.146,13.034],[99.148,13.027],[99.154,13.027],[99.158,13.02],[99.171,13.015],[99.169,13.01],[99.18,12.993],[99.195,12.991],[99.187,12.978],[99.195,12.96],[99.194,12.953],[99.184,12.945],[99.173,12.943],[99.167,12.929],[99.162,12.928],[99.183,12.911],[99.181,12.887],[99.189,12.88],[99.185,12.862],[99.189,12.845],[99.198,12.844],[99.211,12.826],[99.218,12.829],[99.222,12.822],[99.228,12.79],[99.234,12.78],[99.234,12.751],[99.228,12.744],[99.239,12.727],[99.248,12.719],[99.27,12.728],[99.279,12.716],[99.289,12.715],[99.29,12.699],[99.301,12.69],[99.295,12.678],[99.309,12.668],[99.318,12.669],[99.338,12.662],[99.345,12.641],[99.365,12.635],[99.365,12.626],[99.378,12.622],[99.379,12.616],[99.397,12.612],[99.414,12.615],[99.421,12.609],[99.425,12.595],[99.445,12.577],[99.479,12.587],[99.522,12.586],[99.575,12.572],[99.583,12.566],[99.591,12.547],[99.6,12.542],[99.625,12.545],[99.635,12.558],[99.653,12.563],[99.679,12.579],[99.699,12.58],[99.712,12.585],[99.752,12.578],[99.762,12.581],[99.806,12.616],[99.821,12.63],[99.845,12.622],[99.858,12.628],[99.885,12.623],[99.897,12.63],[99.919,12.625],[99.956,12.634],[99.966,12.691],[99.967,12.74],[99.991,12.81],[99.996,12.815],[100.002,12.812],[99.992,12.818],[100.003,12.814],[99.995,12.821],[100.016,12.862],[100.025,12.896],[100.029,12.935],[100.046,12.976],[100.106,13.059],[100.099,13.056],[100.083,13.061],[100.066,13.085],[100.062,13.106],[100.067,13.158],[100.019,13.185],[100.007,13.198],[99.987,13.234],[99.976,13.245],[99.965,13.245],[99.955,13.26],[99.944,13.265],[99.952,13.29],[99.929,13.272],[99.902,13.275],[99.902,13.262],[99.894,13.251],[99.897,13.241],[99.892,13.237],[99.873,13.245],[99.868,13.262],[99.855,13.269],[99.854,13.294],[99.866,13.306],[99.862,13.33],[99.847,13.326],[99.809,13.33],[99.795,13.326],[99.783,13.332],[99.749,13.331],[99.703,13.312],[99.683,13.285],[99.672,13.278],[99.668,13.273],[99.665,13.216],[99.636,13.199],[99.575,13.191],[99.526,13.199],[99.504,13.179],[99.493,13.18],[99.48,13.191],[99.456,13.179],[99.443,13.181],[99.434,13.19],[99.418,13.192],[99.402,13.206],[99.383,13.21],[99.366,13.224],[99.347,13.23],[99.323,13.204],[99.324,13.175],[99.321,13.166],[99.29,13.146],[99.27,13.142],[99.249,13.184],[99.237,13.191],[99.214,13.195],[99.204,13.204]]]]}},{"type":"Feature","properties":{"code":"36"},"geometry":{"type":"MultiPolygon","coordinates":[[[[102.335,15.806],[102.331,15.854],[102.363,15.903],[102.369,15.918],[102.366,15.931],[102.377,15.948],[102.378,15.968],[102.394,15.983],[102.393,15.991],[102.374,15.996],[102.343,16.022],[102.297,16.038],[102.269,16.057],[102.264,16.07],[102.328,16.127],[102.349,16.167],[102.401,16.232],[102.411,16.251],[102.424,16.302],[102.45,16.351],[102.461,16.397],[102.454,16.407],[102.419,16.426],[102.409,16.463],[102.398,16.456],[102.399,16.447],[102.384,16.442],[102.382,16.445],[102.375,16.435],[102.365,16.438],[102.368,16.447],[102.365,16.453],[102.358,16.448],[102.346,16.452],[102.336,16.445],[102.329,16.446],[102.329,16.45],[102.324,16.445],[102.319,16.446],[102.317,16.456],[102.301,16.445],[102.293,16.447],[102.289,16.454],[102.278,16.457],[102.279,16.46],[102.277,16.456],[102.269,16.456],[102.265,16.462],[102.256,16.461],[102.257,16.467],[102.244,16.469],[102.239,16.483],[102.228,16.484],[102.214,16.501],[102.207,16.498],[102.204,16.504],[102.192,16.499],[102.182,16.506],[102.173,16.492],[102.171,16.497],[102.163,16.498],[102.165,16.502],[102.157,16.498],[102.158,16.503],[102.149,16.499],[102.142,16.503],[102.134,16.496],[102.123,16.494],[102.106,16.498],[102.1,16.494],[102.094,16.499],[102.085,16.492],[102.079,16.497],[102.068,16.494],[102.073,16.503],[102.069,16.501],[102.063,16.507],[102.06,16.503],[102.06,16.508],[102.056,16.504],[102.038,16.512],[102.03,16.525],[102.034,16.532],[102.032,16.541],[102.024,16.548],[102.025,16.557],[102.015,16.557],[102.006,16.557],[101.998,16.566],[101.994,16.561],[101.99,16.564],[101.988,16.574],[101.977,16.586],[101.972,16.616],[101.956,16.633],[101.91,16.634],[101.849,16.659],[101.843,16.654],[101.827,16.658],[101.823,16.65],[101.82,16.655],[101.806,16.653],[101.804,16.647],[101.8,16.65],[101.8,16.645],[101.786,16.64],[101.774,16.629],[101.779,16.647],[101.765,16.655],[101.754,16.652],[101.75,16.668],[101.743,16.668],[101.724,16.654],[101.692,16.684],[101.66,16.689],[101.629,16.683],[101.599,16.705],[101.575,16.691],[101.557,16.671],[101.522,16.682],[101.51,16.676],[101.506,16.656],[101.519,16.633],[101.516,16.622],[101.496,16.61],[101.495,16.576],[101.515,16.549],[101.469,16.52],[101.467,16.501],[101.475,16.489],[101.475,16.477],[101.452,16.455],[101.447,16.441],[101.42,16.424],[101.419,16.411],[101.413,16.412],[101.401,16.401],[101.411,16.389],[101.408,16.379],[101.394,16.374],[101.393,16.366],[101.374,16.348],[101.363,16.285],[101.345,16.26],[101.369,16.237],[101.342,16.199],[101.348,16.182],[101.325,16.088],[101.324,16.033],[101.341,15.981],[101.352,15.973],[101.379,15.967],[101.386,15.956],[101.371,15.924],[101.371,15.894],[101.328,15.856],[101.328,15.808],[101.319,15.774],[101.335,15.739],[101.36,15.718],[101.376,15.718],[101.392,15.709],[101.396,15.687],[101.38,15.647],[101.365,15.582],[101.364,15.561],[101.376,15.475],[101.372,15.406],[101.349,15.374],[101.337,15.338],[101.3,15.302],[101.345,15.286],[101.365,15.274],[101.38,15.255],[101.397,15.217],[101.406,15.213],[101.428,15.215],[101.566,15.253],[101.595,15.271],[101.638,15.311],[101.719,15.337],[101.813,15.387],[101.845,15.388],[101.862,15.378],[101.878,15.377],[101.885,15.385],[101.9,15.431],[101.909,15.441],[101.93,15.457],[101.963,15.471],[101.966,15.481],[101.951,15.535],[101.956,15.553],[101.964,15.567],[101.995,15.583],[102.004,15.593],[102.035,15.651],[102.052,15.636],[102.073,15.636],[102.082,15.62],[102.111,15.632],[102.129,15.654],[102.132,15.67],[102.143,15.675],[102.147,15.697],[102.164,15.725],[102.162,15.735],[102.167,15.742],[102.184,15.749],[102.193,15.742],[102.2,15.742],[102.209,15.746],[102.215,15.757],[102.222,15.75],[102.243,15.748],[102.256,15.756],[102.267,15.781],[102.308,15.795],[102.319,15.808],[102.335,15.806]]]]}},{"type":"Feature","properties":{"code":"67"},"geometry":{"type":"MultiPolygon","coordinates":[[[[100.739,15.497],[100.763,15.486],[100.828,15.48],[100.88,15.465],[100.927,15.479],[100.974,15.483],[100.989,15.478],[101.021,15.456],[101.048,15.427],[101.087,15.427],[101.132,15.392],[101.154,15.392],[101.196,15.406],[101.214,15.399],[101.24,15.397],[101.252,15.382],[101.256,15.336],[101.285,15.319],[101.3,15.302],[101.337,15.338],[101.349,15.374],[101.372,15.406],[101.376,15.475],[101.364,15.561],[101.365,15.582],[101.38,15.647],[101.396,15.687],[101.392,15.709],[101.376,15.718],[101.36,15.718],[101.335,15.739],[101.319,15.774],[101.328,15.808],[101.328,15.856],[101.371,15.894],[101.371,15.924],[101.386,15.956],[101.379,15.967],[101.352,15.973],[101.341,15.981],[101.324,16.033],[101.325,16.088],[101.348,16.182],[101.342,16.199],[101.369,16.237],[101.345,16.26],[101.363,16.285],[101.374,16.348],[101.393,16.366],[101.394,16.374],[101.408,16.379],[101.411,16.389],[101.401,16.401],[101.413,16.412],[101.419,16.411],[101.42,16.424],[101.447,16.441],[101.452,16.455],[101.475,16.477],[101.475,16.489],[101.467,16.501],[101.469,16.52],[101.515,16.549],[101.495,16.576],[101.496,16.61],[101.516,16.622],[101.519,16.633],[101.506,16.656],[101.51,16.676],[101.522,16.682],[101.557,16.671],[101.575,16.691],[101.599,16.705],[101.629,16.683],[101.66,16.689],[101.692,16.684],[101.713,16.662],[101.729,16.654],[101.737,16.664],[101.75,16.668],[101.751,16.677],[101.765,16.679],[101.772,16.686],[101.771,16.703],[101.775,16.703],[101.776,16.713],[101.796,16.733],[101.787,16.744],[101.788,16.764],[101.764,16.756],[101.725,16.755],[101.706,16.783],[101.687,16.799],[101.7,16.81],[101.718,16.81],[101.715,16.829],[101.718,16.914],[101.705,16.937],[101.683,16.958],[101.652,17.023],[101.649,17.046],[101.642,17.049],[101.624,17.039],[101.602,17.004],[101.576,16.994],[101.554,16.993],[101.542,17],[101.531,17.031],[101.537,17.043],[101.532,17.055],[101.512,17.053],[101.51,17.062],[101.497,17.069],[101.488,17.068],[101.475,17.088],[101.462,17.095],[101.441,17.073],[101.43,17.074],[101.404,17.091],[101.395,17.086],[101.393,17.079],[101.382,17.081],[101.373,17.089],[101.359,17.081],[101.345,17.085],[101.338,17.072],[101.318,17.063],[101.307,17.079],[101.272,17.081],[101.231,17.112],[101.213,17.117],[101.192,17.109],[101.193,17.082],[101.17,17.045],[101.157,17.038],[101.137,17.039],[101.126,17.031],[101.124,17.011],[101.132,16.995],[101.122,16.957],[101.124,16.937],[101.121,16.926],[101.106,16.922],[101.106,16.903],[101.096,16.898],[101.067,16.9],[101.037,16.907],[101.004,16.861],[100.977,16.851],[100.969,16.832],[100.951,16.825],[100.937,16.797],[100.925,16.796],[100.912,16.801],[100.895,16.794],[100.891,16.771],[100.907,16.753],[100.907,16.741],[100.915,16.726],[100.914,16.707],[100.927,16.684],[100.916,16.677],[100.912,16.667],[100.873,16.662],[100.854,16.643],[100.837,16.596],[100.845,16.558],[100.844,16.545],[100.831,16.521],[100.811,16.494],[100.795,16.482],[100.795,16.453],[100.773,16.45],[100.743,16.424],[100.706,16.415],[100.695,16.407],[100.698,16.383],[100.679,16.356],[100.668,16.347],[100.69,16.29],[100.698,16.242],[100.687,16.221],[100.646,16.172],[100.634,16.147],[100.638,16.096],[100.629,16.048],[100.659,16.044],[100.707,16.03],[100.74,16.011],[100.771,15.986],[100.773,15.978],[100.758,15.947],[100.754,15.907],[100.762,15.891],[100.787,15.884],[100.798,15.871],[100.799,15.854],[100.789,15.818],[100.789,15.805],[100.819,15.707],[100.831,15.687],[100.831,15.68],[100.817,15.661],[100.832,15.647],[100.835,15.633],[100.831,15.622],[100.8,15.588],[100.801,15.573],[100.789,15.543],[100.774,15.529],[100.745,15.517],[100.739,15.509],[100.739,15.497]]]]}},{"type":"Feature","properties":{"code":"84"},"geometry":{"type":"MultiPolygon","coordinates":[[[[99.958,9.369],[99.949,9.378],[99.951,9.395],[99.936,9.381],[99.935,9.373],[99.94,9.37],[99.928,9.359],[99.941,9.356],[99.956,9.36],[99.958,9.369]]],[[[99.669,9.379],[99.677,9.391],[99.672,9.405],[99.665,9.399],[99.662,9.385],[99.669,9.379]]],[[[99.973,9.788],[99.967,9.785],[99.961,9.772],[99.961,9.757],[99.966,9.749],[99.975,9.748],[99.98,9.733],[99.976,9.725],[99.984,9.71],[100.039,9.693],[100.07,9.667],[100.077,9.668],[100.068,9.677],[100.078,9.682],[100.074,9.691],[100.079,9.699],[100.075,9.714],[100.08,9.718],[100.076,9.721],[100.081,9.739],[100.074,9.749],[100.073,9.766],[100.066,9.773],[100.061,9.769],[100.057,9.773],[100.056,9.782],[100.062,9.786],[100.052,9.793],[100.035,9.792],[100.031,9.803],[100.026,9.804],[100.016,9.802],[100.005,9.787],[99.996,9.792],[99.998,9.795],[99.991,9.803],[99.989,9.798],[99.982,9.799],[99.976,9.791],[99.971,9.792],[99.973,9.788]]],[[[99.844,10.073],[99.849,10.086],[99.856,10.088],[99.852,10.093],[99.854,10.102],[99.846,10.104],[99.85,10.112],[99.842,10.119],[99.843,10.125],[99.838,10.127],[99.835,10.121],[99.824,10.127],[99.82,10.113],[99.827,10.103],[99.827,10.093],[99.824,10.084],[99.816,10.08],[99.815,10.068],[99.822,10.064],[99.827,10.066],[99.829,10.058],[99.833,10.066],[99.842,10.064],[99.839,10.071],[99.844,10.073]]],[[[98.511,9.306],[98.531,9.296],[98.535,9.248],[98.531,9.234],[98.513,9.215],[98.502,9.185],[98.505,9.179],[98.502,9.163],[98.51,9.153],[98.492,9.144],[98.488,9.123],[98.498,9.079],[98.481,9.064],[98.494,9.019],[98.505,9.01],[98.517,8.986],[98.506,8.978],[98.496,8.979],[98.457,8.955],[98.453,8.935],[98.465,8.916],[98.454,8.89],[98.458,8.884],[98.505,8.876],[98.517,8.856],[98.543,8.846],[98.549,8.829],[98.573,8.797],[98.592,8.799],[98.607,8.791],[98.601,8.708],[98.583,8.694],[98.571,8.67],[98.551,8.667],[98.545,8.656],[98.591,8.623],[98.615,8.62],[98.618,8.626],[98.645,8.635],[98.66,8.647],[98.672,8.636],[98.724,8.625],[98.734,8.63],[98.75,8.669],[98.759,8.675],[98.77,8.674],[98.782,8.667],[98.8,8.644],[98.852,8.642],[98.871,8.616],[98.896,8.608],[98.918,8.585],[98.929,8.561],[98.898,8.536],[98.884,8.515],[98.908,8.472],[98.906,8.452],[98.893,8.432],[98.89,8.413],[98.899,8.39],[98.899,8.349],[98.906,8.321],[98.917,8.309],[98.928,8.321],[98.943,8.325],[98.981,8.325],[98.998,8.314],[99.031,8.322],[99.047,8.342],[99.067,8.355],[99.12,8.35],[99.14,8.333],[99.182,8.321],[99.196,8.328],[99.216,8.322],[99.238,8.336],[99.266,8.341],[99.244,8.367],[99.24,8.39],[99.256,8.434],[99.288,8.472],[99.281,8.542],[99.292,8.541],[99.316,8.524],[99.329,8.519],[99.366,8.546],[99.408,8.563],[99.429,8.588],[99.449,8.599],[99.448,8.639],[99.467,8.643],[99.478,8.66],[99.49,8.666],[99.492,8.697],[99.521,8.723],[99.529,8.756],[99.523,8.782],[99.527,8.846],[99.532,8.85],[99.555,8.849],[99.561,8.858],[99.56,8.878],[99.576,8.894],[99.587,8.915],[99.608,8.921],[99.615,8.91],[99.624,8.905],[99.643,8.918],[99.661,8.917],[99.694,8.93],[99.698,8.943],[99.689,8.961],[99.702,8.967],[99.722,8.967],[99.73,8.974],[99.732,8.992],[99.744,9.021],[99.746,9.055],[99.756,9.057],[99.769,9.047],[99.785,9.054],[99.785,9.077],[99.772,9.083],[99.772,9.111],[99.748,9.125],[99.746,9.14],[99.729,9.15],[99.739,9.173],[99.741,9.197],[99.756,9.219],[99.751,9.287],[99.757,9.295],[99.769,9.3],[99.773,9.31],[99.768,9.322],[99.761,9.316],[99.753,9.317],[99.742,9.325],[99.745,9.33],[99.731,9.313],[99.724,9.313],[99.704,9.326],[99.703,9.322],[99.689,9.328],[99.689,9.334],[99.681,9.338],[99.686,9.33],[99.681,9.322],[99.687,9.31],[99.675,9.312],[99.668,9.304],[99.646,9.304],[99.61,9.268],[99.58,9.269],[99.534,9.287],[99.519,9.275],[99.508,9.259],[99.496,9.228],[99.499,9.221],[99.492,9.213],[99.477,9.211],[99.466,9.198],[99.414,9.206],[99.378,9.188],[99.376,9.2],[99.362,9.201],[99.363,9.216],[99.341,9.212],[99.345,9.221],[99.337,9.227],[99.324,9.22],[99.315,9.223],[99.324,9.235],[99.318,9.236],[99.323,9.242],[99.32,9.246],[99.292,9.237],[99.264,9.217],[99.257,9.235],[99.251,9.227],[99.242,9.233],[99.224,9.257],[99.227,9.276],[99.215,9.304],[99.219,9.339],[99.239,9.349],[99.239,9.353],[99.262,9.361],[99.262,9.368],[99.274,9.377],[99.281,9.394],[99.293,9.403],[99.308,9.395],[99.311,9.384],[99.314,9.391],[99.301,9.411],[99.266,9.445],[99.244,9.481],[99.209,9.575],[99.21,9.602],[99.173,9.651],[99.162,9.68],[99.158,9.711],[99.146,9.741],[99.14,9.795],[99.115,9.781],[99.1,9.788],[99.084,9.771],[99.064,9.76],[99.051,9.76],[99.03,9.73],[99.007,9.727],[98.997,9.735],[98.98,9.724],[98.935,9.721],[98.902,9.731],[98.894,9.725],[98.878,9.724],[98.863,9.705],[98.831,9.698],[98.805,9.682],[98.794,9.687],[98.782,9.686],[98.778,9.681],[98.775,9.635],[98.75,9.601],[98.749,9.593],[98.755,9.577],[98.768,9.571],[98.767,9.557],[98.774,9.551],[98.775,9.538],[98.75,9.527],[98.727,9.504],[98.703,9.469],[98.676,9.461],[98.675,9.45],[98.686,9.443],[98.679,9.419],[98.656,9.426],[98.657,9.384],[98.677,9.384],[98.673,9.357],[98.664,9.348],[98.641,9.351],[98.623,9.342],[98.605,9.346],[98.591,9.364],[98.552,9.354],[98.537,9.346],[98.522,9.328],[98.511,9.306]]],[[[99.672,9.464],[99.681,9.463],[99.681,9.469],[99.678,9.469],[99.67,9.473],[99.667,9.467],[99.672,9.464]]],[[[99.701,9.513],[99.699,9.521],[99.705,9.523],[99.701,9.529],[99.707,9.53],[99.699,9.534],[99.705,9.535],[99.708,9.547],[99.705,9.549],[99.701,9.544],[99.703,9.548],[99.689,9.553],[99.683,9.549],[99.683,9.543],[99.669,9.538],[99.668,9.527],[99.663,9.529],[99.662,9.514],[99.681,9.507],[99.701,9.513]]],[[[99.676,9.633],[99.667,9.643],[99.662,9.638],[99.667,9.628],[99.668,9.613],[99.675,9.607],[99.679,9.608],[99.684,9.616],[99.681,9.632],[99.676,9.633]]],[[[99.935,9.501],[99.928,9.492],[99.919,9.491],[99.931,9.473],[99.935,9.456],[99.937,9.429],[99.935,9.425],[99.929,9.428],[99.929,9.417],[99.951,9.422],[99.965,9.409],[99.987,9.422],[100,9.424],[100.009,9.42],[100.018,9.424],[100.028,9.45],[100.04,9.452],[100.049,9.468],[100.062,9.471],[100.07,9.467],[100.074,9.471],[100.056,9.502],[100.063,9.529],[100.076,9.542],[100.075,9.548],[100.088,9.56],[100.09,9.57],[100.081,9.573],[100.08,9.588],[100.075,9.587],[100.069,9.594],[100.065,9.59],[100.069,9.586],[100.067,9.577],[100.061,9.568],[100.059,9.571],[100.062,9.565],[100.051,9.557],[100.041,9.565],[100.034,9.56],[100.024,9.563],[100.017,9.575],[100.009,9.57],[99.998,9.571],[99.983,9.587],[99.952,9.579],[99.918,9.577],[99.912,9.57],[99.93,9.554],[99.935,9.535],[99.935,9.501]]]]}},{"type":"Feature","properties":{"code":"33"},"geometry":{"type":"MultiPolygon","coordinates":[[[[103.983,15.403],[104.017,15.409],[104.045,15.401],[104.063,15.386],[104.068,15.367],[104.08,15.358],[104.073,15.343],[104.032,15.323],[104.028,15.306],[104.016,15.303],[104.015,15.288],[104.001,15.28],[103.997,15.27],[103.977,15.264],[103.977,15.253],[103.992,15.235],[103.989,15.22],[103.976,15.208],[103.98,15.194],[103.969,15.167],[103.971,15.159],[103.995,15.141],[103.992,15.113],[103.996,15.09],[104.018,15.06],[104.014,15.05],[104.02,15.029],[103.999,15.008],[103.999,14.992],[103.979,14.975],[103.972,14.954],[103.942,14.919],[103.915,14.851],[103.932,14.831],[103.97,14.812],[103.992,14.811],[104,14.804],[104.01,14.778],[104.007,14.729],[104.058,14.664],[104.066,14.641],[104.067,14.616],[104.044,14.545],[104.042,14.515],[104.045,14.5],[104.057,14.484],[104.063,14.446],[104.046,14.375],[104.046,14.341],[104.085,14.348],[104.093,14.353],[104.099,14.367],[104.106,14.37],[104.108,14.378],[104.137,14.374],[104.137,14.358],[104.145,14.355],[104.172,14.359],[104.175,14.371],[104.171,14.376],[104.187,14.385],[104.198,14.384],[104.212,14.368],[104.232,14.371],[104.248,14.378],[104.252,14.391],[104.275,14.409],[104.292,14.4],[104.307,14.383],[104.33,14.371],[104.355,14.369],[104.376,14.384],[104.386,14.372],[104.398,14.375],[104.404,14.366],[104.415,14.372],[104.437,14.358],[104.461,14.36],[104.463,14.345],[104.478,14.352],[104.478,14.363],[104.499,14.376],[104.515,14.371],[104.535,14.356],[104.561,14.354],[104.571,14.361],[104.579,14.358],[104.579,14.375],[104.602,14.396],[104.627,14.408],[104.641,14.423],[104.653,14.421],[104.656,14.412],[104.653,14.408],[104.661,14.4],[104.685,14.398],[104.699,14.427],[104.712,14.434],[104.724,14.422],[104.72,14.408],[104.724,14.403],[104.732,14.413],[104.739,14.414],[104.755,14.405],[104.757,14.414],[104.767,14.424],[104.806,14.437],[104.817,14.429],[104.819,14.418],[104.834,14.416],[104.834,14.401],[104.838,14.398],[104.872,14.418],[104.907,14.399],[104.916,14.411],[104.895,14.44],[104.884,14.444],[104.855,14.441],[104.852,14.451],[104.872,14.474],[104.874,14.493],[104.861,14.522],[104.834,14.542],[104.831,14.552],[104.85,14.633],[104.86,14.65],[104.875,14.66],[104.887,14.661],[104.913,14.645],[104.917,14.649],[104.896,14.7],[104.866,14.717],[104.816,14.812],[104.818,14.836],[104.833,14.848],[104.814,14.892],[104.766,14.921],[104.724,14.927],[104.698,14.957],[104.689,15.028],[104.698,15.061],[104.697,15.081],[104.687,15.1],[104.688,15.137],[104.709,15.134],[104.728,15.144],[104.738,15.158],[104.737,15.168],[104.708,15.169],[104.704,15.178],[104.716,15.189],[104.707,15.204],[104.689,15.214],[104.696,15.233],[104.684,15.236],[104.668,15.257],[104.663,15.255],[104.663,15.236],[104.651,15.239],[104.648,15.251],[104.601,15.256],[104.577,15.238],[104.552,15.251],[104.533,15.246],[104.502,15.259],[104.468,15.259],[104.437,15.28],[104.406,15.287],[104.397,15.293],[104.392,15.302],[104.394,15.313],[104.388,15.321],[104.374,15.316],[104.353,15.337],[104.309,15.337],[104.294,15.342],[104.274,15.359],[104.247,15.371],[104.205,15.447],[104.149,15.503],[104.149,15.525],[104.129,15.564],[104.122,15.556],[104.107,15.553],[104.1,15.537],[104.082,15.537],[104.074,15.517],[104.059,15.509],[104.05,15.485],[104.027,15.47],[103.993,15.43],[103.983,15.403]]]]}},{"type":"Feature","properties":{"code":"43"},"geometry":{"type":"MultiPolygon","coordinates":[[[[102.058,18.088],[102.089,18.059],[102.117,18.06],[102.118,18.047],[102.128,18.034],[102.148,18.034],[102.141,18.012],[102.153,17.992],[102.166,17.995],[102.18,18.014],[102.204,18.022],[102.214,18.008],[102.241,18.001],[102.262,17.985],[102.294,17.973],[102.327,17.95],[102.338,17.929],[102.367,17.914],[102.377,17.9],[102.392,17.892],[102.404,17.871],[102.409,17.841],[102.424,17.823],[102.44,17.82],[102.445,17.815],[102.439,17.79],[102.463,17.759],[102.481,17.752],[102.535,17.755],[102.572,17.717],[102.611,17.69],[102.606,17.671],[102.611,17.637],[102.605,17.617],[102.621,17.621],[102.65,17.612],[102.662,17.592],[102.678,17.594],[102.709,17.61],[102.731,17.601],[102.744,17.601],[102.777,17.619],[102.788,17.662],[102.804,17.674],[102.846,17.692],[102.849,17.712],[102.863,17.726],[102.858,17.739],[102.864,17.748],[102.866,17.77],[102.848,17.807],[102.863,17.834],[102.876,17.841],[102.886,17.858],[102.881,17.879],[102.89,17.89],[102.944,17.884],[102.971,17.847],[102.979,17.824],[102.985,17.82],[103.012,17.84],[103.03,17.869],[103.053,17.873],[103.054,17.889],[103.058,17.889],[103.068,17.876],[103.076,17.874],[103.081,17.863],[103.099,17.86],[103.104,17.848],[103.115,17.847],[103.122,17.833],[103.146,17.825],[103.165,17.802],[103.177,17.803],[103.184,17.811],[103.192,17.841],[103.202,17.854],[103.249,17.872],[103.264,17.881],[103.296,17.839],[103.316,17.83],[103.344,17.853],[103.376,17.858],[103.399,17.867],[103.409,17.877],[103.407,17.896],[103.393,17.903],[103.388,17.925],[103.404,17.934],[103.397,17.947],[103.381,17.952],[103.374,17.97],[103.386,17.983],[103.4,17.986],[103.259,18.262],[103.295,18.274],[103.298,18.304],[103.281,18.294],[103.182,18.266],[103.166,18.254],[103.151,18.229],[103.156,18.198],[103.149,18.173],[103.136,18.16],[103.086,18.132],[103.08,18.123],[103.072,18.074],[103.081,18.05],[103.079,18.034],[103.058,18],[103.036,17.977],[103.019,17.971],[102.983,17.998],[102.959,18.005],[102.938,18.002],[102.899,17.981],[102.855,17.971],[102.819,17.941],[102.785,17.933],[102.771,17.906],[102.758,17.894],[102.74,17.884],[102.705,17.879],[102.688,17.87],[102.679,17.857],[102.677,17.844],[102.698,17.819],[102.682,17.803],[102.667,17.805],[102.638,17.831],[102.598,17.834],[102.589,17.843],[102.613,17.91],[102.614,17.938],[102.603,17.955],[102.555,17.969],[102.532,17.963],[102.508,17.971],[102.49,17.967],[102.46,17.971],[102.418,17.991],[102.346,18.045],[102.295,18.055],[102.186,18.148],[102.163,18.204],[102.143,18.207],[102.142,18.213],[102.134,18.216],[102.114,18.211],[102.105,18.214],[102.107,18.172],[102.098,18.162],[102.074,18.149],[102.058,18.088]]]]}},{"type":"Feature","properties":{"code":"40"},"geometry":{"type":"MultiPolygon","coordinates":[[[[102.071,16.885],[102.07,16.889],[102.063,16.887],[102.064,16.882],[102.056,16.876],[102.06,16.871],[102.045,16.868],[102.045,16.861],[102.04,16.858],[102.019,16.869],[102.016,16.864],[102.01,16.87],[102,16.86],[102.006,16.854],[101.996,16.85],[102,16.845],[101.994,16.84],[101.982,16.844],[101.979,16.84],[101.979,16.845],[101.975,16.84],[101.969,16.847],[101.962,16.848],[101.962,16.853],[101.956,16.847],[101.944,16.853],[101.949,16.84],[101.936,16.838],[101.902,16.816],[101.881,16.809],[101.865,16.792],[101.788,16.764],[101.787,16.744],[101.796,16.733],[101.776,16.713],[101.775,16.703],[101.771,16.703],[101.772,16.686],[101.765,16.679],[101.75,16.676],[101.75,16.656],[101.754,16.652],[101.765,16.655],[101.779,16.647],[101.774,16.629],[101.786,16.64],[101.8,16.645],[101.8,16.65],[101.804,16.647],[101.806,16.653],[101.82,16.655],[101.823,16.65],[101.827,16.658],[101.843,16.654],[101.849,16.659],[101.91,16.634],[101.956,16.633],[101.972,16.616],[101.977,16.586],[101.988,16.574],[101.99,16.564],[101.994,16.561],[101.998,16.566],[102.006,16.557],[102.023,16.558],[102.024,16.548],[102.032,16.541],[102.031,16.521],[102.043,16.508],[102.073,16.503],[102.068,16.494],[102.079,16.497],[102.085,16.492],[102.094,16.499],[102.1,16.494],[102.106,16.498],[102.123,16.494],[102.134,16.496],[102.142,16.503],[102.149,16.499],[102.158,16.503],[102.157,16.498],[102.165,16.502],[102.163,16.498],[102.171,16.497],[102.173,16.492],[102.182,16.506],[102.192,16.499],[102.204,16.504],[102.207,16.498],[102.214,16.501],[102.228,16.484],[102.239,16.483],[102.244,16.469],[102.257,16.467],[102.256,16.461],[102.265,16.462],[102.269,16.456],[102.277,16.456],[102.279,16.46],[102.278,16.457],[102.289,16.454],[102.293,16.447],[102.301,16.445],[102.317,16.456],[102.319,16.446],[102.324,16.445],[102.329,16.45],[102.329,16.446],[102.336,16.445],[102.346,16.452],[102.358,16.448],[102.365,16.453],[102.368,16.447],[102.365,16.438],[102.375,16.435],[102.382,16.445],[102.384,16.442],[102.399,16.447],[102.398,16.456],[102.407,16.463],[102.413,16.46],[102.412,16.446],[102.419,16.426],[102.454,16.407],[102.461,16.397],[102.45,16.351],[102.424,16.302],[102.411,16.251],[102.401,16.232],[102.349,16.167],[102.328,16.127],[102.293,16.092],[102.268,16.075],[102.264,16.066],[102.297,16.038],[102.343,16.022],[102.374,15.996],[102.393,15.991],[102.394,15.983],[102.378,15.968],[102.377,15.948],[102.366,15.931],[102.369,15.918],[102.363,15.903],[102.331,15.854],[102.335,15.806],[102.348,15.78],[102.37,15.764],[102.371,15.732],[102.394,15.726],[102.426,15.693],[102.461,15.709],[102.511,15.718],[102.571,15.702],[102.592,15.703],[102.618,15.721],[102.658,15.707],[102.701,15.719],[102.705,15.714],[102.702,15.7],[102.724,15.667],[102.734,15.662],[102.757,15.665],[102.806,15.624],[102.834,15.622],[102.867,15.636],[102.882,15.649],[102.889,15.67],[102.892,15.753],[102.896,15.763],[102.909,15.778],[102.946,15.789],[102.946,15.802],[102.936,15.82],[102.941,15.858],[102.905,15.929],[102.907,15.953],[102.915,15.968],[102.914,15.991],[102.899,16.012],[102.899,16.028],[102.89,16.037],[102.869,16.041],[102.862,16.052],[102.864,16.064],[102.857,16.08],[102.872,16.122],[102.864,16.146],[102.866,16.171],[102.851,16.207],[102.851,16.272],[102.861,16.286],[102.899,16.314],[102.921,16.358],[102.938,16.376],[102.941,16.388],[102.956,16.397],[102.953,16.406],[102.958,16.42],[102.95,16.422],[102.946,16.441],[102.936,16.444],[103.012,16.464],[103.031,16.477],[103.045,16.496],[103.066,16.497],[103.081,16.504],[103.106,16.532],[103.111,16.546],[103.127,16.556],[103.134,16.589],[103.165,16.615],[103.163,16.659],[103.17,16.676],[103.159,16.706],[103.168,16.721],[103.169,16.733],[103.161,16.752],[103.189,16.786],[103.195,16.831],[103.184,16.848],[103.186,16.858],[103.176,16.864],[103.156,16.862],[103.157,16.85],[103.151,16.837],[103.131,16.825],[103.121,16.829],[103.118,16.849],[103.133,16.881],[103.134,16.892],[103.13,16.902],[103.113,16.913],[103.095,16.901],[103.06,16.889],[102.989,16.848],[102.964,16.841],[102.934,16.843],[102.912,16.867],[102.878,16.882],[102.848,16.869],[102.836,16.87],[102.828,16.914],[102.83,16.94],[102.821,16.958],[102.834,16.968],[102.834,16.976],[102.764,17.029],[102.732,17.04],[102.724,17.051],[102.725,17.067],[102.72,17.076],[102.711,17.071],[102.692,17.038],[102.685,16.964],[102.632,16.844],[102.619,16.781],[102.61,16.769],[102.562,16.76],[102.554,16.762],[102.541,16.781],[102.522,16.79],[102.471,16.799],[102.443,16.79],[102.421,16.789],[102.392,16.803],[102.384,16.816],[102.376,16.817],[102.38,16.813],[102.376,16.811],[102.361,16.817],[102.35,16.831],[102.344,16.818],[102.336,16.832],[102.34,16.836],[102.324,16.846],[102.332,16.849],[102.331,16.855],[102.317,16.855],[102.325,16.867],[102.312,16.867],[102.302,16.877],[102.307,16.884],[102.292,16.884],[102.295,16.892],[102.254,16.895],[102.255,16.891],[102.25,16.892],[102.249,16.878],[102.244,16.882],[102.243,16.875],[102.235,16.881],[102.234,16.875],[102.228,16.876],[102.227,16.869],[102.214,16.86],[102.204,16.863],[102.188,16.857],[102.18,16.872],[102.172,16.865],[102.168,16.87],[102.158,16.872],[102.156,16.881],[102.145,16.881],[102.144,16.876],[102.129,16.883],[102.124,16.881],[102.105,16.897],[102.096,16.891],[102.099,16.883],[102.081,16.89],[102.071,16.885]]]]}},{"type":"Feature","properties":{"code":"42"},"geometry":{"type":"MultiPolygon","coordinates":[[[[102.081,17.643],[102.082,17.674],[102.071,17.691],[102.065,17.69],[102.054,17.658],[102.043,17.657],[102.037,17.665],[102.023,17.74],[102.034,17.777],[102.048,17.786],[102.041,17.802],[102.051,17.826],[102.054,17.86],[102.037,17.889],[102.022,17.982],[102.039,17.987],[102.039,18.015],[102.055,18.046],[102.06,18.097],[102.069,18.117],[102.074,18.149],[102.098,18.162],[102.107,18.172],[102.105,18.214],[102.083,18.219],[102.045,18.198],[102.035,18.161],[102.027,18.151],[101.959,18.101],[101.907,18.031],[101.875,18.028],[101.857,18.044],[101.835,18.052],[101.824,18.06],[101.794,18.065],[101.787,18.071],[101.781,18.067],[101.766,18.054],[101.757,18.036],[101.754,18.006],[101.729,17.948],[101.732,17.922],[101.724,17.912],[101.711,17.902],[101.696,17.913],[101.648,17.896],[101.617,17.894],[101.603,17.857],[101.593,17.849],[101.586,17.852],[101.581,17.866],[101.575,17.87],[101.569,17.864],[101.565,17.841],[101.551,17.821],[101.552,17.809],[101.568,17.803],[101.575,17.785],[101.552,17.789],[101.539,17.775],[101.522,17.776],[101.504,17.756],[101.498,17.756],[101.503,17.745],[101.496,17.741],[101.491,17.724],[101.485,17.727],[101.491,17.747],[101.483,17.744],[101.475,17.749],[101.484,17.755],[101.482,17.761],[101.463,17.754],[101.468,17.748],[101.456,17.747],[101.447,17.729],[101.443,17.734],[101.438,17.732],[101.425,17.737],[101.417,17.73],[101.417,17.736],[101.404,17.736],[101.397,17.729],[101.402,17.723],[101.417,17.725],[101.431,17.718],[101.43,17.713],[101.421,17.712],[101.406,17.701],[101.41,17.689],[101.402,17.682],[101.398,17.691],[101.382,17.698],[101.379,17.683],[101.361,17.681],[101.346,17.659],[101.306,17.651],[101.312,17.637],[101.308,17.632],[101.296,17.632],[101.281,17.608],[101.275,17.611],[101.259,17.598],[101.26,17.59],[101.249,17.578],[101.243,17.554],[101.232,17.555],[101.23,17.536],[101.212,17.531],[101.189,17.531],[101.175,17.524],[101.183,17.498],[101.164,17.492],[101.163,17.483],[101.168,17.481],[101.161,17.467],[101.15,17.467],[101.146,17.479],[101.131,17.473],[101.13,17.481],[101.135,17.483],[101.11,17.48],[101.107,17.492],[101.094,17.496],[101.101,17.502],[101.096,17.505],[101.103,17.509],[101.08,17.503],[101.065,17.515],[101.062,17.512],[101.061,17.527],[101.047,17.529],[101.046,17.545],[101.04,17.541],[101.038,17.547],[101.024,17.552],[101.024,17.557],[101.003,17.556],[100.992,17.567],[100.985,17.566],[100.978,17.572],[100.973,17.569],[100.963,17.575],[100.927,17.57],[100.929,17.538],[100.905,17.521],[100.904,17.492],[100.882,17.467],[100.883,17.455],[100.902,17.441],[100.901,17.425],[100.91,17.412],[100.91,17.391],[100.901,17.357],[100.906,17.327],[100.933,17.332],[100.955,17.326],[100.981,17.329],[100.991,17.326],[100.997,17.306],[101.005,17.299],[101.021,17.299],[101.034,17.275],[101.071,17.265],[101.095,17.22],[101.085,17.193],[101.072,17.177],[101.064,17.153],[101.066,17.105],[101.057,17.095],[101.061,17.087],[101.051,17.078],[101.059,17.061],[101.055,17.044],[101.058,17.029],[101.053,17.03],[101.047,17.017],[101.04,17.011],[101.034,17.013],[101.03,17.007],[101.036,16.991],[101.05,16.974],[101.045,16.966],[101.052,16.957],[101.029,16.944],[101.027,16.938],[101.044,16.927],[101.071,16.924],[101.073,16.918],[101.067,16.9],[101.1,16.899],[101.106,16.903],[101.106,16.922],[101.121,16.926],[101.122,16.957],[101.132,16.995],[101.124,17.011],[101.126,17.031],[101.137,17.039],[101.157,17.038],[101.17,17.045],[101.193,17.082],[101.192,17.109],[101.198,17.113],[101.222,17.116],[101.272,17.081],[101.307,17.079],[101.318,17.063],[101.338,17.072],[101.345,17.085],[101.359,17.081],[101.373,17.089],[101.382,17.081],[101.393,17.079],[101.395,17.086],[101.404,17.091],[101.43,17.074],[101.441,17.073],[101.462,17.095],[101.475,17.088],[101.488,17.068],[101.497,17.069],[101.51,17.062],[101.512,17.053],[101.532,17.055],[101.537,17.043],[101.531,17.031],[101.542,17],[101.554,16.993],[101.576,16.994],[101.602,17.004],[101.624,17.039],[101.642,17.049],[101.649,17.046],[101.652,17.023],[101.683,16.958],[101.705,16.937],[101.718,16.914],[101.715,16.829],[101.718,16.81],[101.7,16.81],[101.687,16.799],[101.706,16.783],[101.725,16.755],[101.764,16.756],[101.865,16.792],[101.881,16.809],[101.902,16.816],[101.936,16.838],[101.949,16.84],[101.944,16.853],[101.956,16.847],[101.962,16.853],[101.962,16.848],[101.969,16.847],[101.975,16.84],[101.979,16.845],[101.979,16.84],[101.982,16.844],[101.994,16.84],[102,16.845],[101.996,16.85],[102.006,16.854],[102,16.86],[102.01,16.87],[102.016,16.864],[102.019,16.869],[102.04,16.858],[102.045,16.861],[102.045,16.868],[102.057,16.868],[102.06,16.871],[102.056,16.876],[102.064,16.882],[102.063,16.887],[102.07,16.889],[102.071,16.885],[102.071,16.889],[102.052,16.913],[102.033,16.949],[102.033,16.956],[102.083,16.976],[102.109,17.001],[102.153,17.018],[102.154,17.022],[102.133,17.034],[102.122,17.051],[102.11,17.057],[102.11,17.075],[102.089,17.105],[102.069,17.109],[102.048,17.121],[102.03,17.123],[102.013,17.134],[101.977,17.146],[101.953,17.174],[101.945,17.206],[101.949,17.216],[101.981,17.245],[101.979,17.267],[101.984,17.281],[102.026,17.324],[102.019,17.344],[102.022,17.367],[101.995,17.396],[101.984,17.417],[101.983,17.434],[101.989,17.451],[102.079,17.452],[102.13,17.485],[102.132,17.498],[102.144,17.511],[102.136,17.552],[102.122,17.571],[102.122,17.582],[102.114,17.589],[102.114,17.597],[102.104,17.611],[102.091,17.621],[102.081,17.643]]]]}},{"type":"Feature","properties":{"code":"19"},"geometry":{"type":"MultiPolygon","coordinates":[[[[101.41,15],[101.092,14.852],[101.077,14.855],[101.056,14.843],[101.024,14.839],[101.01,14.826],[100.984,14.815],[100.989,14.793],[100.986,14.783],[100.951,14.747],[100.92,14.744],[100.902,14.769],[100.884,14.774],[100.873,14.786],[100.819,14.805],[100.809,14.804],[100.806,14.795],[100.775,14.795],[100.747,14.808],[100.741,14.797],[100.741,14.781],[100.724,14.758],[100.704,14.745],[100.661,14.728],[100.639,14.705],[100.612,14.699],[100.606,14.672],[100.594,14.656],[100.571,14.603],[100.576,14.586],[100.591,14.574],[100.598,14.554],[100.624,14.546],[100.649,14.549],[100.707,14.57],[100.752,14.572],[100.769,14.565],[100.772,14.55],[100.769,14.526],[100.749,14.514],[100.75,14.506],[100.768,14.487],[100.759,14.444],[100.764,14.426],[100.762,14.41],[100.792,14.384],[100.791,14.36],[100.778,14.324],[100.784,14.321],[100.814,14.321],[100.821,14.315],[100.823,14.243],[100.892,14.276],[100.892,14.244],[100.952,14.272],[100.946,14.291],[100.948,14.299],[100.958,14.303],[100.971,14.302],[100.988,14.286],[100.998,14.298],[101.013,14.302],[101.029,14.314],[101.043,14.328],[101.038,14.351],[101.061,14.371],[101.055,14.384],[101.057,14.411],[101.066,14.407],[101.081,14.384],[101.118,14.384],[101.131,14.378],[101.148,14.366],[101.161,14.347],[101.169,14.346],[101.184,14.353],[101.193,14.368],[101.205,14.371],[101.209,14.375],[101.204,14.397],[101.214,14.43],[101.228,14.431],[101.231,14.447],[101.237,14.454],[101.229,14.468],[101.246,14.476],[101.226,14.496],[101.209,14.522],[101.19,14.535],[101.185,14.544],[101.196,14.566],[101.216,14.589],[101.208,14.595],[101.211,14.599],[101.204,14.608],[101.208,14.633],[101.205,14.656],[101.199,14.664],[101.204,14.683],[101.195,14.705],[101.186,14.711],[101.189,14.715],[101.185,14.722],[101.194,14.731],[101.189,14.749],[101.197,14.749],[101.199,14.756],[101.22,14.749],[101.233,14.739],[101.279,14.729],[101.285,14.742],[101.296,14.742],[101.31,14.757],[101.336,14.772],[101.339,14.793],[101.346,14.805],[101.377,14.819],[101.393,14.832],[101.407,14.836],[101.452,14.866],[101.455,14.877],[101.451,14.921],[101.439,14.95],[101.41,15]]]]}},{"type":"Feature","properties":{"code":"61"},"geometry":{"type":"MultiPolygon","coordinates":[[[[99.133,15.783],[99.129,15.763],[99.137,15.728],[99.131,15.723],[99.13,15.7],[99.124,15.696],[99.126,15.692],[99.115,15.67],[99.113,15.648],[99.116,15.628],[99.106,15.612],[99.095,15.605],[99.088,15.576],[99.054,15.561],[99.049,15.554],[99.056,15.518],[99.073,15.506],[99.078,15.493],[99.056,15.442],[99.068,15.417],[99.067,15.391],[99.06,15.393],[99.058,15.382],[99.052,15.382],[99.045,15.373],[99.045,15.348],[99.034,15.33],[99.03,15.306],[99.039,15.287],[99.017,15.266],[99.02,15.249],[99.006,15.235],[99.007,15.205],[99.002,15.185],[98.991,15.185],[98.985,15.181],[98.994,15.162],[99.001,15.159],[99.005,15.141],[98.999,15.098],[99.006,15.096],[99.011,15.08],[99.002,15.071],[99.008,15.07],[99.028,15.05],[99.038,15.049],[99.047,15.041],[99.065,15.043],[99.076,15.035],[99.117,15.041],[99.122,15.05],[99.141,15.048],[99.136,15.032],[99.142,15.032],[99.147,15.021],[99.158,15.014],[99.182,15.012],[99.193,15.021],[99.213,15.008],[99.235,15.006],[99.248,14.998],[99.258,14.984],[99.286,14.992],[99.289,15.004],[99.297,15.006],[99.314,15.023],[99.301,15.036],[99.305,15.038],[99.303,15.048],[99.309,15.059],[99.322,15.068],[99.324,15.076],[99.352,15.049],[99.387,15.037],[99.405,15.037],[99.425,14.992],[99.51,14.984],[99.539,14.966],[99.58,14.949],[99.601,14.948],[99.632,14.938],[99.634,14.955],[99.627,14.985],[99.634,14.99],[99.657,14.993],[99.726,14.961],[99.732,14.974],[99.721,14.994],[99.737,15.016],[99.749,15.018],[99.771,15.038],[99.791,15.045],[99.795,15.067],[99.812,15.082],[99.77,15.137],[99.735,15.203],[99.732,15.238],[99.716,15.274],[99.722,15.291],[99.746,15.305],[99.76,15.318],[99.778,15.312],[99.862,15.302],[99.888,15.284],[99.933,15.294],[99.97,15.291],[100,15.294],[100.041,15.282],[100.046,15.278],[100.049,15.264],[100.068,15.265],[100.058,15.268],[100.054,15.281],[100.072,15.315],[100.07,15.343],[100.054,15.368],[100.027,15.391],[100.028,15.397],[100.037,15.401],[100.057,15.398],[100.058,15.401],[100.06,15.416],[100.051,15.428],[100.046,15.451],[100.034,15.452],[100.019,15.469],[100.004,15.474],[99.993,15.492],[99.982,15.497],[99.972,15.509],[99.962,15.509],[99.953,15.515],[99.933,15.506],[99.927,15.512],[99.911,15.515],[99.87,15.565],[99.858,15.636],[99.834,15.633],[99.82,15.623],[99.809,15.625],[99.77,15.64],[99.755,15.666],[99.738,15.677],[99.695,15.679],[99.659,15.664],[99.624,15.633],[99.586,15.62],[99.557,15.584],[99.522,15.564],[99.479,15.566],[99.44,15.6],[99.43,15.602],[99.428,15.611],[99.384,15.621],[99.378,15.628],[99.37,15.663],[99.355,15.681],[99.339,15.685],[99.332,15.692],[99.321,15.689],[99.291,15.696],[99.277,15.717],[99.247,15.722],[99.242,15.74],[99.234,15.747],[99.228,15.747],[99.227,15.756],[99.217,15.766],[99.203,15.766],[99.184,15.782],[99.152,15.776],[99.136,15.778],[99.133,15.783]]]]}},{"type":"Feature","properties":{"code":"86"},"geometry":{"type":"MultiPolygon","coordinates":[[[[99.14,9.795],[99.139,9.825],[99.151,9.846],[99.162,9.847],[99.166,9.859],[99.157,9.904],[99.161,9.909],[99.16,9.946],[99.171,9.951],[99.159,9.947],[99.173,9.953],[99.161,9.948],[99.153,9.966],[99.151,9.993],[99.162,10.012],[99.176,10.007],[99.18,10.015],[99.173,10.027],[99.182,10.037],[99.182,10.043],[99.172,10.041],[99.167,10.046],[99.154,10.066],[99.157,10.082],[99.149,10.093],[99.149,10.128],[99.155,10.143],[99.171,10.152],[99.174,10.168],[99.177,10.175],[99.183,10.176],[99.19,10.209],[99.196,10.216],[99.205,10.217],[99.206,10.211],[99.212,10.21],[99.222,10.217],[99.228,10.215],[99.247,10.235],[99.239,10.238],[99.23,10.229],[99.221,10.227],[99.219,10.236],[99.212,10.236],[99.203,10.251],[99.208,10.267],[99.205,10.274],[99.192,10.266],[99.186,10.271],[99.189,10.276],[99.163,10.28],[99.168,10.285],[99.159,10.289],[99.153,10.299],[99.149,10.312],[99.154,10.331],[99.146,10.344],[99.161,10.356],[99.157,10.367],[99.169,10.363],[99.2,10.374],[99.214,10.367],[99.218,10.371],[99.215,10.365],[99.23,10.358],[99.239,10.344],[99.254,10.363],[99.263,10.363],[99.263,10.358],[99.271,10.358],[99.272,10.353],[99.284,10.363],[99.285,10.382],[99.28,10.398],[99.284,10.412],[99.276,10.416],[99.277,10.427],[99.271,10.424],[99.26,10.431],[99.249,10.446],[99.252,10.452],[99.247,10.445],[99.251,10.453],[99.244,10.446],[99.241,10.449],[99.229,10.472],[99.228,10.486],[99.232,10.496],[99.243,10.493],[99.259,10.5],[99.267,10.515],[99.249,10.505],[99.238,10.519],[99.238,10.534],[99.244,10.542],[99.261,10.537],[99.274,10.543],[99.278,10.551],[99.275,10.571],[99.284,10.583],[99.282,10.602],[99.297,10.619],[99.302,10.638],[99.319,10.669],[99.341,10.683],[99.352,10.682],[99.359,10.676],[99.358,10.664],[99.366,10.67],[99.368,10.677],[99.362,10.678],[99.359,10.689],[99.368,10.703],[99.38,10.707],[99.394,10.745],[99.4,10.745],[99.409,10.762],[99.413,10.762],[99.412,10.771],[99.427,10.807],[99.435,10.838],[99.434,10.856],[99.441,10.871],[99.467,10.871],[99.476,10.886],[99.484,10.888],[99.487,10.883],[99.481,10.882],[99.495,10.879],[99.501,10.866],[99.497,10.861],[99.505,10.866],[99.511,10.879],[99.508,10.885],[99.52,10.899],[99.509,10.906],[99.511,10.916],[99.505,10.914],[99.496,10.926],[99.49,10.967],[99.499,10.989],[99.491,10.996],[99.476,10.997],[99.473,10.991],[99.46,10.989],[99.446,10.976],[99.423,10.967],[99.404,10.954],[99.372,10.964],[99.335,10.956],[99.319,10.967],[99.285,10.965],[99.271,10.956],[99.256,10.964],[99.235,10.963],[99.226,10.975],[99.161,11],[99.147,11.009],[99.143,11.03],[99.13,11.03],[99.105,11.014],[99.094,10.973],[99.079,10.955],[99.057,10.947],[99.05,10.962],[99.04,10.962],[99.024,10.971],[99.012,10.942],[99.003,10.935],[98.998,10.911],[99.003,10.907],[99.006,10.892],[99,10.881],[99.012,10.872],[99.011,10.857],[98.99,10.844],[98.983,10.832],[98.972,10.831],[98.959,10.812],[98.936,10.813],[98.936,10.819],[98.923,10.826],[98.913,10.811],[98.904,10.781],[98.896,10.779],[98.907,10.758],[98.927,10.746],[98.907,10.706],[98.904,10.684],[98.918,10.688],[98.923,10.675],[98.941,10.67],[98.945,10.648],[98.963,10.634],[98.959,10.612],[98.973,10.61],[98.978,10.602],[98.97,10.578],[98.953,10.562],[98.969,10.537],[98.946,10.509],[98.935,10.508],[98.912,10.484],[98.902,10.462],[98.906,10.413],[98.915,10.409],[98.916,10.397],[98.938,10.391],[98.946,10.382],[98.944,10.367],[98.954,10.35],[98.952,10.337],[98.932,10.312],[98.924,10.311],[98.9,10.29],[98.896,10.253],[98.9,10.245],[98.891,10.236],[98.886,10.214],[98.878,10.209],[98.873,10.189],[98.886,10.172],[98.889,10.161],[98.884,10.155],[98.87,10.151],[98.868,10.133],[98.86,10.127],[98.86,10.119],[98.865,10.117],[98.864,10.096],[98.858,10.085],[98.846,10.081],[98.84,10.068],[98.846,10.061],[98.893,10.064],[98.902,10.053],[98.907,10.032],[98.87,9.993],[98.843,9.991],[98.83,9.978],[98.821,9.957],[98.823,9.949],[98.813,9.936],[98.802,9.943],[98.792,9.941],[98.781,9.95],[98.755,9.932],[98.751,9.918],[98.721,9.893],[98.721,9.867],[98.694,9.841],[98.682,9.836],[98.647,9.793],[98.634,9.788],[98.629,9.757],[98.64,9.732],[98.644,9.696],[98.655,9.684],[98.654,9.675],[98.662,9.655],[98.671,9.65],[98.682,9.653],[98.714,9.63],[98.73,9.628],[98.75,9.601],[98.775,9.635],[98.778,9.681],[98.782,9.686],[98.794,9.687],[98.805,9.682],[98.831,9.698],[98.863,9.705],[98.878,9.724],[98.894,9.725],[98.902,9.731],[98.935,9.721],[98.98,9.724],[98.997,9.735],[99.007,9.727],[99.03,9.73],[99.051,9.76],[99.064,9.76],[99.084,9.771],[99.1,9.788],[99.115,9.781],[99.14,9.795]]],[[[99.297,10.434],[99.303,10.44],[99.299,10.441],[99.298,10.452],[99.296,10.444],[99.288,10.44],[99.288,10.437],[99.297,10.434]]],[[[99.49,10.859],[99.486,10.86],[99.474,10.844],[99.47,10.836],[99.478,10.839],[99.49,10.852],[99.494,10.859],[99.49,10.859]]]]}},{"type":"Feature","properties":{"code":"46"},"geometry":{"type":"MultiPolygon","coordinates":[[[[104.244,16.433],[104.246,16.454],[104.236,16.48],[104.241,16.521],[104.226,16.54],[104.224,16.555],[104.205,16.587],[104.186,16.605],[104.178,16.649],[104.187,16.669],[104.17,16.68],[104.171,16.697],[104.157,16.702],[104.151,16.724],[104.135,16.74],[104.133,16.756],[104.116,16.772],[104.094,16.805],[104.076,16.82],[104.07,16.838],[104.057,16.845],[104.037,16.846],[104.031,16.858],[104.024,16.858],[104.009,16.841],[103.982,16.83],[103.975,16.814],[103.967,16.82],[103.96,16.818],[103.952,16.797],[103.953,16.78],[103.943,16.776],[103.907,16.81],[103.879,16.821],[103.845,16.843],[103.829,16.873],[103.794,16.891],[103.782,16.915],[103.78,16.927],[103.787,16.948],[103.778,16.967],[103.754,16.975],[103.724,16.998],[103.717,17.01],[103.694,17.024],[103.677,17.023],[103.661,17.016],[103.644,17.024],[103.65,17.047],[103.609,17.093],[103.577,17.101],[103.571,17.094],[103.547,17.091],[103.506,17.045],[103.511,17.026],[103.509,16.996],[103.484,16.959],[103.48,16.935],[103.482,16.903],[103.449,16.862],[103.442,16.846],[103.442,16.836],[103.434,16.825],[103.426,16.843],[103.424,16.879],[103.398,16.905],[103.344,16.927],[103.31,16.926],[103.281,16.949],[103.231,16.963],[103.211,16.951],[103.19,16.955],[103.176,16.951],[103.144,16.958],[103.134,16.954],[103.126,16.943],[103.113,16.913],[103.13,16.902],[103.134,16.892],[103.133,16.881],[103.118,16.849],[103.121,16.829],[103.131,16.825],[103.151,16.837],[103.157,16.85],[103.156,16.862],[103.18,16.862],[103.186,16.858],[103.184,16.851],[103.195,16.831],[103.193,16.804],[103.182,16.773],[103.161,16.752],[103.169,16.733],[103.168,16.721],[103.159,16.706],[103.17,16.676],[103.163,16.643],[103.2,16.637],[103.203,16.631],[103.199,16.62],[103.181,16.602],[103.185,16.567],[103.196,16.55],[103.175,16.486],[103.179,16.467],[103.191,16.456],[103.198,16.439],[103.196,16.427],[103.177,16.399],[103.184,16.367],[103.193,16.36],[103.206,16.361],[103.276,16.378],[103.301,16.406],[103.311,16.367],[103.346,16.36],[103.358,16.348],[103.371,16.308],[103.381,16.303],[103.392,16.287],[103.42,16.281],[103.427,16.231],[103.433,16.225],[103.441,16.224],[103.442,16.21],[103.454,16.187],[103.476,16.205],[103.492,16.208],[103.501,16.2],[103.521,16.201],[103.537,16.221],[103.544,16.215],[103.559,16.217],[103.557,16.207],[103.562,16.203],[103.596,16.201],[103.601,16.196],[103.611,16.199],[103.614,16.204],[103.602,16.216],[103.615,16.217],[103.626,16.211],[103.636,16.193],[103.642,16.191],[103.654,16.199],[103.666,16.195],[103.671,16.199],[103.663,16.21],[103.665,16.222],[103.691,16.214],[103.694,16.224],[103.699,16.226],[103.724,16.219],[103.735,16.251],[103.754,16.265],[103.751,16.304],[103.725,16.329],[103.721,16.354],[103.705,16.371],[103.702,16.382],[103.723,16.392],[103.745,16.413],[103.822,16.466],[103.872,16.469],[103.895,16.453],[103.916,16.452],[103.921,16.444],[103.979,16.436],[104.001,16.447],[104.04,16.441],[104.046,16.389],[104.063,16.393],[104.077,16.407],[104.099,16.417],[104.139,16.429],[104.164,16.445],[104.177,16.445],[104.186,16.436],[104.197,16.432],[104.215,16.438],[104.244,16.433]]]]}},{"type":"Feature","properties":{"code":"65"},"geometry":{"type":"MultiPolygon","coordinates":[[[[99.904,16.688],[99.904,16.672],[99.89,16.639],[99.918,16.583],[99.941,16.582],[99.965,16.568],[99.994,16.563],[100.006,16.556],[100.009,16.546],[100.022,16.535],[100.032,16.496],[100.115,16.513],[100.169,16.566],[100.198,16.582],[100.215,16.597],[100.235,16.599],[100.241,16.596],[100.245,16.581],[100.242,16.545],[100.249,16.533],[100.289,16.526],[100.311,16.541],[100.326,16.527],[100.343,16.521],[100.42,16.538],[100.457,16.528],[100.518,16.539],[100.548,16.534],[100.559,16.523],[100.564,16.487],[100.579,16.465],[100.584,16.421],[100.668,16.347],[100.679,16.356],[100.698,16.383],[100.695,16.407],[100.699,16.412],[100.743,16.424],[100.773,16.45],[100.795,16.453],[100.795,16.482],[100.811,16.494],[100.831,16.521],[100.844,16.545],[100.845,16.558],[100.837,16.596],[100.854,16.643],[100.873,16.662],[100.912,16.667],[100.916,16.677],[100.927,16.684],[100.914,16.707],[100.915,16.726],[100.907,16.741],[100.907,16.753],[100.891,16.771],[100.893,16.791],[100.912,16.801],[100.925,16.796],[100.937,16.797],[100.951,16.825],[100.969,16.832],[100.977,16.851],[101.004,16.861],[101.029,16.901],[101.042,16.907],[101.067,16.9],[101.073,16.918],[101.064,16.928],[101.044,16.927],[101.027,16.938],[101.029,16.944],[101.052,16.957],[101.045,16.966],[101.05,16.974],[101.036,16.991],[101.03,17.007],[101.034,17.013],[101.04,17.011],[101.047,17.017],[101.053,17.03],[101.058,17.029],[101.055,17.044],[101.059,17.061],[101.051,17.078],[101.061,17.087],[101.057,17.095],[101.066,17.105],[101.064,17.153],[101.072,17.177],[101.085,17.193],[101.095,17.216],[101.091,17.23],[101.071,17.265],[101.034,17.275],[101.021,17.299],[101.005,17.299],[100.997,17.306],[100.991,17.326],[100.981,17.329],[100.955,17.326],[100.933,17.332],[100.906,17.327],[100.902,17.336],[100.901,17.357],[100.91,17.412],[100.901,17.425],[100.902,17.441],[100.883,17.455],[100.882,17.467],[100.904,17.492],[100.905,17.521],[100.929,17.538],[100.927,17.57],[100.942,17.573],[100.963,17.575],[100.968,17.572],[100.965,17.581],[100.969,17.593],[100.977,17.596],[100.988,17.612],[100.987,17.618],[100.991,17.619],[100.995,17.659],[100.99,17.667],[101.009,17.699],[101,17.699],[101.005,17.704],[101.007,17.732],[100.992,17.734],[100.987,17.748],[100.954,17.705],[100.931,17.691],[100.91,17.687],[100.899,17.69],[100.889,17.708],[100.867,17.703],[100.854,17.687],[100.83,17.64],[100.797,17.627],[100.786,17.608],[100.774,17.599],[100.775,17.586],[100.768,17.582],[100.767,17.573],[100.747,17.56],[100.741,17.545],[100.702,17.531],[100.67,17.503],[100.643,17.495],[100.647,17.477],[100.61,17.466],[100.58,17.418],[100.548,17.407],[100.517,17.41],[100.515,17.405],[100.502,17.43],[100.487,17.42],[100.457,17.42],[100.448,17.425],[100.378,17.386],[100.346,17.383],[100.338,17.367],[100.305,17.372],[100.253,17.344],[100.247,17.307],[100.261,17.253],[100.259,17.241],[100.251,17.231],[100.191,17.188],[100.181,17.189],[100.174,17.201],[100.167,17.204],[100.117,17.193],[100.089,17.179],[100.046,17.176],[100.032,17.162],[100.021,17.169],[100.014,17.181],[100.005,17.18],[99.991,17.167],[99.973,17.16],[99.932,17.166],[99.913,17.161],[99.914,17.146],[99.929,17.119],[99.951,17.108],[99.962,17.083],[99.984,17.062],[100.128,16.969],[100.132,16.951],[100.129,16.945],[100.12,16.94],[100.12,16.927],[100.132,16.901],[100.123,16.891],[100.105,16.896],[100.074,16.897],[100.032,16.891],[100.022,16.882],[100.025,16.858],[100.021,16.855],[99.994,16.864],[99.979,16.861],[99.959,16.866],[99.949,16.862],[99.932,16.786],[99.922,16.776],[99.897,16.765],[99.888,16.754],[99.887,16.735],[99.932,16.724],[99.941,16.713],[99.939,16.702],[99.904,16.688]]]]}},{"type":"Feature","properties":{"code":"85"},"geometry":{"type":"MultiPolygon","coordinates":[[[[98.559,9.896],[98.57,9.91],[98.567,9.919],[98.563,9.919],[98.558,9.915],[98.559,9.896]]],[[[98.503,9.71],[98.497,9.702],[98.507,9.699],[98.508,9.693],[98.515,9.703],[98.503,9.71]]],[[[98.422,9.737],[98.415,9.759],[98.415,9.777],[98.4,9.764],[98.409,9.762],[98.407,9.748],[98.395,9.744],[98.393,9.751],[98.389,9.75],[98.38,9.732],[98.379,9.729],[98.387,9.73],[98.397,9.716],[98.39,9.704],[98.401,9.706],[98.417,9.718],[98.427,9.734],[98.422,9.737]]],[[[98.442,9.844],[98.442,9.832],[98.432,9.828],[98.433,9.805],[98.439,9.798],[98.447,9.8],[98.452,9.79],[98.455,9.796],[98.451,9.81],[98.456,9.818],[98.461,9.818],[98.462,9.813],[98.468,9.824],[98.463,9.838],[98.471,9.862],[98.458,9.861],[98.451,9.874],[98.437,9.855],[98.442,9.844]]],[[[98.468,9.893],[98.483,9.897],[98.49,9.913],[98.476,9.911],[98.468,9.893]]],[[[98.511,9.915],[98.508,9.907],[98.516,9.912],[98.522,9.921],[98.514,9.921],[98.511,9.915]]],[[[98.75,9.601],[98.73,9.628],[98.714,9.63],[98.682,9.653],[98.671,9.65],[98.662,9.655],[98.654,9.675],[98.655,9.684],[98.644,9.696],[98.64,9.732],[98.629,9.757],[98.631,9.779],[98.634,9.788],[98.647,9.793],[98.682,9.836],[98.694,9.841],[98.721,9.867],[98.721,9.893],[98.751,9.918],[98.755,9.932],[98.781,9.95],[98.792,9.941],[98.802,9.943],[98.813,9.936],[98.823,9.949],[98.821,9.957],[98.83,9.978],[98.843,9.991],[98.87,9.993],[98.907,10.032],[98.902,10.053],[98.893,10.064],[98.846,10.061],[98.84,10.068],[98.846,10.081],[98.858,10.085],[98.864,10.096],[98.865,10.117],[98.86,10.119],[98.86,10.127],[98.868,10.133],[98.87,10.151],[98.884,10.155],[98.889,10.161],[98.886,10.172],[98.873,10.189],[98.878,10.209],[98.886,10.214],[98.891,10.236],[98.9,10.245],[98.896,10.253],[98.9,10.29],[98.924,10.311],[98.932,10.312],[98.952,10.337],[98.954,10.35],[98.944,10.367],[98.946,10.382],[98.938,10.391],[98.916,10.397],[98.915,10.409],[98.906,10.413],[98.902,10.462],[98.912,10.484],[98.935,10.508],[98.946,10.509],[98.969,10.537],[98.953,10.562],[98.97,10.578],[98.978,10.602],[98.973,10.61],[98.959,10.612],[98.963,10.634],[98.945,10.648],[98.941,10.67],[98.923,10.675],[98.918,10.688],[98.904,10.684],[98.907,10.706],[98.927,10.746],[98.907,10.758],[98.896,10.779],[98.889,10.774],[98.885,10.784],[98.879,10.789],[98.867,10.775],[98.863,10.779],[98.858,10.776],[98.861,10.774],[98.845,10.753],[98.839,10.752],[98.836,10.741],[98.824,10.732],[98.819,10.72],[98.81,10.716],[98.813,10.714],[98.808,10.708],[98.801,10.707],[98.803,10.699],[98.797,10.697],[98.792,10.684],[98.785,10.681],[98.783,10.685],[98.78,10.679],[98.785,10.653],[98.771,10.621],[98.781,10.616],[98.781,10.601],[98.786,10.606],[98.801,10.604],[98.797,10.596],[98.802,10.587],[98.811,10.592],[98.805,10.564],[98.799,10.56],[98.813,10.555],[98.818,10.547],[98.81,10.541],[98.815,10.54],[98.813,10.531],[98.822,10.53],[98.818,10.526],[98.815,10.493],[98.804,10.488],[98.806,10.482],[98.8,10.483],[98.809,10.469],[98.797,10.456],[98.8,10.446],[98.782,10.442],[98.768,10.407],[98.755,10.393],[98.743,10.321],[98.733,10.311],[98.7,10.213],[98.671,10.171],[98.652,10.161],[98.641,10.131],[98.645,10.114],[98.62,10.057],[98.579,9.986],[98.57,9.958],[98.592,9.932],[98.569,9.923],[98.574,9.906],[98.56,9.881],[98.541,9.887],[98.529,9.873],[98.529,9.856],[98.516,9.853],[98.53,9.817],[98.54,9.804],[98.536,9.803],[98.537,9.791],[98.524,9.786],[98.519,9.79],[98.507,9.783],[98.513,9.754],[98.5,9.739],[98.508,9.736],[98.526,9.751],[98.539,9.743],[98.554,9.748],[98.558,9.729],[98.539,9.707],[98.541,9.695],[98.535,9.693],[98.527,9.678],[98.52,9.682],[98.507,9.673],[98.485,9.686],[98.498,9.653],[98.503,9.658],[98.51,9.657],[98.508,9.644],[98.494,9.622],[98.479,9.635],[98.47,9.624],[98.462,9.629],[98.469,9.593],[98.461,9.58],[98.467,9.567],[98.456,9.564],[98.439,9.514],[98.426,9.428],[98.408,9.398],[98.402,9.404],[98.397,9.4],[98.392,9.346],[98.426,9.358],[98.437,9.355],[98.461,9.342],[98.47,9.332],[98.468,9.316],[98.479,9.317],[98.496,9.306],[98.511,9.306],[98.522,9.328],[98.537,9.346],[98.584,9.363],[98.595,9.363],[98.6,9.351],[98.611,9.343],[98.623,9.342],[98.641,9.351],[98.664,9.348],[98.673,9.357],[98.678,9.379],[98.674,9.384],[98.657,9.384],[98.658,9.401],[98.654,9.419],[98.659,9.427],[98.679,9.419],[98.686,9.443],[98.675,9.45],[98.676,9.461],[98.703,9.469],[98.727,9.504],[98.75,9.527],[98.775,9.538],[98.774,9.551],[98.767,9.557],[98.768,9.571],[98.751,9.581],[98.75,9.601]]]]}},{"type":"Feature","properties":{"code":"41"},"geometry":{"type":"MultiPolygon","coordinates":[[[[102.688,16.987],[102.692,17.038],[102.711,17.071],[102.72,17.076],[102.725,17.067],[102.724,17.051],[102.732,17.04],[102.764,17.029],[102.834,16.976],[102.834,16.968],[102.821,16.958],[102.83,16.94],[102.828,16.914],[102.832,16.876],[102.84,16.868],[102.878,16.882],[102.912,16.867],[102.934,16.843],[102.964,16.841],[102.989,16.848],[103.06,16.889],[103.107,16.907],[103.117,16.919],[103.134,16.954],[103.144,16.958],[103.176,16.951],[103.19,16.955],[103.211,16.951],[103.231,16.963],[103.281,16.949],[103.31,16.926],[103.344,16.927],[103.398,16.905],[103.424,16.879],[103.426,16.843],[103.434,16.825],[103.442,16.836],[103.442,16.846],[103.449,16.862],[103.482,16.903],[103.48,16.935],[103.484,16.959],[103.509,16.996],[103.511,17.026],[103.506,17.045],[103.532,17.076],[103.547,17.091],[103.583,17.101],[103.617,17.089],[103.65,17.044],[103.659,17.046],[103.651,17.07],[103.657,17.087],[103.656,17.103],[103.649,17.109],[103.627,17.111],[103.614,17.139],[103.588,17.165],[103.556,17.161],[103.528,17.189],[103.473,17.215],[103.464,17.232],[103.457,17.223],[103.44,17.215],[103.42,17.219],[103.402,17.217],[103.355,17.236],[103.337,17.251],[103.274,17.263],[103.246,17.309],[103.246,17.316],[103.262,17.329],[103.276,17.368],[103.292,17.384],[103.291,17.394],[103.27,17.431],[103.281,17.48],[103.291,17.503],[103.307,17.516],[103.314,17.541],[103.324,17.551],[103.328,17.568],[103.337,17.579],[103.351,17.586],[103.37,17.583],[103.39,17.596],[103.404,17.594],[103.395,17.611],[103.395,17.644],[103.399,17.664],[103.395,17.684],[103.405,17.729],[103.395,17.752],[103.377,17.753],[103.373,17.772],[103.365,17.78],[103.374,17.792],[103.374,17.815],[103.38,17.821],[103.378,17.833],[103.385,17.839],[103.393,17.831],[103.412,17.836],[103.394,17.845],[103.399,17.867],[103.344,17.853],[103.316,17.83],[103.296,17.839],[103.264,17.881],[103.249,17.872],[103.202,17.854],[103.192,17.841],[103.184,17.811],[103.172,17.8],[103.157,17.809],[103.146,17.825],[103.122,17.833],[103.115,17.847],[103.104,17.848],[103.099,17.86],[103.081,17.863],[103.076,17.874],[103.068,17.876],[103.058,17.889],[103.054,17.889],[103.053,17.873],[103.03,17.869],[103.012,17.84],[102.995,17.824],[102.981,17.821],[102.971,17.847],[102.944,17.884],[102.89,17.89],[102.881,17.879],[102.886,17.858],[102.876,17.841],[102.863,17.834],[102.848,17.807],[102.866,17.77],[102.864,17.748],[102.858,17.739],[102.863,17.726],[102.849,17.712],[102.846,17.692],[102.804,17.674],[102.788,17.662],[102.777,17.619],[102.744,17.601],[102.731,17.601],[102.709,17.61],[102.678,17.594],[102.662,17.592],[102.65,17.612],[102.621,17.621],[102.605,17.617],[102.611,17.637],[102.606,17.671],[102.611,17.69],[102.572,17.717],[102.535,17.755],[102.481,17.752],[102.463,17.759],[102.439,17.79],[102.445,17.815],[102.44,17.82],[102.424,17.823],[102.409,17.841],[102.404,17.871],[102.392,17.892],[102.377,17.9],[102.367,17.914],[102.338,17.929],[102.327,17.95],[102.294,17.973],[102.262,17.985],[102.241,18.001],[102.214,18.008],[102.204,18.022],[102.18,18.014],[102.166,17.995],[102.153,17.992],[102.141,18.012],[102.148,18.034],[102.128,18.034],[102.118,18.047],[102.117,18.06],[102.089,18.059],[102.058,18.088],[102.055,18.046],[102.039,18.015],[102.039,17.987],[102.022,17.982],[102.037,17.889],[102.054,17.86],[102.051,17.826],[102.041,17.802],[102.048,17.786],[102.034,17.777],[102.023,17.74],[102.037,17.665],[102.043,17.657],[102.054,17.658],[102.065,17.69],[102.071,17.691],[102.082,17.674],[102.081,17.643],[102.103,17.646],[102.115,17.657],[102.12,17.644],[102.138,17.641],[102.157,17.66],[102.155,17.672],[102.172,17.675],[102.193,17.659],[102.288,17.655],[102.277,17.67],[102.327,17.681],[102.333,17.678],[102.329,17.648],[102.334,17.636],[102.338,17.589],[102.348,17.582],[102.344,17.551],[102.356,17.541],[102.358,17.525],[102.368,17.523],[102.396,17.453],[102.397,17.435],[102.446,17.339],[102.45,17.315],[102.444,17.28],[102.462,17.285],[102.474,17.281],[102.475,17.276],[102.496,17.284],[102.517,17.278],[102.541,17.261],[102.596,17.263],[102.595,17.252],[102.577,17.233],[102.557,17.237],[102.548,17.217],[102.539,17.231],[102.519,17.216],[102.512,17.186],[102.521,17.183],[102.516,17.16],[102.525,17.151],[102.525,17.143],[102.508,17.135],[102.52,17.1],[102.575,17.038],[102.619,17.019],[102.632,17.003],[102.688,16.987]]]]}},{"type":"Feature","properties":{"code":"47"},"geometry":{"type":"MultiPolygon","coordinates":[[[[103.399,17.867],[103.394,17.845],[103.412,17.836],[103.393,17.831],[103.385,17.839],[103.378,17.833],[103.38,17.821],[103.374,17.815],[103.374,17.792],[103.365,17.78],[103.373,17.772],[103.377,17.753],[103.395,17.752],[103.405,17.729],[103.395,17.684],[103.399,17.664],[103.395,17.644],[103.395,17.611],[103.404,17.594],[103.39,17.596],[103.37,17.583],[103.351,17.586],[103.337,17.579],[103.328,17.568],[103.324,17.551],[103.314,17.541],[103.307,17.516],[103.291,17.503],[103.281,17.48],[103.27,17.431],[103.291,17.394],[103.292,17.384],[103.276,17.368],[103.262,17.329],[103.246,17.316],[103.252,17.294],[103.274,17.263],[103.337,17.251],[103.355,17.236],[103.402,17.217],[103.42,17.219],[103.44,17.215],[103.457,17.223],[103.464,17.232],[103.473,17.215],[103.528,17.189],[103.556,17.161],[103.563,17.159],[103.584,17.166],[103.591,17.163],[103.614,17.139],[103.627,17.111],[103.649,17.109],[103.658,17.1],[103.651,17.07],[103.659,17.046],[103.65,17.044],[103.644,17.024],[103.661,17.016],[103.677,17.023],[103.694,17.024],[103.717,17.01],[103.724,16.998],[103.754,16.975],[103.778,16.967],[103.787,16.948],[103.78,16.927],[103.782,16.915],[103.794,16.891],[103.829,16.873],[103.845,16.843],[103.879,16.821],[103.907,16.81],[103.943,16.776],[103.953,16.78],[103.952,16.797],[103.96,16.818],[103.967,16.82],[103.975,16.814],[103.982,16.83],[104.009,16.841],[104.024,16.858],[104.031,16.858],[104.037,16.846],[104.057,16.845],[104.073,16.832],[104.101,16.833],[104.124,16.862],[104.13,16.892],[104.16,16.894],[104.193,16.882],[104.205,16.883],[104.223,16.894],[104.246,16.899],[104.276,16.924],[104.297,16.931],[104.311,16.941],[104.325,16.979],[104.346,16.986],[104.362,17.002],[104.392,17.014],[104.396,17.038],[104.361,17.056],[104.355,17.066],[104.361,17.091],[104.371,17.096],[104.4,17.122],[104.401,17.174],[104.412,17.192],[104.417,17.211],[104.443,17.237],[104.444,17.249],[104.431,17.277],[104.432,17.305],[104.423,17.32],[104.428,17.337],[104.411,17.367],[104.411,17.375],[104.419,17.415],[104.411,17.421],[104.358,17.419],[104.31,17.422],[104.225,17.405],[104.157,17.411],[104.148,17.406],[104.134,17.381],[104.096,17.401],[104.098,17.382],[104.093,17.377],[104.051,17.386],[104.042,17.413],[104.009,17.476],[104.035,17.521],[104.032,17.554],[104.049,17.579],[104.048,17.595],[104.029,17.632],[104.035,17.64],[104.062,17.646],[104.068,17.662],[104.08,17.674],[104.077,17.681],[104.064,17.687],[104.074,17.7],[104.071,17.707],[104.059,17.711],[104.064,17.736],[104.048,17.732],[104.048,17.75],[104.04,17.759],[104.026,17.755],[104.015,17.761],[104.012,17.774],[104.016,17.794],[104.004,17.804],[103.993,17.798],[103.994,17.781],[103.983,17.78],[103.969,17.765],[103.963,17.778],[103.95,17.775],[103.937,17.783],[103.935,17.802],[103.92,17.812],[103.92,17.852],[103.914,17.852],[103.902,17.839],[103.895,17.845],[103.904,17.872],[103.901,17.876],[103.882,17.872],[103.866,17.855],[103.859,17.861],[103.857,17.874],[103.852,17.877],[103.841,17.867],[103.827,17.864],[103.797,17.87],[103.796,17.863],[103.806,17.846],[103.791,17.841],[103.76,17.872],[103.761,17.882],[103.778,17.894],[103.772,17.905],[103.776,17.924],[103.764,17.92],[103.759,17.923],[103.762,17.949],[103.749,17.937],[103.742,17.909],[103.686,17.948],[103.674,17.939],[103.666,17.941],[103.659,17.947],[103.658,17.963],[103.64,17.956],[103.632,17.968],[103.624,17.967],[103.621,17.971],[103.619,17.998],[103.638,18.007],[103.635,18.011],[103.609,18.015],[103.586,18.045],[103.576,18.038],[103.561,18.052],[103.539,18.063],[103.507,18.064],[103.496,18.054],[103.476,18.045],[103.481,18.023],[103.476,18.011],[103.455,17.992],[103.433,17.99],[103.433,17.978],[103.4,17.986],[103.379,17.978],[103.374,17.97],[103.381,17.952],[103.397,17.947],[103.404,17.934],[103.388,17.925],[103.393,17.903],[103.408,17.893],[103.409,17.877],[103.399,17.867]]]]}},{"type":"Feature","properties":{"code":"57"},"geometry":{"type":"MultiPolygon","coordinates":[[[[100.407,19.736],[100.404,19.753],[100.415,19.782],[100.438,19.792],[100.444,19.822],[100.449,19.826],[100.442,19.836],[100.449,19.847],[100.462,19.857],[100.474,19.856],[100.489,19.866],[100.497,19.865],[100.501,19.884],[100.512,19.891],[100.52,19.903],[100.514,19.909],[100.52,19.914],[100.522,19.929],[100.516,19.939],[100.544,20.012],[100.542,20.022],[100.552,20.031],[100.561,20.087],[100.57,20.099],[100.571,20.137],[100.578,20.168],[100.565,20.176],[100.551,20.175],[100.53,20.145],[100.518,20.144],[100.507,20.151],[100.476,20.19],[100.456,20.199],[100.453,20.23],[100.414,20.254],[100.406,20.282],[100.382,20.314],[100.375,20.351],[100.359,20.355],[100.355,20.378],[100.331,20.398],[100.312,20.402],[100.299,20.397],[100.272,20.401],[100.25,20.386],[100.247,20.369],[100.225,20.351],[100.229,20.332],[100.221,20.318],[100.181,20.307],[100.167,20.298],[100.168,20.285],[100.181,20.263],[100.172,20.246],[100.16,20.244],[100.112,20.25],[100.096,20.263],[100.091,20.276],[100.099,20.308],[100.079,20.362],[100.086,20.368],[100.077,20.374],[100.079,20.38],[100.067,20.374],[100.066,20.382],[100.072,20.39],[100.064,20.385],[100.064,20.391],[100.057,20.396],[100.054,20.388],[100.042,20.399],[100.04,20.393],[100.037,20.402],[100.033,20.399],[100.034,20.403],[100.029,20.401],[100.024,20.409],[100.02,20.406],[100.019,20.413],[100.01,20.413],[100.009,20.419],[100.004,20.413],[99.985,20.429],[99.989,20.431],[99.983,20.442],[99.974,20.444],[99.979,20.449],[99.976,20.448],[99.967,20.455],[99.97,20.46],[99.964,20.458],[99.966,20.463],[99.96,20.465],[99.941,20.456],[99.932,20.456],[99.921,20.446],[99.908,20.45],[99.897,20.449],[99.893,20.443],[99.865,20.446],[99.856,20.416],[99.845,20.406],[99.845,20.393],[99.837,20.374],[99.809,20.338],[99.776,20.335],[99.771,20.342],[99.758,20.339],[99.73,20.35],[99.718,20.342],[99.718,20.329],[99.71,20.324],[99.698,20.327],[99.681,20.316],[99.657,20.328],[99.643,20.343],[99.633,20.342],[99.629,20.336],[99.615,20.337],[99.613,20.332],[99.592,20.344],[99.577,20.345],[99.558,20.358],[99.54,20.356],[99.516,20.363],[99.499,20.384],[99.489,20.383],[99.473,20.394],[99.458,20.393],[99.456,20.362],[99.468,20.359],[99.473,20.35],[99.49,20.346],[99.507,20.326],[99.51,20.313],[99.505,20.294],[99.514,20.28],[99.519,20.26],[99.516,20.256],[99.521,20.25],[99.523,20.233],[99.534,20.232],[99.545,20.218],[99.556,20.217],[99.564,20.206],[99.551,20.177],[99.542,20.173],[99.538,20.165],[99.539,20.148],[99.511,20.152],[99.526,20.138],[99.565,20.125],[99.567,20.117],[99.536,20.092],[99.506,20.083],[99.5,20.071],[99.507,20.056],[99.533,20.042],[99.546,20.027],[99.587,20.017],[99.592,20.008],[99.583,19.984],[99.588,19.966],[99.57,19.946],[99.568,19.921],[99.56,19.914],[99.552,19.915],[99.534,19.934],[99.526,19.962],[99.503,19.973],[99.471,19.97],[99.453,19.976],[99.419,19.958],[99.42,19.919],[99.393,19.902],[99.383,19.884],[99.392,19.857],[99.414,19.84],[99.409,19.831],[99.419,19.813],[99.393,19.808],[99.384,19.801],[99.379,19.783],[99.366,19.768],[99.363,19.726],[99.349,19.717],[99.347,19.705],[99.324,19.706],[99.316,19.7],[99.305,19.682],[99.27,19.661],[99.26,19.633],[99.266,19.611],[99.291,19.596],[99.29,19.58],[99.297,19.566],[99.307,19.555],[99.317,19.556],[99.321,19.542],[99.325,19.541],[99.302,19.517],[99.294,19.494],[99.3,19.486],[99.308,19.489],[99.307,19.474],[99.311,19.473],[99.318,19.453],[99.31,19.43],[99.326,19.399],[99.334,19.366],[99.332,19.359],[99.317,19.352],[99.344,19.264],[99.336,19.261],[99.337,19.255],[99.323,19.244],[99.317,19.228],[99.31,19.225],[99.313,19.208],[99.303,19.194],[99.305,19.176],[99.317,19.17],[99.323,19.14],[99.319,19.13],[99.346,19.085],[99.364,19.081],[99.364,19.069],[99.384,19.063],[99.381,19.05],[99.388,19.026],[99.39,19.02],[99.397,19.019],[99.401,19],[99.437,19.008],[99.437,19.013],[99.466,19.038],[99.483,19.069],[99.509,19.076],[99.526,19.074],[99.539,19.084],[99.537,19.107],[99.552,19.121],[99.56,19.14],[99.553,19.144],[99.549,19.156],[99.535,19.163],[99.543,19.196],[99.555,19.221],[99.555,19.245],[99.57,19.258],[99.571,19.278],[99.582,19.296],[99.579,19.315],[99.584,19.366],[99.571,19.395],[99.572,19.423],[99.588,19.449],[99.587,19.469],[99.616,19.505],[99.627,19.509],[99.645,19.504],[99.644,19.483],[99.656,19.471],[99.654,19.464],[99.671,19.464],[99.672,19.456],[99.686,19.451],[99.687,19.43],[99.709,19.431],[99.728,19.451],[99.738,19.454],[99.852,19.467],[99.893,19.484],[99.906,19.484],[99.916,19.479],[99.922,19.467],[99.91,19.419],[99.913,19.395],[99.926,19.385],[99.953,19.386],[100.004,19.429],[100.024,19.437],[100.047,19.438],[100.058,19.429],[100.076,19.426],[100.081,19.429],[100.087,19.452],[100.101,19.459],[100.108,19.468],[100.129,19.468],[100.137,19.473],[100.139,19.501],[100.156,19.521],[100.154,19.537],[100.166,19.548],[100.164,19.571],[100.183,19.613],[100.217,19.636],[100.264,19.634],[100.276,19.65],[100.29,19.642],[100.317,19.649],[100.324,19.671],[100.342,19.688],[100.335,19.701],[100.338,19.709],[100.354,19.715],[100.384,19.709],[100.391,19.722],[100.407,19.736]]]]}},{"type":"Feature","properties":{"code":"63"},"geometry":{"type":"MultiPolygon","coordinates":[[[[99.089,15.887],[99.088,15.915],[99.098,15.93],[99.087,15.95],[99.079,15.951],[99.076,15.957],[99.088,15.976],[99.088,15.996],[99.082,16.008],[99.088,16.042],[99.107,16.049],[99.116,16.061],[99.113,16.064],[99.118,16.072],[99.108,16.088],[99.106,16.103],[99.093,16.104],[99.09,16.115],[99.084,16.115],[99.076,16.129],[99.051,16.136],[99.051,16.161],[99.067,16.165],[99.074,16.196],[99.082,16.201],[99.083,16.212],[99.049,16.257],[99.042,16.29],[99.054,16.309],[99.05,16.313],[99.051,16.334],[99.041,16.34],[99.042,16.375],[99.031,16.386],[99.023,16.383],[99.015,16.387],[99.022,16.427],[99.011,16.449],[98.994,16.454],[98.985,16.473],[98.984,16.489],[99.001,16.499],[99.022,16.475],[99.053,16.48],[99.081,16.47],[99.103,16.472],[99.164,16.504],[99.176,16.526],[99.226,16.532],[99.245,16.546],[99.254,16.563],[99.253,16.595],[99.243,16.627],[99.246,16.647],[99.254,16.662],[99.269,16.667],[99.275,16.674],[99.281,16.704],[99.299,16.724],[99.296,16.785],[99.317,16.797],[99.327,16.81],[99.329,16.854],[99.341,16.87],[99.346,16.888],[99.33,16.896],[99.308,16.921],[99.278,16.929],[99.276,16.944],[99.267,16.959],[99.267,16.972],[99.276,16.977],[99.285,17.014],[99.278,17.06],[99.298,17.092],[99.319,17.108],[99.325,17.125],[99.313,17.141],[99.313,17.219],[99.32,17.227],[99.319,17.263],[99.316,17.269],[99.302,17.275],[99.296,17.296],[99.277,17.324],[99.27,17.348],[99.27,17.392],[99.256,17.402],[99.224,17.399],[99.205,17.381],[99.201,17.363],[99.175,17.347],[99.173,17.336],[99.13,17.356],[99.105,17.356],[99.09,17.369],[99.068,17.37],[99.039,17.384],[99.03,17.402],[99.01,17.412],[99.006,17.421],[99.022,17.47],[98.938,17.469],[98.928,17.49],[98.925,17.522],[98.912,17.532],[98.898,17.526],[98.88,17.503],[98.881,17.49],[98.871,17.491],[98.868,17.501],[98.857,17.511],[98.829,17.512],[98.813,17.499],[98.78,17.491],[98.778,17.486],[98.757,17.475],[98.754,17.468],[98.716,17.456],[98.691,17.424],[98.681,17.454],[98.706,17.487],[98.706,17.5],[98.697,17.515],[98.705,17.542],[98.696,17.583],[98.684,17.594],[98.692,17.629],[98.685,17.647],[98.69,17.656],[98.685,17.665],[98.733,17.68],[98.749,17.693],[98.745,17.703],[98.727,17.714],[98.725,17.726],[98.706,17.742],[98.704,17.752],[98.655,17.731],[98.648,17.719],[98.651,17.705],[98.648,17.695],[98.611,17.666],[98.609,17.655],[98.614,17.646],[98.614,17.629],[98.627,17.606],[98.613,17.573],[98.581,17.567],[98.555,17.556],[98.535,17.515],[98.532,17.486],[98.534,17.461],[98.559,17.438],[98.566,17.423],[98.564,17.395],[98.549,17.363],[98.551,17.356],[98.571,17.348],[98.574,17.314],[98.568,17.292],[98.524,17.275],[98.47,17.27],[98.422,17.248],[98.407,17.253],[98.364,17.286],[98.347,17.292],[98.334,17.307],[98.332,17.319],[98.342,17.333],[98.339,17.347],[98.329,17.379],[98.311,17.402],[98.331,17.414],[98.337,17.427],[98.334,17.434],[98.312,17.445],[98.323,17.489],[98.324,17.526],[98.304,17.571],[98.286,17.577],[98.268,17.572],[98.259,17.577],[98.257,17.633],[98.262,17.657],[98.271,17.666],[98.294,17.675],[98.302,17.696],[98.238,17.682],[98.226,17.675],[98.196,17.643],[98.165,17.647],[98.116,17.645],[98.05,17.612],[97.991,17.591],[97.974,17.57],[97.912,17.567],[97.91,17.563],[97.922,17.553],[97.923,17.539],[97.933,17.538],[97.94,17.531],[97.962,17.528],[97.971,17.508],[97.989,17.513],[97.993,17.51],[98.037,17.452],[98.056,17.442],[98.055,17.436],[98.046,17.433],[98.046,17.429],[98.061,17.421],[98.08,17.39],[98.089,17.396],[98.11,17.385],[98.11,17.376],[98.119,17.375],[98.105,17.353],[98.105,17.338],[98.113,17.319],[98.119,17.323],[98.126,17.321],[98.129,17.308],[98.134,17.307],[98.138,17.299],[98.135,17.292],[98.147,17.292],[98.162,17.279],[98.168,17.273],[98.168,17.262],[98.206,17.25],[98.214,17.228],[98.228,17.22],[98.239,17.231],[98.244,17.227],[98.244,17.221],[98.234,17.217],[98.228,17.205],[98.248,17.21],[98.244,17.199],[98.252,17.198],[98.25,17.182],[98.263,17.188],[98.261,17.175],[98.267,17.178],[98.281,17.173],[98.28,17.168],[98.267,17.16],[98.272,17.151],[98.287,17.157],[98.299,17.147],[98.297,17.141],[98.285,17.143],[98.287,17.131],[98.28,17.116],[98.293,17.113],[98.299,17.128],[98.302,17.107],[98.311,17.112],[98.323,17.111],[98.316,17.095],[98.31,17.101],[98.3,17.093],[98.302,17.089],[98.314,17.089],[98.313,17.079],[98.318,17.07],[98.347,17.048],[98.39,17.061],[98.396,17.048],[98.4,17.048],[98.404,17.056],[98.413,17.053],[98.416,17.043],[98.422,17.045],[98.424,17.038],[98.438,17.036],[98.437,17.027],[98.43,17.022],[98.45,17.024],[98.456,17.02],[98.452,17.018],[98.456,17.011],[98.448,16.998],[98.458,16.992],[98.474,16.996],[98.473,16.987],[98.481,16.981],[98.478,16.976],[98.469,16.975],[98.469,16.971],[98.488,16.971],[98.488,16.957],[98.499,16.958],[98.508,16.948],[98.505,16.944],[98.501,16.95],[98.496,16.95],[98.485,16.942],[98.483,16.937],[98.491,16.934],[98.491,16.923],[98.506,16.928],[98.501,16.919],[98.507,16.911],[98.509,16.916],[98.522,16.918],[98.52,16.91],[98.513,16.902],[98.536,16.898],[98.526,16.885],[98.54,16.861],[98.535,16.86],[98.519,16.879],[98.509,16.88],[98.516,16.859],[98.511,16.856],[98.506,16.867],[98.499,16.863],[98.492,16.842],[98.503,16.832],[98.514,16.838],[98.524,16.834],[98.526,16.827],[98.538,16.829],[98.547,16.814],[98.516,16.806],[98.517,16.798],[98.526,16.799],[98.52,16.79],[98.509,16.798],[98.507,16.788],[98.502,16.786],[98.496,16.791],[98.485,16.789],[98.484,16.782],[98.488,16.773],[98.477,16.764],[98.48,16.748],[98.476,16.745],[98.47,16.751],[98.463,16.75],[98.469,16.738],[98.463,16.73],[98.478,16.719],[98.472,16.717],[98.471,16.712],[98.485,16.717],[98.491,16.709],[98.495,16.716],[98.502,16.715],[98.496,16.691],[98.51,16.701],[98.516,16.695],[98.518,16.677],[98.512,16.645],[98.521,16.651],[98.534,16.636],[98.544,16.639],[98.554,16.634],[98.56,16.636],[98.562,16.63],[98.571,16.632],[98.571,16.607],[98.577,16.607],[98.577,16.599],[98.582,16.601],[98.587,16.589],[98.579,16.575],[98.587,16.567],[98.573,16.572],[98.578,16.565],[98.577,16.559],[98.586,16.559],[98.585,16.547],[98.598,16.547],[98.598,16.533],[98.618,16.501],[98.628,16.496],[98.634,16.478],[98.642,16.479],[98.644,16.473],[98.652,16.471],[98.651,16.464],[98.658,16.455],[98.639,16.431],[98.637,16.425],[98.641,16.416],[98.638,16.412],[98.644,16.403],[98.656,16.4],[98.649,16.394],[98.658,16.378],[98.653,16.371],[98.664,16.365],[98.653,16.352],[98.666,16.347],[98.669,16.326],[98.663,16.319],[98.672,16.317],[98.667,16.309],[98.671,16.306],[98.67,16.293],[98.666,16.292],[98.67,16.288],[98.668,16.284],[98.676,16.281],[98.675,16.272],[98.68,16.273],[98.681,16.281],[98.693,16.276],[98.695,16.27],[98.703,16.271],[98.707,16.295],[98.719,16.295],[98.719,16.314],[98.727,16.314],[98.727,16.329],[98.736,16.338],[98.743,16.338],[98.745,16.347],[98.765,16.342],[98.772,16.348],[98.777,16.344],[98.776,16.349],[98.783,16.355],[98.781,16.365],[98.817,16.385],[98.813,16.394],[98.824,16.406],[98.83,16.422],[98.848,16.418],[98.881,16.423],[98.892,16.406],[98.897,16.407],[98.918,16.387],[98.92,16.37],[98.909,16.347],[98.925,16.345],[98.932,16.329],[98.924,16.307],[98.916,16.306],[98.911,16.298],[98.907,16.274],[98.911,16.268],[98.903,16.254],[98.887,16.248],[98.878,16.23],[98.872,16.239],[98.852,16.22],[98.861,16.198],[98.854,16.193],[98.86,16.187],[98.861,16.17],[98.851,16.161],[98.854,16.156],[98.849,16.128],[98.833,16.127],[98.828,16.115],[98.805,16.105],[98.788,16.111],[98.779,16.126],[98.768,16.12],[98.741,16.12],[98.718,16.124],[98.713,16.133],[98.699,16.136],[98.678,16.128],[98.683,16.111],[98.666,16.111],[98.674,16.097],[98.672,16.09],[98.659,16.083],[98.661,16.073],[98.642,16.067],[98.64,16.061],[98.626,16.062],[98.632,16.049],[98.628,16.044],[98.608,16.042],[98.607,16.062],[98.6,16.073],[98.589,16.076],[98.581,16.071],[98.578,16.06],[98.567,16.057],[98.561,16.032],[98.597,16.008],[98.606,15.986],[98.609,15.973],[98.606,15.965],[98.594,15.959],[98.592,15.938],[98.584,15.918],[98.589,15.892],[98.597,15.885],[98.596,15.875],[98.6,15.872],[98.611,15.877],[98.577,15.8],[98.566,15.763],[98.548,15.685],[98.558,15.655],[98.568,15.655],[98.584,15.663],[98.593,15.646],[98.61,15.642],[98.614,15.645],[98.627,15.638],[98.626,15.627],[98.645,15.638],[98.664,15.621],[98.734,15.512],[98.735,15.507],[98.722,15.501],[98.72,15.494],[98.767,15.466],[98.775,15.433],[98.786,15.421],[98.802,15.414],[98.834,15.362],[98.874,15.314],[98.892,15.272],[98.9,15.266],[98.931,15.259],[98.961,15.229],[98.965,15.204],[98.975,15.185],[98.985,15.181],[98.991,15.185],[98.999,15.183],[99.007,15.205],[99.006,15.235],[99.02,15.249],[99.017,15.266],[99.039,15.287],[99.03,15.306],[99.034,15.33],[99.045,15.348],[99.045,15.373],[99.052,15.382],[99.058,15.382],[99.06,15.393],[99.067,15.391],[99.069,15.398],[99.068,15.417],[99.056,15.442],[99.078,15.493],[99.073,15.506],[99.056,15.518],[99.049,15.554],[99.054,15.561],[99.088,15.576],[99.095,15.605],[99.106,15.612],[99.116,15.628],[99.113,15.648],[99.115,15.67],[99.126,15.692],[99.124,15.696],[99.13,15.7],[99.131,15.723],[99.137,15.728],[99.129,15.763],[99.136,15.796],[99.128,15.812],[99.104,15.823],[99.105,15.829],[99.097,15.833],[99.098,15.875],[99.089,15.887]]]]}},{"type":"Feature","properties":{"code":"73"},"geometry":{"type":"MultiPolygon","coordinates":[[[[100.328,13.804],[100.276,13.913],[100.266,13.921],[100.298,13.963],[100.262,13.998],[100.268,14.004],[100.264,14.01],[100.27,14.023],[100.277,14.024],[100.269,14.037],[100.264,14.06],[100.276,14.08],[100.285,14.164],[100.227,14.178],[100.207,14.173],[100.172,14.156],[100.157,14.139],[100.135,14.138],[100.126,14.144],[100.052,14.144],[100.029,14.139],[100.002,14.145],[99.98,14.145],[99.935,14.117],[99.873,14.062],[99.814,14.065],[99.807,14.035],[99.828,13.996],[99.852,13.994],[99.859,13.961],[99.878,13.958],[99.88,13.944],[99.931,13.933],[99.945,13.924],[99.951,13.911],[99.95,13.879],[99.962,13.844],[99.951,13.8],[99.956,13.774],[99.947,13.745],[99.971,13.714],[99.988,13.714],[100.004,13.742],[100.029,13.754],[100.031,13.744],[100.023,13.728],[100.025,13.707],[100.036,13.691],[100.062,13.683],[100.061,13.678],[100.066,13.676],[100.058,13.651],[100.064,13.65],[100.07,13.652],[100.071,13.657],[100.08,13.658],[100.087,13.65],[100.107,13.649],[100.122,13.654],[100.114,13.679],[100.124,13.683],[100.155,13.684],[100.164,13.677],[100.182,13.689],[100.193,13.677],[100.216,13.688],[100.225,13.681],[100.225,13.671],[100.238,13.678],[100.244,13.674],[100.262,13.685],[100.275,13.686],[100.278,13.69],[100.275,13.696],[100.289,13.713],[100.336,13.723],[100.335,13.753],[100.33,13.761],[100.334,13.783],[100.328,13.804]]]]}},{"type":"Feature","properties":{"code":"51"},"geometry":{"type":"MultiPolygon","coordinates":[[[[98.912,17.532],[98.907,17.548],[98.908,17.574],[98.892,17.585],[98.881,17.603],[98.88,17.611],[98.895,17.637],[98.905,17.644],[98.961,17.642],[98.984,17.636],[99.013,17.61],[99.038,17.608],[99.05,17.614],[99.06,17.637],[99.06,17.682],[99.082,17.698],[99.081,17.729],[99.101,17.742],[99.114,17.766],[99.124,17.77],[99.107,17.799],[99.107,17.809],[99.133,17.817],[99.165,17.811],[99.17,17.817],[99.159,17.846],[99.174,17.844],[99.182,17.851],[99.178,17.861],[99.138,17.904],[99.11,17.915],[99.11,17.939],[99.091,17.953],[99.095,17.992],[99.063,18.056],[99.063,18.105],[99.058,18.136],[99.046,18.152],[99.044,18.176],[99.026,18.203],[99.014,18.25],[99.031,18.262],[99.056,18.269],[99.072,18.267],[99.084,18.279],[99.098,18.269],[99.105,18.269],[99.107,18.288],[99.121,18.307],[99.146,18.316],[99.162,18.351],[99.163,18.367],[99.183,18.385],[99.194,18.415],[99.228,18.447],[99.24,18.482],[99.26,18.495],[99.302,18.492],[99.313,18.504],[99.315,18.516],[99.315,18.53],[99.309,18.534],[99.292,18.541],[99.263,18.566],[99.215,18.596],[99.215,18.611],[99.23,18.62],[99.228,18.636],[99.221,18.652],[99.202,18.662],[99.183,18.686],[99.187,18.699],[99.177,18.707],[99.129,18.699],[99.111,18.68],[99.073,18.676],[99.051,18.654],[99.043,18.654],[99.03,18.668],[99.013,18.67],[99.005,18.663],[98.986,18.616],[98.958,18.593],[98.943,18.564],[98.938,18.563],[98.932,18.554],[98.935,18.543],[98.923,18.536],[98.915,18.536],[98.879,18.51],[98.872,18.517],[98.867,18.515],[98.86,18.501],[98.846,18.498],[98.84,18.487],[98.815,18.472],[98.813,18.462],[98.805,18.463],[98.798,18.453],[98.778,18.45],[98.765,18.435],[98.743,18.432],[98.725,18.445],[98.72,18.434],[98.715,18.434],[98.709,18.441],[98.693,18.416],[98.699,18.411],[98.71,18.414],[98.699,18.397],[98.691,18.392],[98.681,18.369],[98.704,18.334],[98.7,18.33],[98.69,18.335],[98.672,18.327],[98.676,18.315],[98.668,18.306],[98.739,18.278],[98.786,18.249],[98.794,18.237],[98.798,18.205],[98.794,18.178],[98.816,18.149],[98.818,18.116],[98.812,18.097],[98.822,18.082],[98.802,18.032],[98.8,18.009],[98.813,17.971],[98.823,17.967],[98.851,17.971],[98.857,17.962],[98.89,17.854],[98.911,17.82],[98.899,17.775],[98.898,17.745],[98.881,17.726],[98.864,17.727],[98.85,17.718],[98.83,17.716],[98.806,17.735],[98.774,17.741],[98.758,17.757],[98.736,17.752],[98.706,17.758],[98.706,17.742],[98.725,17.726],[98.727,17.714],[98.745,17.703],[98.749,17.693],[98.733,17.68],[98.685,17.665],[98.69,17.656],[98.685,17.647],[98.692,17.629],[98.684,17.594],[98.696,17.583],[98.705,17.542],[98.697,17.515],[98.706,17.5],[98.706,17.487],[98.681,17.454],[98.682,17.445],[98.689,17.437],[98.691,17.424],[98.694,17.424],[98.7,17.439],[98.716,17.456],[98.754,17.468],[98.757,17.475],[98.778,17.486],[98.78,17.491],[98.813,17.499],[98.829,17.512],[98.857,17.511],[98.868,17.501],[98.871,17.491],[98.881,17.49],[98.88,17.503],[98.898,17.526],[98.912,17.532]]]]}},{"type":"Feature","properties":{"code":"23"},"geometry":{"type":"MultiPolygon","coordinates":[[[[102.411,11.903],[102.406,11.902],[102.398,11.909],[102.393,11.906],[102.402,11.9],[102.397,11.897],[102.406,11.898],[102.407,11.894],[102.417,11.901],[102.411,11.903]]],[[[102.364,11.928],[102.348,11.917],[102.345,11.901],[102.362,11.918],[102.364,11.928]]],[[[102.469,11.931],[102.48,11.938],[102.482,11.951],[102.481,11.959],[102.477,11.961],[102.47,11.954],[102.469,11.931]]],[[[102.376,11.999],[102.377,12.003],[102.385,12.002],[102.386,11.994],[102.392,11.993],[102.4,11.979],[102.436,11.952],[102.437,11.97],[102.447,11.976],[102.43,11.989],[102.423,12.007],[102.407,12.03],[102.398,12.035],[102.392,12.023],[102.386,12.021],[102.39,12.024],[102.389,12.036],[102.399,12.039],[102.395,12.051],[102.385,12.05],[102.383,12.068],[102.369,12.079],[102.363,12.095],[102.356,12.101],[102.353,12.113],[102.341,12.116],[102.322,12.136],[102.308,12.139],[102.297,12.144],[102.277,12.142],[102.279,12.148],[102.268,12.146],[102.251,12.157],[102.253,12.151],[102.269,12.142],[102.267,12.133],[102.25,12.136],[102.27,12.107],[102.276,12.092],[102.275,12.071],[102.29,12.058],[102.293,12.045],[102.288,12.012],[102.298,11.997],[102.294,11.982],[102.303,11.98],[102.317,11.956],[102.319,11.963],[102.311,11.969],[102.318,11.974],[102.334,11.975],[102.35,11.965],[102.368,11.962],[102.379,11.967],[102.377,11.982],[102.37,11.99],[102.376,11.999]]],[[[102.532,11.682],[102.535,11.666],[102.524,11.657],[102.532,11.657],[102.538,11.64],[102.544,11.638],[102.546,11.623],[102.533,11.619],[102.53,11.615],[102.535,11.616],[102.536,11.612],[102.527,11.608],[102.527,11.604],[102.541,11.602],[102.548,11.591],[102.551,11.596],[102.556,11.592],[102.566,11.594],[102.571,11.589],[102.569,11.576],[102.593,11.562],[102.594,11.594],[102.602,11.607],[102.59,11.605],[102.589,11.61],[102.596,11.617],[102.594,11.621],[102.604,11.627],[102.598,11.629],[102.605,11.634],[102.609,11.657],[102.601,11.677],[102.602,11.686],[102.609,11.689],[102.601,11.7],[102.598,11.694],[102.59,11.696],[102.59,11.704],[102.579,11.712],[102.564,11.7],[102.564,11.722],[102.571,11.732],[102.554,11.762],[102.544,11.753],[102.548,11.738],[102.534,11.724],[102.541,11.706],[102.536,11.697],[102.528,11.696],[102.53,11.681],[102.536,11.684],[102.532,11.682]]],[[[102.521,11.708],[102.524,11.72],[102.513,11.726],[102.521,11.708]]],[[[102.388,11.779],[102.393,11.797],[102.382,11.81],[102.385,11.78],[102.388,11.779]]],[[[102.456,11.813],[102.472,11.81],[102.484,11.799],[102.487,11.79],[102.488,11.812],[102.493,11.816],[102.505,11.812],[102.51,11.821],[102.512,11.827],[102.499,11.828],[102.481,11.828],[102.471,11.834],[102.472,11.84],[102.469,11.84],[102.471,11.828],[102.467,11.821],[102.445,11.82],[102.446,11.808],[102.456,11.813]]],[[[102.528,11.834],[102.533,11.842],[102.525,11.857],[102.519,11.832],[102.528,11.834]]],[[[102.258,12.297],[102.266,12.277],[102.261,12.271],[102.278,12.254],[102.288,12.234],[102.286,12.222],[102.277,12.223],[102.283,12.214],[102.278,12.207],[102.291,12.189],[102.306,12.189],[102.326,12.18],[102.328,12.191],[102.344,12.199],[102.354,12.193],[102.368,12.193],[102.398,12.168],[102.431,12.17],[102.46,12.164],[102.479,12.139],[102.514,12.124],[102.536,12.109],[102.55,12.087],[102.547,12.059],[102.579,12.049],[102.584,12.043],[102.59,12.052],[102.589,12.062],[102.577,12.076],[102.575,12.087],[102.56,12.097],[102.568,12.117],[102.558,12.131],[102.561,12.142],[102.555,12.162],[102.574,12.164],[102.56,12.183],[102.592,12.21],[102.64,12.181],[102.647,12.162],[102.644,12.155],[102.628,12.155],[102.628,12.146],[102.663,12.121],[102.755,12.041],[102.767,12.021],[102.772,11.987],[102.766,11.982],[102.785,11.943],[102.782,11.929],[102.774,11.925],[102.774,11.912],[102.865,11.797],[102.886,11.763],[102.898,11.737],[102.894,11.732],[102.899,11.732],[102.906,11.715],[102.901,11.687],[102.909,11.65],[102.914,11.655],[102.911,11.746],[102.905,11.767],[102.893,11.786],[102.881,11.79],[102.886,11.799],[102.867,11.806],[102.862,11.822],[102.851,11.827],[102.846,11.844],[102.833,11.856],[102.819,11.893],[102.823,11.907],[102.814,11.922],[102.815,11.934],[102.809,11.945],[102.8,11.95],[102.78,11.991],[102.776,12.014],[102.78,12.024],[102.774,12.034],[102.77,12.074],[102.758,12.08],[102.752,12.094],[102.735,12.109],[102.733,12.125],[102.717,12.139],[102.704,12.173],[102.712,12.195],[102.708,12.206],[102.713,12.222],[102.718,12.222],[102.718,12.248],[102.714,12.261],[102.726,12.302],[102.726,12.364],[102.743,12.387],[102.785,12.4],[102.787,12.415],[102.784,12.427],[102.781,12.435],[102.774,12.435],[102.769,12.442],[102.765,12.457],[102.754,12.456],[102.75,12.462],[102.746,12.457],[102.742,12.465],[102.737,12.466],[102.74,12.482],[102.734,12.489],[102.72,12.487],[102.729,12.513],[102.711,12.509],[102.704,12.52],[102.695,12.521],[102.697,12.527],[102.692,12.533],[102.678,12.539],[102.685,12.548],[102.668,12.563],[102.662,12.583],[102.644,12.585],[102.648,12.599],[102.645,12.611],[102.629,12.61],[102.627,12.615],[102.617,12.616],[102.583,12.645],[102.579,12.654],[102.567,12.658],[102.554,12.653],[102.546,12.656],[102.533,12.653],[102.511,12.67],[102.505,12.683],[102.51,12.692],[102.497,12.704],[102.504,12.714],[102.504,12.732],[102.5,12.74],[102.506,12.751],[102.472,12.733],[102.444,12.73],[102.393,12.671],[102.397,12.645],[102.394,12.624],[102.403,12.612],[102.391,12.6],[102.414,12.574],[102.415,12.564],[102.407,12.562],[102.395,12.569],[102.374,12.59],[102.363,12.593],[102.352,12.586],[102.327,12.554],[102.324,12.545],[102.326,12.525],[102.346,12.499],[102.35,12.476],[102.348,12.469],[102.332,12.457],[102.329,12.451],[102.332,12.444],[102.325,12.428],[102.335,12.417],[102.368,12.402],[102.372,12.387],[102.363,12.384],[102.36,12.376],[102.345,12.364],[102.344,12.335],[102.305,12.301],[102.258,12.297]]]]}},{"type":"Feature","properties":{"code":"70"},"geometry":{"type":"MultiPolygon","coordinates":[[[[99.859,13.328],[99.875,13.389],[99.893,13.417],[99.89,13.448],[99.904,13.481],[99.913,13.491],[99.912,13.506],[99.926,13.512],[99.974,13.491],[100,13.495],[100.01,13.508],[100.038,13.504],[100.036,13.522],[100.046,13.544],[100.044,13.582],[100.048,13.596],[100.058,13.614],[100.078,13.631],[100.069,13.64],[100.066,13.647],[100.07,13.652],[100.058,13.651],[100.066,13.676],[100.061,13.678],[100.062,13.683],[100.036,13.691],[100.025,13.707],[100.023,13.728],[100.031,13.744],[100.029,13.754],[100.004,13.742],[99.991,13.716],[99.977,13.711],[99.959,13.725],[99.948,13.742],[99.956,13.774],[99.95,13.796],[99.962,13.844],[99.95,13.879],[99.951,13.911],[99.945,13.924],[99.931,13.933],[99.906,13.941],[99.87,13.942],[99.842,13.871],[99.821,13.861],[99.813,13.822],[99.806,13.815],[99.763,13.813],[99.689,13.822],[99.649,13.816],[99.625,13.798],[99.582,13.792],[99.552,13.757],[99.54,13.754],[99.499,13.769],[99.475,13.801],[99.453,13.781],[99.382,13.765],[99.351,13.75],[99.33,13.751],[99.297,13.77],[99.28,13.758],[99.254,13.769],[99.242,13.762],[99.233,13.748],[99.201,13.728],[99.167,13.726],[99.167,13.696],[99.172,13.688],[99.166,13.681],[99.171,13.672],[99.167,13.654],[99.172,13.647],[99.172,13.63],[99.165,13.613],[99.179,13.586],[99.164,13.574],[99.192,13.545],[99.192,13.512],[99.188,13.506],[99.191,13.501],[99.187,13.497],[99.204,13.479],[99.207,13.46],[99.197,13.451],[99.204,13.434],[99.201,13.427],[99.21,13.415],[99.204,13.403],[99.207,13.38],[99.202,13.372],[99.206,13.366],[99.203,13.355],[99.207,13.339],[99.192,13.323],[99.194,13.304],[99.187,13.291],[99.212,13.262],[99.203,13.262],[99.196,13.255],[99.209,13.231],[99.204,13.219],[99.211,13.208],[99.204,13.204],[99.214,13.195],[99.237,13.191],[99.249,13.184],[99.27,13.142],[99.29,13.146],[99.321,13.166],[99.324,13.175],[99.323,13.204],[99.347,13.23],[99.366,13.224],[99.383,13.21],[99.402,13.206],[99.418,13.192],[99.434,13.19],[99.443,13.181],[99.456,13.179],[99.48,13.191],[99.493,13.18],[99.504,13.179],[99.526,13.199],[99.575,13.191],[99.636,13.199],[99.665,13.216],[99.668,13.273],[99.703,13.312],[99.761,13.333],[99.783,13.332],[99.795,13.326],[99.809,13.33],[99.859,13.328]]]]}},{"type":"Feature","properties":{"code":"35"},"geometry":{"type":"MultiPolygon","coordinates":[[[[104.129,15.564],[104.149,15.525],[104.149,15.503],[104.205,15.447],[104.247,15.371],[104.274,15.359],[104.301,15.339],[104.353,15.337],[104.374,15.316],[104.388,15.321],[104.394,15.313],[104.392,15.302],[104.397,15.293],[104.418,15.285],[104.426,15.32],[104.436,15.328],[104.443,15.345],[104.435,15.353],[104.434,15.381],[104.427,15.378],[104.42,15.368],[104.401,15.39],[104.387,15.393],[104.384,15.398],[104.387,15.411],[104.384,15.441],[104.4,15.478],[104.399,15.523],[104.406,15.53],[104.425,15.525],[104.441,15.532],[104.492,15.531],[104.498,15.543],[104.516,15.549],[104.52,15.559],[104.509,15.588],[104.463,15.601],[104.465,15.618],[104.461,15.633],[104.443,15.631],[104.441,15.656],[104.444,15.668],[104.439,15.7],[104.424,15.714],[104.43,15.74],[104.427,15.757],[104.436,15.765],[104.439,15.818],[104.461,15.849],[104.455,15.868],[104.46,15.902],[104.503,15.957],[104.509,15.984],[104.536,16.012],[104.563,16.079],[104.574,16.093],[104.616,16.121],[104.686,16.138],[104.806,16.156],[104.81,16.161],[104.813,16.19],[104.802,16.199],[104.712,16.211],[104.698,16.225],[104.686,16.228],[104.682,16.242],[104.668,16.237],[104.659,16.214],[104.637,16.211],[104.612,16.237],[104.594,16.244],[104.587,16.252],[104.559,16.31],[104.521,16.314],[104.509,16.337],[104.502,16.341],[104.466,16.337],[104.442,16.343],[104.395,16.345],[104.378,16.34],[104.356,16.323],[104.35,16.289],[104.324,16.255],[104.309,16.251],[104.293,16.254],[104.272,16.237],[104.233,16.167],[104.179,16.142],[104.148,16.112],[104.119,16.105],[104.098,16.079],[104.098,16.071],[104.119,16.037],[104.109,15.982],[104.09,15.978],[104.048,15.984],[104.026,15.981],[104.015,15.972],[104.02,15.959],[104.03,15.957],[104.029,15.949],[104.036,15.94],[104.024,15.912],[104.014,15.911],[104.019,15.906],[104.015,15.892],[104.021,15.891],[104.015,15.886],[104.021,15.883],[104.021,15.878],[104.032,15.875],[104.024,15.87],[104.037,15.868],[104.025,15.864],[104.02,15.867],[104.029,15.86],[104.028,15.852],[104.019,15.848],[104.021,15.84],[104.016,15.838],[104.013,15.844],[104.017,15.83],[104.007,15.832],[104.014,15.817],[104.005,15.817],[104.005,15.812],[103.998,15.814],[104.003,15.805],[104,15.796],[104.025,15.799],[104.035,15.796],[104.077,15.819],[104.079,15.825],[104.07,15.827],[104.074,15.839],[104.096,15.825],[104.112,15.806],[104.134,15.8],[104.139,15.785],[104.127,15.769],[104.133,15.754],[104.142,15.751],[104.132,15.743],[104.128,15.721],[104.131,15.705],[104.119,15.706],[104.118,15.702],[104.128,15.696],[104.139,15.711],[104.148,15.712],[104.142,15.706],[104.152,15.69],[104.162,15.688],[104.168,15.673],[104.177,15.671],[104.175,15.664],[104.183,15.668],[104.187,15.666],[104.184,15.657],[104.172,15.66],[104.178,15.639],[104.17,15.633],[104.191,15.632],[104.182,15.622],[104.189,15.615],[104.187,15.609],[104.213,15.616],[104.206,15.601],[104.141,15.579],[104.129,15.564]]]]}},{"type":"Feature","properties":{"code":"54"},"geometry":{"type":"MultiPolygon","coordinates":[[[[100.113,18.808],[100.126,18.786],[100.102,18.753],[100.098,18.731],[100.104,18.706],[100.11,18.702],[100.109,18.692],[100.105,18.691],[100.112,18.67],[100.107,18.664],[100.1,18.63],[100.119,18.605],[100.12,18.601],[100.111,18.591],[100.119,18.571],[100.115,18.565],[100.094,18.567],[100.062,18.553],[100.057,18.535],[100.059,18.511],[100.052,18.49],[100.03,18.451],[100.017,18.441],[100.018,18.429],[100.005,18.405],[99.965,18.38],[99.914,18.293],[99.898,18.281],[99.864,18.274],[99.841,18.24],[99.814,18.221],[99.761,18.146],[99.761,18.116],[99.738,18.102],[99.722,18.066],[99.701,18.064],[99.691,18.05],[99.663,18.041],[99.644,18.022],[99.613,18.037],[99.598,18.033],[99.592,18.026],[99.594,18.014],[99.588,18.001],[99.563,17.976],[99.51,17.939],[99.433,17.852],[99.421,17.845],[99.411,17.827],[99.397,17.813],[99.389,17.793],[99.375,17.779],[99.366,17.773],[99.319,17.774],[99.31,17.763],[99.315,17.732],[99.352,17.681],[99.381,17.677],[99.424,17.704],[99.449,17.701],[99.457,17.708],[99.461,17.722],[99.473,17.729],[99.521,17.79],[99.561,17.81],[99.6,17.817],[99.662,17.797],[99.697,17.758],[99.709,17.751],[99.726,17.721],[99.743,17.725],[99.757,17.74],[99.76,17.755],[99.778,17.779],[99.807,17.797],[99.914,17.806],[99.95,17.782],[99.959,17.782],[99.969,17.799],[99.988,17.805],[99.995,17.812],[99.997,17.831],[100.025,17.833],[100.048,17.842],[100.06,17.836],[100.077,17.838],[100.141,17.862],[100.167,17.887],[100.219,17.921],[100.24,17.951],[100.277,17.961],[100.294,17.955],[100.336,17.894],[100.352,17.899],[100.36,17.919],[100.37,17.928],[100.362,17.956],[100.366,17.981],[100.413,18.019],[100.417,18.03],[100.404,18.064],[100.409,18.075],[100.396,18.087],[100.4,18.104],[100.392,18.117],[100.398,18.135],[100.418,18.137],[100.432,18.147],[100.452,18.151],[100.46,18.161],[100.471,18.193],[100.471,18.22],[100.481,18.243],[100.506,18.279],[100.492,18.31],[100.498,18.327],[100.495,18.341],[100.522,18.366],[100.542,18.417],[100.539,18.436],[100.542,18.455],[100.531,18.476],[100.505,18.476],[100.489,18.493],[100.481,18.495],[100.456,18.492],[100.44,18.495],[100.421,18.486],[100.409,18.494],[100.401,18.517],[100.405,18.527],[100.401,18.55],[100.385,18.568],[100.392,18.617],[100.407,18.63],[100.395,18.645],[100.37,18.661],[100.354,18.683],[100.36,18.689],[100.366,18.708],[100.375,18.712],[100.383,18.726],[100.388,18.725],[100.393,18.741],[100.362,18.749],[100.364,18.777],[100.36,18.783],[100.337,18.788],[100.339,18.813],[100.311,18.81],[100.301,18.819],[100.239,18.82],[100.226,18.826],[100.217,18.819],[100.196,18.814],[100.186,18.822],[100.177,18.811],[100.166,18.816],[100.156,18.835],[100.134,18.817],[100.118,18.82],[100.113,18.808]]]]}},{"type":"Feature","properties":{"code":"95"},"geometry":{"type":"MultiPolygon","coordinates":[[[[100.842,6.302],[100.835,6.297],[100.835,6.286],[100.845,6.263],[100.844,6.25],[100.854,6.232],[100.87,6.24],[100.866,6.246],[100.872,6.265],[100.886,6.25],[100.892,6.249],[100.893,6.24],[100.899,6.235],[100.904,6.234],[100.917,6.248],[100.945,6.243],[100.947,6.264],[100.966,6.272],[100.969,6.283],[100.984,6.279],[100.99,6.266],[101.01,6.256],[101.015,6.247],[101.021,6.25],[101.032,6.244],[101.049,6.254],[101.06,6.254],[101.064,6.259],[101.075,6.255],[101.095,6.26],[101.112,6.252],[101.105,6.238],[101.119,6.212],[101.115,6.204],[101.124,6.2],[101.127,6.193],[101.108,6.179],[101.093,6.176],[101.086,6.179],[101.085,6.174],[101.075,6.171],[101.076,6.16],[101.061,6.151],[101.059,6.142],[101.089,6.134],[101.106,6.124],[101.106,6.113],[101.119,6.115],[101.127,6.107],[101.127,6.095],[101.115,6.093],[101.111,6.066],[101.105,6.063],[101.1,6.05],[101.114,6.039],[101.108,6.029],[101.113,6.009],[101.106,6],[101.107,5.99],[101.115,5.989],[101.124,5.977],[101.112,5.958],[101.095,5.95],[101.1,5.942],[101.092,5.926],[101.088,5.926],[101.085,5.909],[101.075,5.918],[101.063,5.92],[101.053,5.91],[101.037,5.918],[101.026,5.913],[101.029,5.902],[101.009,5.874],[101.01,5.857],[101.006,5.852],[101.012,5.837],[101.002,5.829],[100.999,5.818],[100.984,5.807],[100.989,5.784],[100.996,5.785],[101.007,5.77],[101.018,5.767],[101.034,5.738],[101.06,5.744],[101.062,5.727],[101.068,5.728],[101.083,5.72],[101.081,5.71],[101.086,5.712],[101.09,5.704],[101.095,5.703],[101.098,5.691],[101.119,5.671],[101.133,5.615],[101.142,5.614],[101.145,5.623],[101.153,5.623],[101.169,5.636],[101.167,5.642],[101.172,5.648],[101.196,5.65],[101.205,5.66],[101.215,5.661],[101.222,5.676],[101.219,5.688],[101.242,5.691],[101.251,5.699],[101.252,5.708],[101.26,5.712],[101.26,5.732],[101.25,5.762],[101.26,5.777],[101.264,5.801],[101.276,5.812],[101.291,5.816],[101.295,5.812],[101.305,5.813],[101.307,5.804],[101.313,5.802],[101.326,5.814],[101.337,5.807],[101.346,5.808],[101.35,5.827],[101.359,5.833],[101.375,5.833],[101.38,5.85],[101.39,5.859],[101.391,5.876],[101.407,5.872],[101.427,5.875],[101.432,5.871],[101.455,5.867],[101.464,5.876],[101.485,5.87],[101.487,5.883],[101.494,5.882],[101.502,5.89],[101.494,5.904],[101.501,5.947],[101.483,5.983],[101.491,6.025],[101.487,6.052],[101.479,6.067],[101.451,6.084],[101.445,6.115],[101.434,6.134],[101.4,6.156],[101.38,6.206],[101.404,6.222],[101.414,6.316],[101.44,6.422],[101.448,6.427],[101.485,6.436],[101.543,6.444],[101.551,6.468],[101.57,6.491],[101.585,6.498],[101.617,6.539],[101.602,6.555],[101.579,6.545],[101.556,6.543],[101.523,6.591],[101.511,6.598],[101.457,6.567],[101.437,6.576],[101.374,6.562],[101.346,6.55],[101.33,6.55],[101.305,6.593],[101.308,6.622],[101.3,6.651],[101.301,6.674],[101.296,6.679],[101.289,6.678],[101.273,6.64],[101.262,6.625],[101.234,6.602],[101.211,6.594],[101.198,6.594],[101.174,6.602],[101.151,6.6],[101.121,6.629],[101.101,6.638],[101.107,6.626],[101.107,6.589],[101.09,6.574],[101.08,6.548],[101.057,6.543],[101.045,6.5],[101.03,6.477],[101.008,6.47],[100.981,6.474],[100.962,6.452],[100.938,6.441],[100.93,6.429],[100.921,6.388],[100.923,6.316],[100.889,6.294],[100.867,6.289],[100.854,6.291],[100.842,6.302]]]]}},{"type":"Feature","properties":{"code":"53"},"geometry":{"type":"MultiPolygon","coordinates":[[[[99.983,17.166],[99.991,17.167],[100.005,17.18],[100.014,17.181],[100.021,17.169],[100.032,17.162],[100.046,17.176],[100.089,17.179],[100.117,17.193],[100.167,17.204],[100.174,17.201],[100.181,17.189],[100.191,17.188],[100.251,17.231],[100.259,17.241],[100.261,17.253],[100.247,17.307],[100.253,17.344],[100.305,17.372],[100.338,17.367],[100.346,17.383],[100.378,17.386],[100.448,17.425],[100.457,17.42],[100.487,17.42],[100.502,17.43],[100.515,17.405],[100.517,17.41],[100.548,17.407],[100.58,17.418],[100.61,17.466],[100.647,17.477],[100.643,17.495],[100.67,17.503],[100.702,17.531],[100.741,17.545],[100.747,17.56],[100.767,17.573],[100.768,17.582],[100.775,17.586],[100.774,17.599],[100.786,17.608],[100.797,17.627],[100.83,17.64],[100.854,17.687],[100.867,17.703],[100.889,17.708],[100.899,17.69],[100.91,17.687],[100.931,17.691],[100.954,17.705],[100.987,17.748],[100.978,17.753],[100.978,17.763],[100.982,17.768],[100.999,17.77],[101.007,17.784],[100.992,17.805],[100.999,17.821],[101.032,17.833],[101.029,17.838],[101.035,17.86],[101.017,17.878],[101.021,17.883],[101.016,17.884],[101.019,17.891],[101.047,17.913],[101.064,17.917],[101.07,17.914],[101.072,17.921],[101.095,17.932],[101.102,17.946],[101.117,17.951],[101.114,17.972],[101.119,17.973],[101.122,18],[101.151,18.037],[101.161,18.03],[101.184,18.065],[101.173,18.077],[101.174,18.089],[101.164,18.105],[101.161,18.124],[101.178,18.181],[101.193,18.213],[101.179,18.224],[101.173,18.217],[101.165,18.218],[101.166,18.231],[101.16,18.245],[101.144,18.259],[101.163,18.278],[101.148,18.295],[101.161,18.304],[101.16,18.31],[101.168,18.32],[101.18,18.327],[101.182,18.341],[101.155,18.349],[101.149,18.347],[101.147,18.351],[101.129,18.362],[101.13,18.368],[101.11,18.371],[101.094,18.381],[101.086,18.38],[101.073,18.357],[101.056,18.355],[101.042,18.339],[101.005,18.318],[100.997,18.307],[100.984,18.309],[100.958,18.271],[100.919,18.242],[100.914,18.227],[100.925,18.211],[100.923,18.205],[100.909,18.194],[100.907,18.174],[100.913,18.157],[100.889,18.148],[100.885,18.151],[100.875,18.14],[100.877,18.121],[100.861,18.106],[100.85,18.084],[100.812,18.08],[100.804,18.058],[100.773,18.027],[100.727,18.032],[100.693,18.024],[100.67,18.045],[100.657,18.039],[100.61,18.05],[100.589,18.04],[100.579,18.044],[100.573,18.035],[100.55,18.033],[100.544,18.016],[100.477,18.026],[100.471,18.021],[100.445,18.024],[100.42,18.013],[100.413,18.019],[100.366,17.981],[100.362,17.956],[100.37,17.928],[100.36,17.919],[100.352,17.899],[100.344,17.893],[100.336,17.894],[100.294,17.955],[100.277,17.961],[100.24,17.951],[100.219,17.921],[100.167,17.887],[100.141,17.862],[100.069,17.836],[100.048,17.842],[100.025,17.833],[99.997,17.831],[99.995,17.812],[99.988,17.805],[99.969,17.799],[99.959,17.782],[99.95,17.782],[99.914,17.806],[99.896,17.804],[99.928,17.772],[99.928,17.765],[99.92,17.759],[99.921,17.75],[99.969,17.705],[99.98,17.665],[99.97,17.614],[99.954,17.596],[99.933,17.585],[99.928,17.571],[99.951,17.539],[99.967,17.533],[99.966,17.518],[99.998,17.498],[100.02,17.474],[100.026,17.453],[100.037,17.436],[100.029,17.421],[100.003,17.414],[99.998,17.406],[100,17.395],[100.016,17.382],[100.012,17.365],[100.017,17.321],[100.007,17.294],[99.985,17.278],[99.969,17.248],[99.97,17.242],[99.978,17.242],[99.975,17.228],[99.986,17.215],[99.987,17.181],[99.983,17.166]]]]}},{"type":"Feature","properties":{"code":"31"},"geometry":{"type":"MultiPolygon","coordinates":[[[[103.111,15.481],[103.079,15.493],[103.078,15.499],[103.073,15.498],[103.075,15.513],[103.084,15.518],[103.083,15.527],[103.089,15.526],[103.091,15.533],[103.081,15.547],[103.077,15.543],[103.061,15.558],[103.052,15.558],[103.054,15.562],[103.046,15.564],[103.053,15.593],[103.045,15.593],[103.045,15.598],[103.026,15.6],[103.027,15.604],[103.013,15.615],[103.013,15.629],[102.993,15.64],[102.995,15.648],[102.989,15.647],[102.99,15.652],[102.974,15.661],[102.976,15.671],[103.005,15.685],[103.008,15.701],[102.946,15.789],[102.919,15.782],[102.901,15.772],[102.892,15.753],[102.889,15.67],[102.882,15.649],[102.858,15.631],[102.822,15.621],[102.806,15.624],[102.789,15.639],[102.783,15.621],[102.796,15.584],[102.798,15.547],[102.827,15.511],[102.837,15.507],[102.851,15.511],[102.866,15.506],[102.895,15.514],[102.922,15.512],[102.943,15.504],[102.947,15.488],[102.958,15.486],[102.958,15.474],[102.988,15.475],[103.002,15.47],[103.019,15.445],[103.02,15.439],[103,15.428],[102.994,15.418],[102.988,15.425],[102.981,15.42],[102.978,15.424],[102.969,15.403],[102.957,15.406],[102.954,15.402],[102.952,15.38],[102.959,15.372],[102.991,15.366],[103.001,15.357],[103.002,15.349],[102.981,15.342],[102.973,15.326],[102.98,15.284],[102.972,15.264],[102.976,15.217],[102.987,15.2],[102.983,15.189],[102.942,15.175],[102.918,15.182],[102.853,15.154],[102.777,15.072],[102.786,15.049],[102.766,15.023],[102.761,14.992],[102.707,14.952],[102.672,14.941],[102.625,14.939],[102.543,14.967],[102.526,14.969],[102.521,14.966],[102.521,14.959],[102.56,14.937],[102.547,14.895],[102.553,14.874],[102.578,14.831],[102.579,14.822],[102.568,14.814],[102.534,14.806],[102.504,14.808],[102.483,14.833],[102.455,14.843],[102.441,14.857],[102.437,14.858],[102.436,14.849],[102.444,14.807],[102.482,14.754],[102.481,14.718],[102.487,14.693],[102.511,14.648],[102.484,14.572],[102.484,14.559],[102.498,14.501],[102.539,14.472],[102.566,14.447],[102.582,14.404],[102.574,14.371],[102.595,14.346],[102.592,14.302],[102.598,14.295],[102.617,14.286],[102.621,14.279],[102.583,14.204],[102.594,14.149],[102.612,14.134],[102.621,14.143],[102.624,14.154],[102.629,14.154],[102.656,14.134],[102.685,14.141],[102.706,14.133],[102.722,14.132],[102.769,14.141],[102.792,14.158],[102.824,14.167],[102.878,14.152],[102.891,14.164],[102.936,14.168],[102.93,14.177],[102.941,14.186],[102.939,14.195],[102.956,14.197],[102.952,14.206],[102.962,14.212],[102.997,14.214],[103.013,14.231],[103.022,14.229],[103.033,14.239],[103.032,14.25],[103.038,14.252],[103.057,14.274],[103.057,14.285],[103.074,14.286],[103.084,14.297],[103.124,14.303],[103.131,14.307],[103.129,14.32],[103.142,14.326],[103.154,14.314],[103.161,14.331],[103.168,14.335],[103.214,14.328],[103.219,14.324],[103.243,14.337],[103.239,14.366],[103.249,14.389],[103.241,14.407],[103.256,14.425],[103.258,14.441],[103.257,14.454],[103.228,14.529],[103.227,14.538],[103.237,14.547],[103.23,14.571],[103.23,14.592],[103.251,14.618],[103.253,14.639],[103.274,14.678],[103.289,14.73],[103.284,14.764],[103.307,14.793],[103.308,14.814],[103.314,14.811],[103.314,14.817],[103.32,14.817],[103.319,14.827],[103.329,14.833],[103.34,14.828],[103.346,14.831],[103.341,14.839],[103.352,14.84],[103.365,14.859],[103.376,14.86],[103.377,14.871],[103.385,14.872],[103.379,14.877],[103.387,14.886],[103.392,14.886],[103.39,14.895],[103.401,14.893],[103.405,14.898],[103.398,14.901],[103.405,14.912],[103.399,14.913],[103.402,14.92],[103.418,14.919],[103.426,14.929],[103.428,14.942],[103.424,14.943],[103.424,14.954],[103.417,14.959],[103.42,14.967],[103.43,14.971],[103.422,14.971],[103.421,14.977],[103.431,14.979],[103.42,14.985],[103.422,14.99],[103.427,14.988],[103.427,14.993],[103.41,15.003],[103.415,15.004],[103.417,15.018],[103.425,15.026],[103.422,15.031],[103.437,15.03],[103.448,15.046],[103.441,15.057],[103.423,15.066],[103.442,15.086],[103.439,15.09],[103.429,15.083],[103.431,15.1],[103.44,15.099],[103.442,15.106],[103.435,15.109],[103.426,15.106],[103.428,15.118],[103.433,15.122],[103.424,15.13],[103.429,15.141],[103.421,15.152],[103.429,15.16],[103.42,15.168],[103.429,15.184],[103.418,15.188],[103.419,15.201],[103.426,15.208],[103.436,15.207],[103.429,15.214],[103.437,15.221],[103.434,15.229],[103.436,15.243],[103.448,15.257],[103.442,15.258],[103.442,15.263],[103.453,15.255],[103.459,15.257],[103.463,15.283],[103.469,15.28],[103.47,15.288],[103.477,15.286],[103.481,15.296],[103.489,15.291],[103.505,15.292],[103.497,15.302],[103.504,15.311],[103.501,15.315],[103.496,15.308],[103.492,15.317],[103.486,15.311],[103.482,15.32],[103.472,15.32],[103.469,15.326],[103.475,15.329],[103.468,15.347],[103.459,15.335],[103.452,15.337],[103.451,15.344],[103.444,15.344],[103.442,15.338],[103.451,15.336],[103.443,15.331],[103.436,15.335],[103.432,15.329],[103.435,15.323],[103.429,15.321],[103.431,15.31],[103.427,15.308],[103.425,15.316],[103.419,15.317],[103.415,15.311],[103.409,15.314],[103.403,15.309],[103.401,15.315],[103.386,15.318],[103.388,15.324],[103.375,15.339],[103.36,15.338],[103.362,15.345],[103.349,15.347],[103.35,15.34],[103.342,15.344],[103.34,15.336],[103.328,15.337],[103.33,15.331],[103.324,15.333],[103.32,15.328],[103.314,15.327],[103.316,15.318],[103.306,15.319],[103.29,15.299],[103.281,15.307],[103.285,15.316],[103.275,15.319],[103.266,15.318],[103.266,15.31],[103.258,15.313],[103.248,15.307],[103.254,15.313],[103.253,15.321],[103.245,15.317],[103.232,15.324],[103.231,15.317],[103.226,15.323],[103.219,15.321],[103.219,15.328],[103.224,15.331],[103.217,15.336],[103.21,15.331],[103.212,15.343],[103.207,15.339],[103.202,15.343],[103.201,15.336],[103.197,15.335],[103.193,15.353],[103.187,15.358],[103.197,15.358],[103.194,15.366],[103.182,15.368],[103.178,15.36],[103.171,15.364],[103.163,15.353],[103.156,15.353],[103.159,15.362],[103.164,15.364],[103.155,15.365],[103.157,15.373],[103.148,15.376],[103.155,15.379],[103.155,15.384],[103.151,15.386],[103.148,15.381],[103.141,15.388],[103.146,15.402],[103.139,15.412],[103.133,15.409],[103.135,15.401],[103.118,15.402],[103.114,15.41],[103.108,15.409],[103.09,15.419],[103.09,15.424],[103.101,15.43],[103.111,15.451],[103.106,15.457],[103.108,15.465],[103.115,15.467],[103.111,15.481]]]]}},{"type":"Feature","properties":{"code":"62"},"geometry":{"type":"MultiPolygon","coordinates":[[[[99.994,16.338],[99.977,16.362],[99.977,16.37],[100.003,16.413],[100.008,16.441],[100.03,16.489],[100.033,16.501],[100.024,16.515],[100.023,16.532],[100.006,16.556],[99.994,16.563],[99.965,16.568],[99.941,16.582],[99.918,16.583],[99.89,16.639],[99.904,16.672],[99.904,16.688],[99.858,16.735],[99.842,16.739],[99.805,16.734],[99.752,16.736],[99.711,16.73],[99.687,16.734],[99.555,16.815],[99.548,16.826],[99.542,16.861],[99.52,16.881],[99.495,16.889],[99.482,16.888],[99.379,16.865],[99.346,16.888],[99.341,16.87],[99.329,16.854],[99.327,16.81],[99.317,16.797],[99.296,16.785],[99.299,16.724],[99.281,16.704],[99.275,16.674],[99.269,16.667],[99.254,16.662],[99.246,16.647],[99.243,16.627],[99.256,16.576],[99.245,16.546],[99.226,16.532],[99.176,16.526],[99.164,16.504],[99.103,16.472],[99.081,16.47],[99.053,16.48],[99.022,16.475],[99.001,16.499],[98.984,16.489],[98.985,16.473],[98.994,16.454],[99.011,16.449],[99.022,16.427],[99.015,16.387],[99.023,16.383],[99.031,16.386],[99.042,16.375],[99.041,16.34],[99.051,16.334],[99.05,16.313],[99.054,16.309],[99.042,16.29],[99.049,16.257],[99.083,16.212],[99.082,16.201],[99.074,16.196],[99.067,16.165],[99.051,16.161],[99.051,16.136],[99.076,16.129],[99.084,16.115],[99.09,16.115],[99.093,16.104],[99.106,16.103],[99.108,16.088],[99.118,16.072],[99.113,16.064],[99.116,16.061],[99.107,16.049],[99.088,16.042],[99.082,16.008],[99.088,15.996],[99.088,15.976],[99.076,15.957],[99.079,15.951],[99.087,15.95],[99.098,15.93],[99.088,15.915],[99.089,15.887],[99.096,15.885],[99.129,15.914],[99.14,15.908],[99.149,15.911],[99.153,15.921],[99.174,15.93],[99.172,15.937],[99.186,15.928],[99.196,15.94],[99.194,15.945],[99.204,15.936],[99.209,15.948],[99.217,15.944],[99.213,15.939],[99.219,15.937],[99.222,15.945],[99.234,15.929],[99.266,15.907],[99.271,15.912],[99.274,15.904],[99.29,15.892],[99.29,15.905],[99.295,15.903],[99.297,15.909],[99.31,15.905],[99.311,15.918],[99.32,15.917],[99.32,15.928],[99.33,15.912],[99.358,15.927],[99.374,15.915],[99.392,15.916],[99.405,15.91],[99.416,15.911],[99.426,15.921],[99.431,15.909],[99.436,15.911],[99.446,15.903],[99.461,15.905],[99.466,15.901],[99.477,15.902],[99.481,15.91],[99.479,15.922],[99.502,15.928],[99.529,15.921],[99.537,15.925],[99.554,15.916],[99.557,15.906],[99.578,15.905],[99.614,15.881],[99.629,15.855],[99.64,15.811],[99.656,15.789],[99.672,15.782],[99.683,15.799],[99.731,15.826],[99.749,15.873],[99.763,15.892],[99.761,15.921],[99.793,15.964],[99.799,15.986],[99.811,16.006],[99.894,16.077],[99.9,16.129],[99.928,16.194],[99.947,16.222],[99.941,16.261],[99.945,16.285],[99.994,16.338]]]]}},{"type":"Feature","properties":{"code":"52"},"geometry":{"type":"MultiPolygon","coordinates":[[[[99.687,19.43],[99.686,19.451],[99.672,19.456],[99.671,19.464],[99.654,19.464],[99.656,19.471],[99.644,19.483],[99.645,19.504],[99.627,19.509],[99.616,19.505],[99.587,19.469],[99.588,19.449],[99.574,19.43],[99.57,19.403],[99.584,19.366],[99.579,19.315],[99.582,19.296],[99.571,19.278],[99.57,19.258],[99.555,19.245],[99.555,19.221],[99.543,19.196],[99.535,19.163],[99.549,19.156],[99.553,19.144],[99.56,19.14],[99.552,19.121],[99.537,19.107],[99.539,19.084],[99.526,19.074],[99.509,19.076],[99.483,19.069],[99.466,19.038],[99.437,19.013],[99.437,19.008],[99.401,19],[99.383,18.992],[99.372,18.981],[99.377,18.969],[99.375,18.961],[99.385,18.947],[99.386,18.937],[99.378,18.919],[99.391,18.883],[99.385,18.877],[99.386,18.87],[99.371,18.855],[99.352,18.846],[99.352,18.821],[99.364,18.789],[99.367,18.762],[99.347,18.734],[99.33,18.686],[99.342,18.657],[99.326,18.646],[99.321,18.632],[99.325,18.622],[99.352,18.616],[99.356,18.606],[99.349,18.599],[99.347,18.579],[99.328,18.57],[99.328,18.543],[99.315,18.53],[99.313,18.504],[99.302,18.492],[99.26,18.495],[99.24,18.482],[99.228,18.447],[99.194,18.415],[99.183,18.385],[99.163,18.367],[99.162,18.351],[99.146,18.316],[99.121,18.307],[99.107,18.288],[99.105,18.269],[99.098,18.269],[99.084,18.279],[99.072,18.267],[99.056,18.269],[99.031,18.262],[99.014,18.25],[99.026,18.203],[99.044,18.176],[99.046,18.152],[99.058,18.136],[99.063,18.105],[99.063,18.056],[99.095,17.992],[99.091,17.953],[99.11,17.939],[99.11,17.915],[99.138,17.904],[99.178,17.861],[99.182,17.851],[99.174,17.844],[99.159,17.846],[99.17,17.817],[99.165,17.811],[99.133,17.817],[99.107,17.809],[99.107,17.799],[99.124,17.77],[99.114,17.766],[99.101,17.742],[99.081,17.729],[99.082,17.698],[99.06,17.682],[99.06,17.637],[99.05,17.614],[99.038,17.608],[99.013,17.61],[98.996,17.629],[98.974,17.64],[98.905,17.644],[98.885,17.623],[98.881,17.603],[98.892,17.585],[98.908,17.574],[98.909,17.538],[98.925,17.522],[98.923,17.511],[98.933,17.472],[98.95,17.467],[98.953,17.47],[99.022,17.47],[99.006,17.421],[99.01,17.412],[99.03,17.402],[99.039,17.384],[99.068,17.37],[99.09,17.369],[99.105,17.356],[99.13,17.356],[99.173,17.336],[99.175,17.347],[99.185,17.351],[99.201,17.363],[99.205,17.381],[99.224,17.399],[99.256,17.402],[99.266,17.398],[99.272,17.385],[99.271,17.344],[99.302,17.275],[99.324,17.266],[99.339,17.267],[99.368,17.231],[99.373,17.21],[99.389,17.202],[99.394,17.202],[99.402,17.212],[99.415,17.214],[99.444,17.228],[99.445,17.244],[99.457,17.254],[99.454,17.291],[99.459,17.304],[99.477,17.32],[99.481,17.342],[99.472,17.366],[99.454,17.372],[99.444,17.385],[99.434,17.389],[99.43,17.402],[99.442,17.428],[99.427,17.437],[99.409,17.464],[99.417,17.48],[99.417,17.507],[99.437,17.52],[99.44,17.527],[99.435,17.552],[99.418,17.564],[99.42,17.591],[99.428,17.602],[99.45,17.596],[99.456,17.6],[99.45,17.637],[99.477,17.671],[99.473,17.689],[99.481,17.709],[99.473,17.729],[99.461,17.722],[99.457,17.708],[99.449,17.701],[99.424,17.704],[99.388,17.679],[99.363,17.677],[99.352,17.681],[99.315,17.732],[99.312,17.77],[99.351,17.776],[99.366,17.773],[99.375,17.779],[99.389,17.793],[99.397,17.813],[99.411,17.827],[99.421,17.845],[99.433,17.852],[99.51,17.939],[99.563,17.976],[99.588,18.001],[99.594,18.014],[99.592,18.026],[99.598,18.033],[99.613,18.037],[99.644,18.022],[99.663,18.041],[99.691,18.05],[99.701,18.064],[99.722,18.066],[99.738,18.102],[99.761,18.116],[99.761,18.146],[99.814,18.221],[99.841,18.24],[99.864,18.274],[99.898,18.281],[99.914,18.293],[99.965,18.38],[100.005,18.405],[100.018,18.429],[100.017,18.441],[100.03,18.451],[100.052,18.49],[100.059,18.511],[100.057,18.535],[100.062,18.553],[100.094,18.567],[100.115,18.565],[100.119,18.571],[100.111,18.591],[100.12,18.601],[100.119,18.605],[100.1,18.63],[100.107,18.664],[100.112,18.67],[100.105,18.691],[100.109,18.692],[100.11,18.702],[100.104,18.706],[100.098,18.731],[100.102,18.753],[100.126,18.786],[100.12,18.798],[100.088,18.828],[100.066,18.817],[100.061,18.835],[100.068,18.844],[100.07,18.872],[100.064,18.88],[100.05,18.885],[100.04,18.898],[99.993,18.909],[99.966,18.927],[99.929,18.97],[99.907,18.983],[99.876,18.999],[99.848,19.003],[99.839,19],[99.83,19.009],[99.835,19.027],[99.821,19.042],[99.774,19.064],[99.757,19.124],[99.759,19.134],[99.745,19.141],[99.739,19.157],[99.726,19.17],[99.729,19.181],[99.706,19.24],[99.702,19.314],[99.709,19.339],[99.697,19.35],[99.699,19.369],[99.689,19.404],[99.687,19.43]]]]}},{"type":"Feature","properties":{"code":"12"},"geometry":{"type":"MultiPolygon","coordinates":[[[[100.568,13.951],[100.557,13.95],[100.539,13.956],[100.531,13.945],[100.51,13.944],[100.502,13.936],[100.489,13.942],[100.467,13.973],[100.462,13.972],[100.458,13.978],[100.453,13.968],[100.435,13.981],[100.381,13.995],[100.381,13.989],[100.361,13.994],[100.345,14.019],[100.332,14.056],[100.345,14.117],[100.33,14.128],[100.331,14.133],[100.318,14.133],[100.308,14.14],[100.291,14.14],[100.28,14.126],[100.276,14.08],[100.264,14.06],[100.269,14.037],[100.277,14.024],[100.27,14.023],[100.264,14.01],[100.268,14.004],[100.262,13.998],[100.298,13.963],[100.266,13.921],[100.276,13.913],[100.328,13.804],[100.459,13.798],[100.47,13.795],[100.466,13.789],[100.501,13.801],[100.515,13.813],[100.506,13.816],[100.509,13.825],[100.544,13.85],[100.568,13.951]]]]}},{"type":"Feature","properties":{"code":"38"},"geometry":{"type":"MultiPolygon","coordinates":[[[[103.4,17.986],[103.433,17.978],[103.433,17.99],[103.455,17.992],[103.476,18.011],[103.481,18.023],[103.475,18.042],[103.478,18.047],[103.496,18.054],[103.507,18.064],[103.539,18.063],[103.561,18.052],[103.576,18.038],[103.588,18.043],[103.609,18.015],[103.635,18.011],[103.637,18.004],[103.619,17.998],[103.621,17.971],[103.624,17.967],[103.632,17.968],[103.64,17.956],[103.658,17.963],[103.659,17.947],[103.666,17.941],[103.674,17.939],[103.686,17.948],[103.742,17.909],[103.749,17.937],[103.762,17.949],[103.759,17.923],[103.764,17.92],[103.776,17.924],[103.772,17.905],[103.778,17.894],[103.761,17.882],[103.76,17.872],[103.791,17.841],[103.806,17.846],[103.796,17.863],[103.797,17.87],[103.827,17.864],[103.841,17.867],[103.852,17.877],[103.857,17.874],[103.859,17.861],[103.866,17.855],[103.882,17.872],[103.901,17.876],[103.904,17.872],[103.895,17.845],[103.902,17.839],[103.914,17.852],[103.92,17.852],[103.92,17.812],[103.935,17.802],[103.937,17.783],[103.95,17.775],[103.963,17.778],[103.969,17.765],[103.983,17.78],[103.994,17.781],[103.993,17.798],[103.997,17.803],[104.01,17.801],[104.016,17.816],[104.014,17.828],[103.992,17.852],[103.986,17.865],[103.997,17.887],[104,17.919],[104.032,17.935],[104.044,17.935],[104.05,17.917],[104.066,17.897],[104.069,17.88],[104.096,17.863],[104.11,17.862],[104.113,17.885],[104.133,17.902],[104.135,17.909],[104.13,17.937],[104.132,17.956],[104.116,17.976],[104.119,17.996],[104.132,18.001],[104.168,17.998],[104.181,18.004],[104.188,18.025],[104.105,18.115],[104.086,18.165],[104.066,18.197],[104.061,18.219],[103.989,18.321],[103.973,18.337],[103.953,18.339],[103.929,18.33],[103.886,18.294],[103.858,18.284],[103.851,18.29],[103.834,18.328],[103.818,18.338],[103.794,18.343],[103.754,18.34],[103.746,18.344],[103.698,18.343],[103.65,18.38],[103.61,18.403],[103.569,18.405],[103.544,18.42],[103.524,18.426],[103.457,18.425],[103.406,18.449],[103.348,18.434],[103.307,18.432],[103.296,18.424],[103.28,18.4],[103.244,18.364],[103.244,18.354],[103.252,18.338],[103.289,18.325],[103.299,18.309],[103.295,18.274],[103.259,18.262],[103.4,17.986]]]]}},{"type":"Feature","properties":{"code":"96"},"geometry":{"type":"MultiPolygon","coordinates":[[[[101.502,5.89],[101.514,5.903],[101.524,5.899],[101.527,5.909],[101.54,5.919],[101.559,5.919],[101.582,5.934],[101.598,5.912],[101.609,5.915],[101.615,5.911],[101.616,5.9],[101.623,5.893],[101.623,5.877],[101.64,5.87],[101.654,5.877],[101.659,5.875],[101.663,5.866],[101.656,5.858],[101.662,5.848],[101.657,5.838],[101.658,5.813],[101.665,5.814],[101.668,5.808],[101.665,5.801],[101.673,5.787],[101.678,5.782],[101.688,5.782],[101.691,5.755],[101.703,5.753],[101.714,5.763],[101.718,5.788],[101.723,5.78],[101.727,5.785],[101.739,5.782],[101.745,5.794],[101.754,5.797],[101.776,5.784],[101.775,5.769],[101.79,5.753],[101.809,5.743],[101.816,5.733],[101.824,5.733],[101.825,5.751],[101.819,5.755],[101.836,5.789],[101.857,5.794],[101.866,5.791],[101.861,5.8],[101.881,5.81],[101.877,5.82],[101.884,5.838],[101.892,5.838],[101.896,5.846],[101.906,5.841],[101.917,5.843],[101.93,5.853],[101.931,5.861],[101.938,5.861],[101.942,5.868],[101.941,5.889],[101.937,5.888],[101.933,5.906],[101.922,5.91],[101.921,5.918],[101.931,5.932],[101.93,5.949],[101.937,5.948],[101.944,5.958],[101.94,5.973],[101.947,5.977],[101.943,5.981],[101.946,5.987],[101.949,5.984],[101.948,5.991],[101.952,5.987],[101.954,5.996],[101.958,5.993],[101.972,6.006],[101.971,6.019],[101.978,6.031],[101.982,6.029],[101.991,6.04],[101.999,6.04],[102.003,6.05],[102.02,6.052],[102.032,6.071],[102.054,6.08],[102.061,6.091],[102.061,6.103],[102.07,6.109],[102.083,6.137],[102.089,6.138],[102.093,6.148],[102.089,6.158],[102.085,6.158],[102.082,6.171],[102.079,6.171],[102.077,6.19],[102.08,6.225],[102.091,6.234],[102.091,6.244],[101.953,6.338],[101.874,6.425],[101.854,6.428],[101.834,6.451],[101.829,6.446],[101.815,6.453],[101.727,6.575],[101.68,6.574],[101.666,6.594],[101.662,6.618],[101.648,6.622],[101.633,6.636],[101.627,6.625],[101.623,6.627],[101.627,6.631],[101.624,6.633],[101.62,6.629],[101.605,6.631],[101.6,6.624],[101.593,6.625],[101.578,6.607],[101.58,6.596],[101.609,6.583],[101.611,6.567],[101.602,6.555],[101.617,6.539],[101.585,6.498],[101.57,6.491],[101.551,6.468],[101.543,6.444],[101.485,6.436],[101.448,6.427],[101.44,6.422],[101.414,6.316],[101.404,6.222],[101.38,6.206],[101.4,6.156],[101.434,6.134],[101.445,6.115],[101.451,6.084],[101.479,6.067],[101.487,6.052],[101.491,6.025],[101.483,5.983],[101.501,5.947],[101.494,5.904],[101.502,5.89]]]]}},{"type":"Feature","properties":{"code":"34"},"geometry":{"type":"MultiPolygon","coordinates":[[[[104.907,14.399],[104.922,14.401],[104.95,14.381],[104.955,14.381],[104.958,14.391],[104.972,14.392],[104.994,14.38],[105.003,14.362],[104.993,14.343],[104.991,14.322],[104.984,14.318],[105.003,14.303],[105.02,14.264],[105.027,14.265],[105.021,14.251],[105.023,14.241],[105.046,14.227],[105.05,14.215],[105.082,14.21],[105.093,14.216],[105.109,14.214],[105.147,14.242],[105.154,14.255],[105.151,14.26],[105.144,14.259],[105.153,14.269],[105.151,14.285],[105.16,14.289],[105.161,14.301],[105.177,14.315],[105.176,14.321],[105.167,14.328],[105.176,14.346],[105.186,14.342],[105.198,14.348],[105.217,14.335],[105.228,14.333],[105.234,14.337],[105.236,14.35],[105.241,14.35],[105.251,14.362],[105.266,14.361],[105.279,14.353],[105.284,14.366],[105.303,14.366],[105.32,14.397],[105.342,14.384],[105.361,14.388],[105.372,14.399],[105.387,14.396],[105.387,14.411],[105.393,14.406],[105.4,14.41],[105.407,14.429],[105.429,14.416],[105.43,14.425],[105.442,14.43],[105.45,14.452],[105.47,14.47],[105.488,14.501],[105.481,14.506],[105.501,14.513],[105.501,14.52],[105.508,14.523],[105.517,14.538],[105.526,14.536],[105.524,14.551],[105.533,14.553],[105.535,14.558],[105.529,14.572],[105.539,14.583],[105.536,14.592],[105.529,14.595],[105.53,14.609],[105.542,14.62],[105.53,14.623],[105.525,14.633],[105.531,14.64],[105.528,14.647],[105.517,14.652],[105.516,14.666],[105.527,14.679],[105.515,14.696],[105.525,14.704],[105.52,14.727],[105.547,14.731],[105.544,14.739],[105.531,14.74],[105.513,14.753],[105.518,14.762],[105.512,14.766],[105.514,14.773],[105.525,14.782],[105.515,14.791],[105.52,14.795],[105.511,14.799],[105.519,14.823],[105.537,14.819],[105.543,14.83],[105.56,14.84],[105.551,14.845],[105.543,14.862],[105.549,14.875],[105.571,14.881],[105.58,14.879],[105.577,14.897],[105.558,14.924],[105.545,14.926],[105.553,14.942],[105.552,14.95],[105.557,14.956],[105.567,14.956],[105.583,14.941],[105.595,14.962],[105.604,14.965],[105.607,14.971],[105.624,14.976],[105.606,14.993],[105.575,14.998],[105.572,15.021],[105.565,15.024],[105.564,15.029],[105.552,15.031],[105.547,15.038],[105.555,15.055],[105.554,15.064],[105.54,15.069],[105.537,15.063],[105.513,15.063],[105.515,15.085],[105.48,15.1],[105.483,15.112],[105.471,15.121],[105.467,15.131],[105.486,15.15],[105.47,15.156],[105.473,15.167],[105.479,15.168],[105.476,15.18],[105.49,15.194],[105.494,15.191],[105.494,15.205],[105.509,15.211],[105.522,15.231],[105.54,15.252],[105.556,15.249],[105.555,15.256],[105.561,15.262],[105.579,15.258],[105.591,15.271],[105.582,15.305],[105.585,15.315],[105.575,15.329],[105.553,15.321],[105.54,15.325],[105.508,15.318],[105.496,15.321],[105.473,15.336],[105.468,15.353],[105.476,15.369],[105.494,15.386],[105.561,15.399],[105.579,15.408],[105.589,15.42],[105.603,15.479],[105.593,15.51],[105.608,15.546],[105.625,15.563],[105.637,15.651],[105.635,15.663],[105.611,15.69],[105.601,15.72],[105.596,15.725],[105.559,15.739],[105.551,15.75],[105.533,15.749],[105.504,15.767],[105.496,15.766],[105.467,15.746],[105.435,15.754],[105.421,15.773],[105.42,15.789],[105.402,15.795],[105.394,15.802],[105.386,15.837],[105.352,15.906],[105.343,15.912],[105.342,15.922],[105.35,15.943],[105.362,15.953],[105.377,15.984],[105.393,15.991],[105.417,15.986],[105.425,15.991],[105.424,16.005],[105.408,16.016],[105.364,16.021],[105.353,16.029],[105.312,16.03],[105.298,16.039],[105.211,16.05],[105.134,16.08],[105.12,16.077],[105.101,16.091],[105.086,16.089],[105.085,16.085],[105.06,16.098],[105.005,16.02],[105.023,15.977],[104.965,15.858],[104.958,15.791],[104.903,15.758],[104.892,15.653],[104.93,15.641],[104.928,15.607],[104.891,15.578],[104.884,15.557],[104.876,15.556],[104.859,15.575],[104.74,15.656],[104.636,15.688],[104.605,15.672],[104.628,15.656],[104.582,15.604],[104.586,15.567],[104.547,15.55],[104.52,15.559],[104.516,15.549],[104.498,15.543],[104.492,15.531],[104.441,15.532],[104.425,15.525],[104.403,15.529],[104.398,15.515],[104.4,15.478],[104.384,15.441],[104.387,15.411],[104.384,15.398],[104.387,15.393],[104.401,15.39],[104.42,15.368],[104.427,15.378],[104.434,15.381],[104.435,15.353],[104.443,15.345],[104.436,15.328],[104.426,15.32],[104.418,15.285],[104.437,15.28],[104.468,15.259],[104.502,15.259],[104.533,15.246],[104.552,15.251],[104.577,15.238],[104.601,15.256],[104.648,15.251],[104.651,15.239],[104.663,15.236],[104.663,15.255],[104.668,15.257],[104.684,15.236],[104.696,15.233],[104.689,15.214],[104.707,15.204],[104.716,15.189],[104.704,15.178],[104.708,15.169],[104.737,15.168],[104.736,15.152],[104.72,15.139],[104.709,15.134],[104.688,15.137],[104.687,15.1],[104.697,15.081],[104.698,15.061],[104.689,15.028],[104.693,14.975],[104.698,14.957],[104.724,14.927],[104.766,14.921],[104.814,14.892],[104.833,14.848],[104.818,14.836],[104.816,14.812],[104.866,14.717],[104.896,14.7],[104.917,14.649],[104.913,14.645],[104.887,14.661],[104.875,14.66],[104.86,14.65],[104.85,14.633],[104.831,14.552],[104.834,14.542],[104.861,14.522],[104.874,14.493],[104.872,14.474],[104.852,14.451],[104.855,14.441],[104.884,14.444],[104.895,14.44],[104.916,14.411],[104.907,14.399]]]]}},{"type":"Feature","properties":{"code":"77"},"geometry":{"type":"MultiPolygon","coordinates":[[[[99.546,11.068],[99.562,11.072],[99.564,11.085],[99.561,11.083],[99.556,11.073],[99.546,11.068]]],[[[99.44,12.581],[99.432,12.583],[99.428,12.579],[99.436,12.565],[99.43,12.556],[99.423,12.557],[99.422,12.552],[99.423,12.536],[99.417,12.524],[99.425,12.491],[99.406,12.481],[99.401,12.46],[99.414,12.45],[99.425,12.448],[99.427,12.424],[99.446,12.407],[99.442,12.401],[99.442,12.383],[99.432,12.364],[99.444,12.351],[99.434,12.343],[99.446,12.332],[99.445,12.317],[99.453,12.313],[99.462,12.297],[99.461,12.286],[99.482,12.28],[99.484,12.274],[99.48,12.267],[99.482,12.253],[99.471,12.235],[99.487,12.218],[99.496,12.198],[99.488,12.181],[99.487,12.166],[99.473,12.158],[99.473,12.132],[99.495,12.13],[99.501,12.144],[99.515,12.148],[99.539,12.144],[99.55,12.151],[99.571,12.145],[99.556,12.114],[99.556,12.095],[99.534,12.066],[99.532,12.053],[99.541,12.031],[99.537,12.017],[99.575,12.008],[99.592,11.993],[99.593,11.955],[99.579,11.944],[99.586,11.929],[99.586,11.913],[99.579,11.903],[99.589,11.885],[99.588,11.872],[99.595,11.873],[99.6,11.879],[99.603,11.871],[99.61,11.869],[99.613,11.859],[99.625,11.85],[99.622,11.833],[99.63,11.834],[99.641,11.827],[99.658,11.829],[99.665,11.823],[99.66,11.82],[99.659,11.811],[99.651,11.811],[99.646,11.791],[99.641,11.79],[99.644,11.774],[99.637,11.756],[99.64,11.75],[99.636,11.727],[99.619,11.722],[99.616,11.711],[99.602,11.707],[99.599,11.696],[99.588,11.689],[99.583,11.677],[99.586,11.66],[99.57,11.643],[99.572,11.637],[99.565,11.627],[99.556,11.624],[99.546,11.628],[99.531,11.621],[99.523,11.626],[99.517,11.636],[99.508,11.637],[99.493,11.625],[99.475,11.624],[99.468,11.615],[99.462,11.599],[99.464,11.59],[99.458,11.584],[99.468,11.567],[99.463,11.55],[99.471,11.547],[99.474,11.533],[99.449,11.505],[99.448,11.493],[99.442,11.488],[99.444,11.48],[99.422,11.482],[99.42,11.476],[99.411,11.473],[99.41,11.465],[99.394,11.461],[99.4,11.445],[99.395,11.438],[99.403,11.424],[99.404,11.406],[99.399,11.402],[99.402,11.389],[99.366,11.372],[99.344,11.348],[99.342,11.333],[99.328,11.336],[99.326,11.328],[99.312,11.316],[99.324,11.298],[99.325,11.282],[99.311,11.268],[99.307,11.255],[99.283,11.244],[99.264,11.215],[99.264,11.202],[99.258,11.192],[99.254,11.169],[99.233,11.143],[99.226,11.142],[99.23,11.12],[99.223,11.107],[99.212,11.099],[99.204,11.099],[99.19,11.084],[99.179,11.083],[99.18,11.06],[99.171,11.055],[99.172,11.045],[99.158,11.034],[99.143,11.03],[99.144,11.016],[99.168,10.997],[99.226,10.975],[99.235,10.963],[99.256,10.964],[99.271,10.956],[99.285,10.965],[99.319,10.967],[99.335,10.956],[99.372,10.964],[99.404,10.954],[99.423,10.967],[99.446,10.976],[99.46,10.989],[99.473,10.991],[99.476,10.997],[99.491,10.996],[99.501,10.988],[99.503,10.991],[99.499,11],[99.502,11.046],[99.487,11.114],[99.489,11.143],[99.5,11.17],[99.525,11.199],[99.541,11.207],[99.555,11.205],[99.563,11.202],[99.559,11.19],[99.567,11.183],[99.579,11.195],[99.579,11.207],[99.584,11.201],[99.579,11.207],[99.585,11.2],[99.579,11.208],[99.581,11.215],[99.565,11.225],[99.553,11.256],[99.554,11.315],[99.569,11.353],[99.576,11.359],[99.581,11.357],[99.599,11.414],[99.606,11.419],[99.614,11.452],[99.628,11.471],[99.639,11.518],[99.731,11.689],[99.764,11.722],[99.778,11.735],[99.783,11.733],[99.781,11.737],[99.789,11.744],[99.797,11.745],[99.799,11.739],[99.811,11.738],[99.803,11.753],[99.804,11.761],[99.796,11.765],[99.796,11.771],[99.805,11.783],[99.814,11.784],[99.813,11.777],[99.818,11.784],[99.802,11.796],[99.798,11.818],[99.817,11.839],[99.828,11.839],[99.829,11.829],[99.833,11.831],[99.835,11.843],[99.823,11.854],[99.826,11.866],[99.817,11.865],[99.812,11.88],[99.819,11.909],[99.842,11.961],[99.865,11.995],[99.942,12.081],[99.963,12.087],[99.968,12.105],[99.961,12.111],[99.975,12.147],[100.001,12.166],[100.02,12.189],[100.013,12.208],[100.003,12.213],[100.005,12.222],[99.982,12.246],[99.975,12.265],[99.975,12.278],[99.987,12.318],[99.994,12.33],[100.003,12.336],[99.999,12.341],[100,12.378],[99.995,12.414],[99.988,12.415],[99.98,12.431],[99.984,12.45],[99.977,12.464],[99.975,12.499],[99.979,12.512],[99.985,12.514],[99.973,12.527],[99.957,12.579],[99.956,12.634],[99.919,12.625],[99.897,12.63],[99.885,12.623],[99.858,12.628],[99.845,12.622],[99.821,12.63],[99.762,12.581],[99.752,12.578],[99.712,12.585],[99.699,12.58],[99.679,12.579],[99.653,12.563],[99.635,12.558],[99.627,12.547],[99.618,12.542],[99.594,12.545],[99.575,12.572],[99.522,12.586],[99.479,12.587],[99.445,12.577],[99.44,12.581]]]]}},{"type":"Feature","properties":{"code":"90"},"geometry":{"type":"MultiPolygon","coordinates":[[[[101.101,6.638],[101.062,6.653],[101.056,6.701],[101.036,6.739],[101.043,6.81],[101.064,6.855],[101.041,6.852],[101.007,6.855],[100.982,6.865],[100.935,6.889],[100.849,6.962],[100.839,6.961],[100.831,6.953],[100.82,6.959],[100.818,6.954],[100.81,6.954],[100.774,6.978],[100.733,7.021],[100.597,7.215],[100.588,7.216],[100.58,7.231],[100.575,7.221],[100.569,7.226],[100.575,7.23],[100.566,7.228],[100.557,7.249],[100.536,7.271],[100.483,7.371],[100.444,7.48],[100.366,7.79],[100.336,7.931],[100.328,7.936],[100.29,7.93],[100.272,7.924],[100.25,7.906],[100.199,7.894],[100.149,7.871],[100.129,7.802],[100.169,7.795],[100.179,7.78],[100.204,7.771],[100.239,7.618],[100.25,7.52],[100.26,7.496],[100.277,7.488],[100.301,7.489],[100.341,7.525],[100.361,7.533],[100.378,7.524],[100.391,7.503],[100.397,7.423],[100.416,7.333],[100.429,7.307],[100.428,7.284],[100.401,7.263],[100.384,7.278],[100.384,7.29],[100.377,7.308],[100.364,7.301],[100.36,7.287],[100.35,7.279],[100.339,7.244],[100.296,7.233],[100.283,7.205],[100.233,7.201],[100.185,7.177],[100.166,7.182],[100.147,7.178],[100.096,7.144],[100.066,7.134],[100.031,7.092],[100.046,7.073],[100.046,7.063],[100.068,7.039],[100.072,7.021],[100.071,6.996],[100.081,6.975],[100.101,6.958],[100.122,6.929],[100.134,6.922],[100.15,6.922],[100.19,6.907],[100.217,6.88],[100.22,6.865],[100.192,6.798],[100.192,6.786],[100.212,6.75],[100.206,6.739],[100.206,6.721],[100.215,6.719],[100.219,6.702],[100.229,6.693],[100.244,6.693],[100.257,6.711],[100.265,6.699],[100.29,6.71],[100.295,6.704],[100.29,6.691],[100.294,6.68],[100.302,6.68],[100.306,6.668],[100.328,6.664],[100.319,6.654],[100.322,6.642],[100.316,6.637],[100.321,6.636],[100.326,6.621],[100.306,6.611],[100.305,6.605],[100.316,6.604],[100.325,6.586],[100.342,6.58],[100.345,6.571],[100.352,6.573],[100.366,6.54],[100.373,6.545],[100.388,6.535],[100.402,6.536],[100.403,6.53],[100.418,6.519],[100.44,6.527],[100.454,6.527],[100.457,6.532],[100.47,6.52],[100.49,6.525],[100.496,6.521],[100.494,6.509],[100.519,6.489],[100.537,6.487],[100.542,6.491],[100.548,6.484],[100.563,6.496],[100.573,6.483],[100.595,6.477],[100.602,6.468],[100.608,6.472],[100.618,6.46],[100.646,6.458],[100.643,6.45],[100.652,6.443],[100.662,6.451],[100.685,6.454],[100.686,6.465],[100.698,6.466],[100.699,6.471],[100.709,6.471],[100.712,6.482],[100.723,6.495],[100.729,6.495],[100.73,6.505],[100.739,6.51],[100.744,6.5],[100.739,6.491],[100.744,6.471],[100.753,6.458],[100.769,6.455],[100.776,6.463],[100.792,6.448],[100.813,6.442],[100.824,6.407],[100.822,6.356],[100.849,6.315],[100.85,6.309],[100.843,6.308],[100.842,6.302],[100.854,6.291],[100.867,6.289],[100.889,6.294],[100.908,6.304],[100.925,6.32],[100.921,6.388],[100.93,6.429],[100.938,6.441],[100.962,6.452],[100.981,6.474],[101.008,6.47],[101.03,6.477],[101.045,6.5],[101.059,6.546],[101.08,6.548],[101.09,6.574],[101.101,6.581],[101.109,6.597],[101.107,6.626],[101.101,6.638]]]]}},{"type":"Feature","properties":{"code":"83"},"geometry":{"type":"MultiPolygon","coordinates":[[[[98.332,7.52],[98.316,7.501],[98.32,7.489],[98.324,7.492],[98.323,7.499],[98.335,7.52],[98.332,7.52]]],[[[98.372,7.611],[98.363,7.613],[98.367,7.607],[98.359,7.608],[98.355,7.604],[98.354,7.591],[98.363,7.588],[98.375,7.601],[98.379,7.611],[98.376,7.617],[98.372,7.611]]],[[[98.372,7.743],[98.379,7.738],[98.386,7.745],[98.372,7.746],[98.368,7.748],[98.357,7.738],[98.358,7.734],[98.372,7.743]]],[[[98.461,8.05],[98.47,8.039],[98.473,8.046],[98.465,8.062],[98.463,8.057],[98.457,8.06],[98.461,8.05]]],[[[98.437,7.913],[98.432,7.911],[98.429,7.897],[98.419,7.895],[98.42,7.887],[98.414,7.886],[98.42,7.878],[98.417,7.869],[98.425,7.875],[98.429,7.872],[98.437,7.865],[98.43,7.875],[98.431,7.879],[98.445,7.883],[98.438,7.895],[98.442,7.914],[98.437,7.913]]],[[[98.438,7.945],[98.428,7.941],[98.417,7.943],[98.415,7.933],[98.42,7.928],[98.432,7.926],[98.436,7.93],[98.438,7.945]]],[[[98.359,7.785],[98.362,7.781],[98.39,7.78],[98.386,7.789],[98.383,7.794],[98.369,7.796],[98.355,7.789],[98.359,7.785]]],[[[98.437,8.093],[98.426,8.101],[98.418,8.086],[98.407,8.08],[98.401,8.083],[98.397,8.079],[98.386,8.085],[98.376,8.099],[98.373,8.119],[98.368,8.121],[98.352,8.111],[98.352,8.126],[98.346,8.116],[98.348,8.14],[98.342,8.145],[98.337,8.173],[98.313,8.187],[98.309,8.182],[98.305,8.193],[98.299,8.189],[98.303,8.193],[98.299,8.192],[98.301,8.198],[98.285,8.2],[98.302,8.109],[98.297,8.089],[98.273,8.079],[98.27,8.071],[98.278,8.057],[98.278,8.046],[98.272,8.038],[98.276,8.033],[98.286,8.035],[98.292,8.001],[98.285,7.985],[98.27,7.987],[98.277,7.982],[98.282,7.953],[98.268,7.947],[98.262,7.949],[98.258,7.936],[98.262,7.923],[98.276,7.924],[98.297,7.909],[98.29,7.887],[98.272,7.887],[98.264,7.893],[98.261,7.886],[98.265,7.88],[98.272,7.882],[98.273,7.868],[98.29,7.856],[98.294,7.833],[98.29,7.825],[98.298,7.82],[98.299,7.804],[98.285,7.788],[98.291,7.787],[98.288,7.776],[98.303,7.778],[98.308,7.775],[98.303,7.758],[98.315,7.759],[98.319,7.771],[98.337,7.778],[98.333,7.789],[98.346,7.824],[98.376,7.842],[98.386,7.809],[98.389,7.805],[98.395,7.814],[98.408,7.799],[98.413,7.801],[98.41,7.808],[98.402,7.812],[98.406,7.817],[98.401,7.824],[98.406,7.83],[98.403,7.835],[98.41,7.837],[98.397,7.838],[98.392,7.852],[98.402,7.863],[98.398,7.871],[98.41,7.878],[98.414,7.871],[98.414,7.886],[98.419,7.887],[98.418,7.895],[98.426,7.897],[98.421,7.9],[98.418,7.898],[98.422,7.904],[98.412,7.913],[98.413,7.927],[98.396,7.95],[98.394,7.961],[98.398,7.968],[98.393,7.979],[98.402,7.991],[98.414,7.991],[98.421,7.984],[98.426,7.987],[98.415,7.996],[98.409,8.009],[98.414,8.036],[98.421,8.04],[98.417,8.048],[98.433,8.04],[98.432,8.061],[98.437,8.067],[98.443,8.066],[98.443,8.072],[98.436,8.071],[98.434,8.075],[98.437,8.093]]]]}},{"type":"Feature","properties":{"code":"15"},"geometry":{"type":"MultiPolygon","coordinates":[[[[100.232,14.789],[100.217,14.776],[100.21,14.754],[100.212,14.731],[100.221,14.707],[100.214,14.683],[100.227,14.655],[100.222,14.636],[100.202,14.609],[100.219,14.589],[100.195,14.566],[100.217,14.51],[100.241,14.487],[100.254,14.486],[100.265,14.493],[100.279,14.488],[100.296,14.498],[100.332,14.491],[100.355,14.496],[100.371,14.495],[100.392,14.508],[100.414,14.51],[100.424,14.496],[100.424,14.454],[100.427,14.444],[100.447,14.447],[100.471,14.438],[100.505,14.461],[100.509,14.498],[100.499,14.521],[100.501,14.548],[100.489,14.565],[100.503,14.584],[100.518,14.657],[100.511,14.677],[100.516,14.686],[100.488,14.705],[100.477,14.725],[100.428,14.729],[100.419,14.748],[100.413,14.752],[100.391,14.747],[100.371,14.765],[100.357,14.767],[100.336,14.797],[100.325,14.799],[100.312,14.787],[100.297,14.784],[100.274,14.799],[100.232,14.789]]]]}},{"type":"Feature","properties":{"code":"44"},"geometry":{"type":"MultiPolygon","coordinates":[[[[103.511,16.198],[103.492,16.208],[103.476,16.205],[103.459,16.189],[103.451,16.188],[103.442,16.21],[103.441,16.224],[103.433,16.225],[103.427,16.231],[103.42,16.281],[103.392,16.287],[103.381,16.303],[103.371,16.308],[103.358,16.348],[103.346,16.36],[103.311,16.367],[103.301,16.406],[103.276,16.378],[103.206,16.361],[103.193,16.36],[103.184,16.367],[103.177,16.399],[103.196,16.427],[103.198,16.439],[103.191,16.456],[103.179,16.467],[103.175,16.486],[103.196,16.55],[103.185,16.567],[103.181,16.602],[103.201,16.623],[103.2,16.637],[103.163,16.643],[103.165,16.615],[103.134,16.589],[103.127,16.556],[103.111,16.546],[103.106,16.532],[103.081,16.504],[103.066,16.497],[103.045,16.496],[103.031,16.477],[103.012,16.464],[102.936,16.444],[102.946,16.441],[102.95,16.422],[102.958,16.42],[102.953,16.406],[102.956,16.397],[102.941,16.388],[102.938,16.376],[102.921,16.358],[102.899,16.314],[102.861,16.286],[102.848,16.261],[102.854,16.234],[102.851,16.207],[102.866,16.171],[102.864,16.146],[102.872,16.122],[102.857,16.08],[102.867,16.043],[102.89,16.037],[102.899,16.028],[102.899,16.012],[102.914,15.991],[102.915,15.968],[102.907,15.953],[102.905,15.929],[102.941,15.858],[102.936,15.82],[102.946,15.802],[102.946,15.789],[103.008,15.701],[103.005,15.685],[102.973,15.668],[102.977,15.657],[102.99,15.652],[102.989,15.647],[102.995,15.648],[102.993,15.64],[103.013,15.629],[103.013,15.615],[103.027,15.604],[103.026,15.6],[103.045,15.598],[103.045,15.593],[103.053,15.593],[103.046,15.564],[103.054,15.562],[103.052,15.558],[103.061,15.558],[103.077,15.543],[103.081,15.547],[103.091,15.533],[103.089,15.526],[103.083,15.527],[103.084,15.518],[103.075,15.513],[103.073,15.498],[103.078,15.499],[103.079,15.493],[103.111,15.481],[103.204,15.46],[103.215,15.461],[103.214,15.458],[103.225,15.454],[103.225,15.448],[103.251,15.448],[103.263,15.438],[103.262,15.43],[103.27,15.423],[103.314,15.413],[103.327,15.414],[103.341,15.406],[103.362,15.413],[103.381,15.429],[103.415,15.441],[103.443,15.508],[103.441,15.52],[103.425,15.532],[103.412,15.534],[103.38,15.525],[103.367,15.54],[103.34,15.55],[103.323,15.562],[103.317,15.586],[103.298,15.596],[103.295,15.606],[103.314,15.624],[103.329,15.666],[103.354,15.702],[103.386,15.712],[103.423,15.706],[103.44,15.717],[103.456,15.795],[103.46,15.841],[103.479,15.898],[103.497,15.927],[103.482,15.979],[103.486,16.037],[103.468,16.074],[103.469,16.118],[103.476,16.139],[103.503,16.173],[103.511,16.198]]]]}},{"type":"Feature","properties":{"code":"92"},"geometry":{"type":"MultiPolygon","coordinates":[[[[99.315,7.375],[99.306,7.376],[99.296,7.39],[99.281,7.387],[99.288,7.376],[99.284,7.366],[99.301,7.353],[99.306,7.369],[99.315,7.375]]],[[[99.45,7.256],[99.427,7.266],[99.398,7.263],[99.385,7.28],[99.368,7.262],[99.372,7.244],[99.365,7.223],[99.372,7.217],[99.38,7.207],[99.389,7.207],[99.394,7.21],[99.393,7.226],[99.409,7.241],[99.445,7.25],[99.45,7.256]]],[[[99.248,7.332],[99.255,7.297],[99.26,7.308],[99.248,7.332]]],[[[100.031,7.092],[99.967,7.17],[99.963,7.199],[99.953,7.208],[99.939,7.247],[99.95,7.272],[99.944,7.296],[99.911,7.331],[99.905,7.365],[99.884,7.381],[99.885,7.415],[99.854,7.47],[99.857,7.483],[99.828,7.512],[99.829,7.547],[99.796,7.595],[99.797,7.639],[99.82,7.653],[99.824,7.667],[99.817,7.68],[99.796,7.699],[99.788,7.757],[99.77,7.772],[99.772,7.783],[99.759,7.805],[99.75,7.845],[99.735,7.859],[99.739,7.872],[99.73,7.89],[99.729,7.902],[99.741,7.919],[99.739,7.946],[99.751,7.971],[99.733,7.991],[99.727,7.993],[99.698,7.986],[99.669,7.989],[99.642,7.982],[99.618,7.985],[99.609,7.981],[99.595,7.954],[99.57,7.938],[99.564,7.921],[99.545,7.903],[99.54,7.878],[99.511,7.871],[99.493,7.875],[99.471,7.89],[99.415,7.886],[99.401,7.89],[99.384,7.906],[99.371,7.937],[99.343,7.939],[99.338,7.943],[99.346,7.92],[99.344,7.904],[99.292,7.847],[99.295,7.836],[99.309,7.823],[99.314,7.793],[99.343,7.741],[99.339,7.731],[99.318,7.72],[99.316,7.7],[99.308,7.689],[99.263,7.664],[99.251,7.639],[99.253,7.63],[99.233,7.633],[99.235,7.628],[99.246,7.626],[99.261,7.616],[99.271,7.621],[99.276,7.634],[99.279,7.631],[99.283,7.619],[99.278,7.6],[99.296,7.569],[99.295,7.562],[99.315,7.538],[99.307,7.534],[99.304,7.518],[99.296,7.522],[99.299,7.515],[99.294,7.512],[99.289,7.521],[99.284,7.516],[99.297,7.498],[99.306,7.512],[99.314,7.511],[99.311,7.507],[99.326,7.496],[99.346,7.444],[99.346,7.416],[99.337,7.411],[99.345,7.412],[99.349,7.402],[99.338,7.379],[99.361,7.36],[99.361,7.351],[99.371,7.339],[99.375,7.34],[99.398,7.305],[99.407,7.317],[99.411,7.316],[99.419,7.298],[99.428,7.301],[99.471,7.285],[99.485,7.295],[99.49,7.312],[99.527,7.296],[99.534,7.283],[99.522,7.25],[99.558,7.209],[99.577,7.158],[99.585,7.147],[99.595,7.157],[99.599,7.156],[99.6,7.139],[99.607,7.137],[99.616,7.141],[99.638,7.166],[99.647,7.168],[99.655,7.179],[99.67,7.131],[99.666,7.115],[99.704,7.134],[99.721,7.129],[99.776,7.127],[99.811,7.146],[99.82,7.146],[99.826,7.139],[99.822,7.124],[99.831,7.101],[99.857,7.072],[99.877,7.066],[99.896,7.079],[99.911,7.11],[99.918,7.139],[99.926,7.141],[99.97,7.085],[99.999,7.06],[100.018,7.056],[100.046,7.063],[100.046,7.073],[100.031,7.092]]]]}},{"type":"Feature","properties":{"code":"72"},"geometry":{"type":"MultiPolygon","coordinates":[[[[99.286,14.992],[99.313,14.967],[99.321,14.947],[99.316,14.943],[99.319,14.921],[99.307,14.906],[99.314,14.884],[99.275,14.876],[99.273,14.873],[99.279,14.857],[99.294,14.835],[99.302,14.832],[99.316,14.837],[99.328,14.829],[99.355,14.782],[99.371,14.766],[99.383,14.766],[99.41,14.776],[99.438,14.766],[99.45,14.745],[99.433,14.721],[99.461,14.688],[99.505,14.7],[99.516,14.718],[99.527,14.725],[99.535,14.74],[99.541,14.772],[99.539,14.787],[99.544,14.797],[99.562,14.788],[99.573,14.791],[99.6,14.784],[99.628,14.802],[99.662,14.802],[99.678,14.794],[99.736,14.726],[99.767,14.702],[99.784,14.677],[99.819,14.661],[99.844,14.658],[99.871,14.633],[99.869,14.623],[99.845,14.61],[99.845,14.603],[99.881,14.574],[99.892,14.558],[99.886,14.55],[99.829,14.524],[99.822,14.512],[99.816,14.455],[99.826,14.418],[99.82,14.4],[99.822,14.354],[99.816,14.333],[99.824,14.309],[99.82,14.281],[99.825,14.259],[99.819,14.22],[99.763,14.165],[99.774,14.096],[99.789,14.097],[99.795,14.085],[99.807,14.083],[99.812,14.075],[99.811,14.062],[99.819,14.065],[99.873,14.062],[99.935,14.117],[99.98,14.145],[100.002,14.145],[100.029,14.139],[100.052,14.144],[100.126,14.144],[100.135,14.138],[100.157,14.139],[100.172,14.156],[100.207,14.173],[100.221,14.177],[100.242,14.198],[100.254,14.219],[100.254,14.277],[100.276,14.329],[100.275,14.367],[100.284,14.396],[100.257,14.447],[100.254,14.486],[100.241,14.487],[100.217,14.51],[100.207,14.541],[100.195,14.562],[100.198,14.572],[100.219,14.589],[100.202,14.609],[100.222,14.636],[100.227,14.655],[100.214,14.683],[100.221,14.707],[100.212,14.731],[100.21,14.754],[100.217,14.776],[100.232,14.789],[100.229,14.797],[100.213,14.81],[100.21,14.819],[100.23,14.863],[100.228,14.909],[100.201,14.906],[100.191,14.919],[100.211,14.955],[100.146,14.921],[100.108,14.952],[100.075,14.954],[100.048,14.965],[100.04,14.955],[100.045,14.929],[100.037,14.918],[100.024,14.912],[99.978,14.907],[99.904,14.922],[99.879,14.919],[99.776,14.959],[99.745,14.958],[99.709,14.966],[99.648,14.994],[99.627,14.985],[99.634,14.955],[99.632,14.938],[99.601,14.948],[99.58,14.949],[99.539,14.966],[99.51,14.984],[99.425,14.992],[99.405,15.037],[99.387,15.037],[99.352,15.049],[99.324,15.076],[99.322,15.068],[99.309,15.059],[99.303,15.048],[99.305,15.038],[99.301,15.036],[99.314,15.023],[99.297,15.006],[99.289,15.004],[99.286,14.992]]]]}},{"type":"Feature","properties":{"code":"17"},"geometry":{"type":"MultiPolygon","coordinates":[[[[100.309,15.167],[100.293,15.161],[100.293,15.126],[100.285,15.116],[100.273,15.111],[100.278,15.106],[100.286,15.077],[100.29,15.072],[100.299,15.073],[100.3,15.06],[100.272,15.051],[100.264,15.031],[100.266,15.024],[100.296,15.016],[100.306,15.003],[100.305,14.996],[100.286,14.968],[100.261,14.95],[100.249,14.949],[100.219,14.957],[100.211,14.955],[100.191,14.919],[100.201,14.906],[100.228,14.909],[100.23,14.863],[100.21,14.819],[100.213,14.81],[100.229,14.797],[100.232,14.789],[100.274,14.799],[100.297,14.784],[100.312,14.787],[100.329,14.799],[100.346,14.788],[100.357,14.767],[100.371,14.765],[100.387,14.748],[100.409,14.752],[100.419,14.748],[100.428,14.729],[100.477,14.725],[100.494,14.749],[100.483,14.771],[100.482,14.812],[100.475,14.841],[100.447,14.868],[100.444,14.892],[100.433,14.919],[100.435,14.93],[100.461,14.965],[100.449,15.032],[100.434,15.045],[100.443,15.06],[100.438,15.065],[100.42,15.066],[100.371,15.088],[100.35,15.122],[100.355,15.138],[100.349,15.155],[100.309,15.167]]]]}},{"type":"Feature","properties":{"code":"75"},"geometry":{"type":"MultiPolygon","coordinates":[[[[99.952,13.29],[99.955,13.302],[99.952,13.308],[99.963,13.306],[99.965,13.314],[99.979,13.316],[99.979,13.323],[99.984,13.322],[99.997,13.331],[100.035,13.372],[100.04,13.396],[100.048,13.409],[100.061,13.418],[100.088,13.428],[100.079,13.453],[100.042,13.503],[100.01,13.508],[100,13.495],[99.978,13.491],[99.962,13.497],[99.926,13.512],[99.912,13.506],[99.913,13.491],[99.904,13.481],[99.89,13.448],[99.893,13.417],[99.875,13.389],[99.859,13.328],[99.862,13.33],[99.865,13.302],[99.854,13.294],[99.857,13.266],[99.868,13.262],[99.873,13.245],[99.892,13.237],[99.897,13.241],[99.894,13.251],[99.902,13.262],[99.902,13.275],[99.929,13.272],[99.952,13.29]]]]}},{"type":"Feature","properties":{"code":"21"},"geometry":{"type":"MultiPolygon","coordinates":[[[[101.446,12.549],[101.442,12.528],[101.445,12.522],[101.451,12.54],[101.448,12.546],[101.453,12.557],[101.458,12.564],[101.47,12.568],[101.451,12.583],[101.445,12.58],[101.449,12.569],[101.446,12.549]]],[[[101.692,13.134],[101.662,13.15],[101.638,13.153],[101.599,13.128],[101.582,13.129],[101.575,13.091],[101.554,13.069],[101.532,13.064],[101.504,13.072],[101.466,13.031],[101.454,13.031],[101.437,13.042],[101.402,13.017],[101.39,13.017],[101.361,13.049],[101.323,13.072],[101.307,13.07],[101.276,13.046],[101.247,13.058],[101.23,13.061],[101.193,13.079],[101.175,13.074],[101.161,13.061],[101.162,13.049],[101.18,13.029],[101.175,13.021],[101.156,13.017],[101.099,13.032],[101.071,13.009],[101.067,13],[101.081,12.991],[101.09,12.977],[101.093,12.962],[101.089,12.942],[101.096,12.923],[101.095,12.907],[101.085,12.889],[101.06,12.872],[101.057,12.845],[101.041,12.82],[101.002,12.794],[101,12.755],[100.99,12.737],[100.984,12.711],[100.984,12.692],[100.992,12.676],[100.991,12.656],[101.038,12.663],[101.065,12.674],[101.106,12.679],[101.132,12.675],[101.133,12.665],[101.148,12.647],[101.136,12.664],[101.139,12.674],[101.152,12.673],[101.152,12.668],[101.146,12.667],[101.152,12.668],[101.151,12.659],[101.157,12.658],[101.156,12.64],[101.167,12.64],[101.167,12.662],[101.158,12.662],[101.158,12.672],[101.235,12.665],[101.287,12.654],[101.301,12.648],[101.298,12.641],[101.301,12.648],[101.307,12.646],[101.302,12.635],[101.308,12.646],[101.368,12.62],[101.413,12.594],[101.413,12.586],[101.418,12.583],[101.424,12.591],[101.424,12.615],[101.436,12.627],[101.45,12.631],[101.474,12.633],[101.497,12.628],[101.505,12.632],[101.557,12.627],[101.566,12.632],[101.567,12.648],[101.594,12.654],[101.646,12.642],[101.644,12.647],[101.669,12.68],[101.691,12.695],[101.748,12.708],[101.785,12.693],[101.793,12.701],[101.789,12.718],[101.804,12.731],[101.804,12.75],[101.82,12.762],[101.819,12.779],[101.831,12.838],[101.827,12.894],[101.823,12.9],[101.811,12.894],[101.804,12.896],[101.796,12.933],[101.786,12.951],[101.776,12.954],[101.753,12.947],[101.739,12.965],[101.737,12.983],[101.753,13.009],[101.742,13.026],[101.722,13.026],[101.712,13.034],[101.685,13.112],[101.692,13.134]]]]}},{"type":"Feature","properties":{"code":"25"},"geometry":{"type":"MultiPolygon","coordinates":[[[[101.988,13.587],[102.12,14.144],[102.079,14.16],[102.046,14.192],[101.99,14.23],[101.96,14.256],[101.947,14.288],[101.983,14.342],[101.986,14.352],[101.982,14.367],[101.955,14.382],[101.941,14.364],[101.932,14.359],[101.924,14.36],[101.897,14.393],[101.887,14.395],[101.87,14.365],[101.825,14.355],[101.804,14.363],[101.784,14.35],[101.764,14.349],[101.759,14.339],[101.761,14.323],[101.751,14.313],[101.734,14.328],[101.714,14.355],[101.666,14.391],[101.655,14.407],[101.636,14.413],[101.632,14.427],[101.601,14.438],[101.541,14.426],[101.514,14.436],[101.491,14.459],[101.459,14.458],[101.443,14.442],[101.444,14.425],[101.409,14.425],[101.431,14.389],[101.478,14.369],[101.49,14.344],[101.5,14.34],[101.503,14.326],[101.516,14.311],[101.515,14.289],[101.509,14.272],[101.501,14.266],[101.478,14.268],[101.435,14.255],[101.396,14.272],[101.394,14.233],[101.388,14.219],[101.314,14.167],[101.297,14.148],[101.3,14.133],[101.314,14.115],[101.312,14.107],[101.325,14.083],[101.327,14.068],[101.313,14.053],[101.305,14.056],[101.287,14.05],[101.269,14.06],[101.235,14.053],[101.222,14.055],[101.207,14.042],[101.204,14.027],[101.197,14.019],[101.183,14.011],[101.133,13.996],[101.152,13.941],[101.152,13.931],[101.158,13.929],[101.151,13.899],[101.14,13.878],[101.156,13.861],[101.148,13.849],[101.165,13.851],[101.18,13.864],[101.221,13.878],[101.244,13.862],[101.263,13.871],[101.295,13.871],[101.309,13.861],[101.324,13.864],[101.337,13.857],[101.359,13.861],[101.397,13.847],[101.437,13.821],[101.457,13.82],[101.545,13.776],[101.56,13.749],[101.568,13.751],[101.583,13.782],[101.594,13.785],[101.627,13.765],[101.648,13.764],[101.666,13.754],[101.679,13.752],[101.698,13.761],[101.698,13.786],[101.703,13.791],[101.749,13.804],[101.757,13.802],[101.788,13.773],[101.799,13.742],[101.814,13.721],[101.836,13.717],[101.869,13.726],[101.88,13.718],[101.888,13.699],[101.886,13.67],[101.889,13.659],[101.922,13.631],[101.923,13.616],[101.914,13.596],[101.916,13.586],[101.941,13.581],[101.98,13.589],[101.988,13.587]]]]}},{"type":"Feature","properties":{"code":"14"},"geometry":{"type":"MultiPolygon","coordinates":[[[[100.594,14.656],[100.554,14.663],[100.547,14.679],[100.535,14.681],[100.526,14.676],[100.516,14.686],[100.511,14.677],[100.518,14.657],[100.503,14.584],[100.489,14.565],[100.501,14.548],[100.499,14.521],[100.509,14.498],[100.505,14.461],[100.471,14.438],[100.447,14.447],[100.425,14.447],[100.424,14.496],[100.414,14.51],[100.392,14.508],[100.371,14.495],[100.355,14.496],[100.332,14.491],[100.296,14.498],[100.279,14.488],[100.265,14.493],[100.254,14.486],[100.257,14.447],[100.284,14.396],[100.275,14.367],[100.276,14.329],[100.254,14.277],[100.254,14.219],[100.242,14.198],[100.221,14.177],[100.248,14.175],[100.285,14.164],[100.28,14.126],[100.291,14.14],[100.308,14.14],[100.318,14.131],[100.331,14.133],[100.33,14.128],[100.345,14.117],[100.489,14.109],[100.525,14.125],[100.55,14.11],[100.555,14.12],[100.561,14.117],[100.563,14.122],[100.606,14.135],[100.823,14.246],[100.821,14.315],[100.814,14.321],[100.784,14.321],[100.778,14.324],[100.791,14.36],[100.792,14.384],[100.762,14.41],[100.764,14.426],[100.759,14.444],[100.768,14.487],[100.75,14.506],[100.749,14.514],[100.769,14.526],[100.772,14.55],[100.769,14.565],[100.752,14.572],[100.707,14.57],[100.649,14.549],[100.624,14.546],[100.604,14.55],[100.594,14.559],[100.591,14.574],[100.571,14.595],[100.594,14.656]]]]}},{"type":"Feature","properties":{"code":"66"},"geometry":{"type":"MultiPolygon","coordinates":[[[[100.755,15.931],[100.773,15.978],[100.767,15.991],[100.707,16.03],[100.627,16.051],[100.638,16.096],[100.633,16.139],[100.637,16.158],[100.687,16.221],[100.699,16.25],[100.69,16.29],[100.668,16.347],[100.584,16.421],[100.579,16.465],[100.564,16.487],[100.559,16.523],[100.548,16.534],[100.518,16.539],[100.457,16.528],[100.42,16.538],[100.343,16.521],[100.326,16.527],[100.311,16.541],[100.289,16.526],[100.249,16.533],[100.242,16.545],[100.245,16.581],[100.241,16.596],[100.215,16.597],[100.198,16.582],[100.16,16.559],[100.115,16.513],[100.032,16.496],[100.008,16.441],[100.003,16.413],[99.977,16.37],[99.977,16.362],[99.994,16.338],[100.002,16.337],[100.014,16.325],[100.025,16.3],[100.022,16.284],[100.034,16.258],[100.024,16.244],[100.023,16.233],[100.039,16.184],[100.049,16.171],[100.086,16.151],[100.094,16.141],[100.096,16.134],[100.088,16.118],[100.118,16.079],[100.127,16.032],[100.136,16.023],[100.144,15.998],[100.164,15.972],[100.166,15.958],[100.195,15.944],[100.217,15.925],[100.24,15.932],[100.261,15.91],[100.285,15.91],[100.293,15.914],[100.296,15.936],[100.315,15.945],[100.352,15.934],[100.376,15.937],[100.414,15.923],[100.466,15.932],[100.478,15.926],[100.506,15.925],[100.524,15.935],[100.541,15.93],[100.558,15.941],[100.602,15.952],[100.629,15.946],[100.671,15.948],[100.692,15.936],[100.747,15.928],[100.755,15.931]]]]}},{"type":"Feature","properties":{"code":"93"},"geometry":{"type":"MultiPolygon","coordinates":[[[[100.129,7.802],[100.116,7.808],[100.068,7.811],[100.051,7.817],[100.037,7.836],[100.018,7.848],[100.013,7.871],[100.004,7.884],[99.952,7.906],[99.929,7.902],[99.909,7.89],[99.847,7.889],[99.827,7.882],[99.812,7.887],[99.791,7.862],[99.768,7.86],[99.759,7.855],[99.746,7.858],[99.744,7.851],[99.753,7.835],[99.759,7.805],[99.772,7.783],[99.77,7.772],[99.788,7.757],[99.796,7.699],[99.817,7.68],[99.824,7.667],[99.82,7.653],[99.797,7.639],[99.796,7.595],[99.829,7.547],[99.828,7.512],[99.857,7.483],[99.854,7.47],[99.885,7.415],[99.884,7.381],[99.905,7.365],[99.911,7.331],[99.944,7.296],[99.948,7.264],[99.939,7.247],[99.953,7.208],[99.963,7.199],[99.967,7.17],[100.031,7.092],[100.066,7.134],[100.096,7.144],[100.147,7.178],[100.166,7.182],[100.185,7.177],[100.233,7.201],[100.283,7.205],[100.296,7.233],[100.339,7.244],[100.35,7.279],[100.36,7.287],[100.364,7.301],[100.377,7.308],[100.384,7.29],[100.384,7.278],[100.401,7.263],[100.428,7.284],[100.429,7.307],[100.416,7.333],[100.397,7.423],[100.391,7.503],[100.378,7.524],[100.361,7.533],[100.341,7.525],[100.301,7.489],[100.277,7.488],[100.26,7.496],[100.25,7.52],[100.239,7.618],[100.204,7.771],[100.179,7.78],[100.169,7.795],[100.129,7.802]]]]}},{"type":"Feature","properties":{"code":"82"},"geometry":{"type":"MultiPolygon","coordinates":[[[[98.579,8.076],[98.559,8.086],[98.528,8.117],[98.534,8.103],[98.531,8.101],[98.531,8.092],[98.546,8.094],[98.529,8.089],[98.527,8.096],[98.525,8.089],[98.531,8.08],[98.531,8.071],[98.542,8.067],[98.538,8.063],[98.543,8.055],[98.548,8.056],[98.554,8.027],[98.558,8.03],[98.555,8.036],[98.566,8.034],[98.584,8.017],[98.587,7.998],[98.578,7.981],[98.57,7.992],[98.566,7.99],[98.571,7.975],[98.565,7.96],[98.572,7.932],[98.577,7.928],[98.579,7.896],[98.583,7.895],[98.581,7.912],[98.589,7.915],[98.597,7.888],[98.614,7.964],[98.613,7.98],[98.604,7.993],[98.6,8.019],[98.602,8.034],[98.611,8.044],[98.592,8.065],[98.601,8.082],[98.579,8.076]]],[[[97.642,8.664],[97.637,8.66],[97.645,8.645],[97.644,8.636],[97.648,8.628],[97.653,8.629],[97.653,8.634],[97.649,8.647],[97.651,8.668],[97.642,8.664]]],[[[98.311,8.91],[98.304,8.94],[98.299,8.937],[98.301,8.926],[98.289,8.917],[98.287,8.895],[98.311,8.91]]],[[[98.635,8.158],[98.637,8.168],[98.632,8.168],[98.638,8.183],[98.634,8.187],[98.627,8.186],[98.626,8.176],[98.621,8.183],[98.619,8.172],[98.6,8.154],[98.594,8.126],[98.587,8.118],[98.582,8.12],[98.576,8.114],[98.563,8.118],[98.588,8.096],[98.592,8.095],[98.598,8.102],[98.605,8.1],[98.611,8.093],[98.609,8.082],[98.617,8.08],[98.618,8.097],[98.624,8.101],[98.627,8.126],[98.622,8.13],[98.634,8.141],[98.631,8.152],[98.635,8.158]]],[[[98.489,8.305],[98.487,8.285],[98.498,8.277],[98.501,8.285],[98.499,8.296],[98.489,8.305]]],[[[97.863,9.424],[97.855,9.423],[97.852,9.411],[97.843,9.416],[97.84,9.414],[97.845,9.404],[97.86,9.4],[97.866,9.391],[97.871,9.39],[97.872,9.379],[97.883,9.381],[97.882,9.387],[97.874,9.402],[97.863,9.404],[97.87,9.412],[97.863,9.424]]],[[[97.868,9.455],[97.855,9.455],[97.852,9.447],[97.858,9.447],[97.861,9.436],[97.847,9.437],[97.852,9.431],[97.865,9.432],[97.869,9.423],[97.88,9.414],[97.871,9.443],[97.879,9.443],[97.898,9.428],[97.9,9.422],[97.903,9.434],[97.893,9.437],[97.891,9.443],[97.901,9.446],[97.903,9.453],[97.897,9.451],[97.885,9.464],[97.868,9.455]]],[[[98.271,8.871],[98.282,8.893],[98.286,8.92],[98.291,8.929],[98.296,8.927],[98.296,8.94],[98.293,8.938],[98.29,8.95],[98.291,8.955],[98.299,8.94],[98.295,8.967],[98.298,8.963],[98.295,8.957],[98.306,8.942],[98.323,8.988],[98.289,9.005],[98.285,8.999],[98.284,9.007],[98.277,9.003],[98.274,9.013],[98.248,9.01],[98.258,8.986],[98.263,8.954],[98.262,8.938],[98.249,8.913],[98.264,8.889],[98.268,8.865],[98.271,8.871]]],[[[98.511,9.306],[98.496,9.306],[98.479,9.317],[98.468,9.316],[98.47,9.332],[98.461,9.342],[98.437,9.355],[98.426,9.358],[98.392,9.346],[98.39,9.332],[98.38,9.32],[98.377,9.291],[98.361,9.281],[98.371,9.279],[98.375,9.271],[98.379,9.274],[98.378,9.267],[98.368,9.276],[98.364,9.262],[98.344,9.239],[98.366,9.228],[98.362,9.234],[98.365,9.237],[98.363,9.234],[98.369,9.228],[98.376,9.233],[98.38,9.252],[98.38,9.247],[98.383,9.249],[98.377,9.243],[98.378,9.232],[98.37,9.226],[98.373,9.218],[98.366,9.224],[98.366,9.211],[98.373,9.209],[98.379,9.194],[98.384,9.192],[98.385,9.183],[98.395,9.18],[98.384,9.181],[98.372,9.196],[98.368,9.191],[98.371,9.187],[98.367,9.189],[98.369,9.199],[98.344,9.219],[98.338,9.191],[98.355,9.178],[98.349,9.176],[98.345,9.185],[98.338,9.177],[98.343,9.181],[98.331,9.19],[98.335,9.191],[98.334,9.207],[98.324,9.201],[98.333,9.208],[98.333,9.218],[98.327,9.222],[98.321,9.213],[98.316,9.195],[98.319,9.179],[98.337,9.155],[98.339,9.161],[98.339,9.153],[98.347,9.149],[98.34,9.15],[98.339,9.136],[98.346,9.137],[98.341,9.13],[98.347,9.131],[98.342,9.116],[98.356,9.122],[98.349,9.12],[98.346,9.113],[98.359,9.11],[98.358,9.106],[98.349,9.107],[98.352,9.095],[98.364,9.098],[98.364,9.107],[98.368,9.1],[98.382,9.101],[98.367,9.095],[98.369,9.079],[98.373,9.079],[98.378,9.09],[98.387,9.095],[98.388,9.092],[98.394,9.094],[98.399,9.086],[98.392,9.09],[98.378,9.086],[98.378,9.08],[98.391,9.083],[98.378,9.076],[98.382,9.072],[98.375,9.072],[98.385,9.064],[98.385,9.057],[98.37,9.06],[98.365,9.069],[98.345,9.068],[98.331,9.058],[98.318,9.033],[98.327,9.026],[98.326,9.018],[98.336,9.018],[98.336,9.008],[98.345,9.003],[98.387,9.033],[98.38,9.042],[98.389,9.034],[98.398,9.034],[98.41,9.05],[98.405,9.037],[98.412,9.039],[98.41,9.034],[98.405,9.036],[98.396,9.031],[98.416,9.024],[98.398,9.029],[98.394,9.028],[98.405,9.023],[98.401,9.023],[98.402,9.02],[98.39,9.028],[98.381,9.024],[98.388,9.024],[98.381,9.019],[98.396,9.009],[98.407,8.991],[98.394,9.01],[98.381,9.016],[98.371,9.01],[98.377,9.006],[98.369,9.008],[98.362,9.002],[98.373,9],[98.36,9],[98.384,8.994],[98.378,8.993],[98.389,8.964],[98.384,8.972],[98.38,8.968],[98.383,8.959],[98.389,8.957],[98.384,8.958],[98.388,8.951],[98.379,8.967],[98.379,8.988],[98.369,8.992],[98.358,8.987],[98.359,8.981],[98.37,8.975],[98.38,8.944],[98.385,8.939],[98.385,8.92],[98.391,8.911],[98.383,8.92],[98.38,8.941],[98.378,8.924],[98.382,8.91],[98.386,8.909],[98.368,8.91],[98.362,8.902],[98.365,8.91],[98.38,8.912],[98.373,8.943],[98.368,8.95],[98.352,8.913],[98.365,8.949],[98.36,8.96],[98.359,8.943],[98.358,8.957],[98.353,8.963],[98.349,8.93],[98.35,8.965],[98.333,8.978],[98.338,8.965],[98.331,8.977],[98.323,8.971],[98.314,8.952],[98.319,8.95],[98.311,8.948],[98.305,8.94],[98.308,8.93],[98.305,8.931],[98.313,8.906],[98.323,8.892],[98.312,8.905],[98.301,8.904],[98.309,8.899],[98.298,8.901],[98.281,8.883],[98.281,8.879],[98.296,8.894],[98.28,8.874],[98.287,8.868],[98.279,8.873],[98.276,8.866],[98.263,8.859],[98.264,8.823],[98.26,8.813],[98.252,8.809],[98.261,8.793],[98.261,8.762],[98.251,8.744],[98.239,8.736],[98.222,8.737],[98.222,8.729],[98.231,8.724],[98.236,8.714],[98.247,8.639],[98.243,8.63],[98.23,8.621],[98.238,8.616],[98.242,8.598],[98.239,8.589],[98.223,8.579],[98.22,8.588],[98.216,8.587],[98.205,8.553],[98.278,8.269],[98.282,8.204],[98.292,8.208],[98.324,8.196],[98.336,8.18],[98.36,8.192],[98.374,8.139],[98.387,8.126],[98.397,8.138],[98.404,8.137],[98.401,8.145],[98.407,8.152],[98.406,8.162],[98.412,8.164],[98.421,8.158],[98.427,8.135],[98.433,8.138],[98.443,8.151],[98.436,8.163],[98.444,8.191],[98.468,8.22],[98.465,8.24],[98.458,8.238],[98.455,8.243],[98.462,8.251],[98.457,8.271],[98.46,8.292],[98.475,8.322],[98.475,8.344],[98.481,8.348],[98.496,8.341],[98.507,8.342],[98.516,8.325],[98.537,8.336],[98.54,8.342],[98.549,8.34],[98.57,8.358],[98.595,8.363],[98.6,8.372],[98.594,8.381],[98.606,8.39],[98.633,8.379],[98.634,8.375],[98.651,8.38],[98.657,8.388],[98.646,8.417],[98.662,8.424],[98.665,8.451],[98.671,8.459],[98.663,8.47],[98.658,8.496],[98.659,8.509],[98.672,8.522],[98.671,8.53],[98.659,8.55],[98.665,8.558],[98.691,8.564],[98.707,8.576],[98.712,8.588],[98.713,8.625],[98.71,8.631],[98.672,8.636],[98.66,8.647],[98.645,8.635],[98.618,8.626],[98.615,8.62],[98.591,8.623],[98.547,8.652],[98.546,8.663],[98.571,8.67],[98.583,8.694],[98.601,8.708],[98.607,8.791],[98.592,8.799],[98.573,8.797],[98.549,8.829],[98.543,8.846],[98.517,8.856],[98.505,8.876],[98.458,8.884],[98.454,8.89],[98.465,8.916],[98.453,8.935],[98.457,8.955],[98.496,8.979],[98.506,8.978],[98.517,8.986],[98.505,9.01],[98.494,9.019],[98.481,9.064],[98.498,9.079],[98.488,9.123],[98.492,9.144],[98.51,9.153],[98.502,9.163],[98.505,9.174],[98.502,9.185],[98.513,9.215],[98.531,9.234],[98.535,9.248],[98.531,9.296],[98.511,9.306]]],[[[98.35,8.978],[98.373,8.955],[98.364,8.975],[98.35,8.978]]],[[[97.814,9.062],[97.818,9.069],[97.808,9.083],[97.809,9.078],[97.807,9.07],[97.814,9.062]]],[[[98.306,9.262],[98.297,9.242],[98.282,9.228],[98.274,9.205],[98.264,9.204],[98.264,9.18],[98.259,9.169],[98.277,9.178],[98.284,9.179],[98.286,9.19],[98.295,9.196],[98.294,9.201],[98.285,9.199],[98.288,9.209],[98.317,9.252],[98.306,9.262]]],[[[98.332,9.084],[98.327,9.105],[98.321,9.088],[98.324,9.115],[98.317,9.124],[98.312,9.126],[98.308,9.118],[98.315,9.107],[98.312,9.112],[98.306,9.109],[98.31,9.111],[98.306,9.122],[98.311,9.133],[98.305,9.142],[98.301,9.125],[98.284,9.111],[98.283,9.092],[98.279,9.088],[98.281,9.112],[98.298,9.135],[98.299,9.151],[98.293,9.16],[98.286,9.154],[98.29,9.146],[98.279,9.136],[98.288,9.148],[98.284,9.158],[98.291,9.165],[98.262,9.166],[98.262,9.143],[98.256,9.132],[98.254,9.126],[98.249,9.126],[98.252,9.083],[98.247,9.032],[98.287,9.029],[98.284,9.044],[98.273,9.049],[98.286,9.055],[98.282,9.048],[98.291,9.036],[98.303,9.038],[98.303,9.049],[98.307,9.044],[98.31,9.048],[98.305,9.054],[98.308,9.062],[98.3,9.067],[98.302,9.074],[98.313,9.05],[98.321,9.062],[98.319,9.072],[98.315,9.07],[98.32,9.072],[98.326,9.064],[98.33,9.076],[98.335,9.077],[98.326,9.078],[98.325,9.074],[98.323,9.08],[98.334,9.08],[98.332,9.084]]]]}},{"type":"Feature","properties":{"code":"94"},"geometry":{"type":"MultiPolygon","coordinates":[[[[101.602,6.555],[101.611,6.567],[101.609,6.583],[101.58,6.596],[101.578,6.607],[101.593,6.625],[101.6,6.624],[101.605,6.631],[101.62,6.629],[101.624,6.633],[101.627,6.631],[101.623,6.627],[101.627,6.625],[101.633,6.636],[101.648,6.622],[101.662,6.618],[101.666,6.594],[101.68,6.574],[101.727,6.575],[101.676,6.653],[101.641,6.72],[101.641,6.715],[101.63,6.722],[101.558,6.846],[101.546,6.847],[101.527,6.864],[101.515,6.863],[101.44,6.887],[101.426,6.887],[101.354,6.906],[101.318,6.935],[101.282,6.952],[101.246,6.944],[101.234,6.93],[101.239,6.937],[101.244,6.934],[101.266,6.944],[101.275,6.941],[101.286,6.947],[101.285,6.938],[101.296,6.937],[101.301,6.927],[101.307,6.928],[101.314,6.922],[101.324,6.927],[101.33,6.909],[101.341,6.911],[101.346,6.89],[101.329,6.873],[101.309,6.886],[101.289,6.878],[101.284,6.881],[101.284,6.891],[101.274,6.893],[101.263,6.903],[101.242,6.904],[101.235,6.9],[101.239,6.891],[101.233,6.884],[101.209,6.872],[101.163,6.86],[101.135,6.859],[101.105,6.864],[101.099,6.858],[101.057,6.857],[101.064,6.855],[101.043,6.81],[101.036,6.739],[101.056,6.701],[101.062,6.653],[101.121,6.629],[101.151,6.6],[101.174,6.602],[101.198,6.594],[101.211,6.594],[101.234,6.602],[101.262,6.625],[101.273,6.64],[101.289,6.678],[101.296,6.679],[101.301,6.674],[101.3,6.651],[101.308,6.622],[101.305,6.593],[101.33,6.55],[101.346,6.55],[101.374,6.562],[101.437,6.576],[101.457,6.567],[101.511,6.598],[101.523,6.591],[101.556,6.543],[101.579,6.545],[101.602,6.555]]]]}},{"type":"Feature","properties":{"code":"13"},"geometry":{"type":"MultiPolygon","coordinates":[[[[100.914,13.961],[100.914,14.222],[100.947,14.237],[100.952,14.272],[100.892,14.244],[100.892,14.276],[100.618,14.145],[100.606,14.135],[100.563,14.122],[100.561,14.117],[100.555,14.12],[100.553,14.111],[100.525,14.125],[100.489,14.109],[100.345,14.117],[100.332,14.067],[100.337,14.038],[100.361,13.994],[100.381,13.989],[100.381,13.995],[100.435,13.981],[100.453,13.968],[100.458,13.978],[100.462,13.972],[100.467,13.973],[100.489,13.942],[100.502,13.936],[100.51,13.944],[100.531,13.945],[100.539,13.956],[100.563,13.95],[100.574,13.955],[100.606,13.944],[100.604,13.954],[100.613,13.955],[100.625,13.949],[100.625,13.938],[100.64,13.937],[100.641,13.931],[100.69,13.931],[100.687,13.916],[100.753,13.918],[100.793,13.932],[100.914,13.946],[100.914,13.961]]]]}},{"type":"Feature","properties":{"code":"80"},"geometry":{"type":"MultiPolygon","coordinates":[[[[99.266,8.341],[99.277,8.324],[99.316,8.293],[99.32,8.283],[99.318,8.201],[99.303,8.182],[99.301,8.169],[99.292,8.157],[99.302,8.119],[99.284,8.101],[99.298,8.061],[99.332,8.031],[99.34,8.003],[99.348,7.993],[99.334,7.966],[99.322,7.959],[99.343,7.939],[99.371,7.937],[99.384,7.906],[99.407,7.887],[99.471,7.89],[99.503,7.871],[99.54,7.878],[99.545,7.903],[99.564,7.921],[99.57,7.938],[99.595,7.954],[99.606,7.98],[99.618,7.985],[99.698,7.986],[99.727,7.993],[99.741,7.985],[99.751,7.971],[99.739,7.946],[99.741,7.919],[99.729,7.902],[99.73,7.89],[99.739,7.872],[99.735,7.859],[99.744,7.851],[99.746,7.858],[99.759,7.855],[99.768,7.86],[99.791,7.862],[99.812,7.887],[99.827,7.882],[99.847,7.889],[99.909,7.89],[99.929,7.902],[99.952,7.906],[100.004,7.884],[100.013,7.871],[100.018,7.848],[100.037,7.836],[100.051,7.817],[100.068,7.811],[100.116,7.808],[100.129,7.802],[100.149,7.871],[100.199,7.894],[100.25,7.906],[100.272,7.924],[100.29,7.93],[100.328,7.936],[100.336,7.931],[100.283,8.23],[100.256,8.327],[100.215,8.441],[100.192,8.479],[100.17,8.502],[100.145,8.517],[100.114,8.52],[100.148,8.509],[100.164,8.487],[100.149,8.429],[100.153,8.413],[100.173,8.389],[100.156,8.392],[100.153,8.388],[100.138,8.389],[100.111,8.41],[100.088,8.414],[100.056,8.492],[100.029,8.542],[100.014,8.564],[100.004,8.569],[100.011,8.573],[100.01,8.578],[99.988,8.594],[99.974,8.59],[99.96,8.608],[99.954,8.627],[99.952,8.664],[99.925,8.836],[99.913,8.952],[99.917,8.999],[99.921,9.005],[99.929,9.007],[99.923,9.008],[99.914,9.025],[99.909,9.099],[99.894,9.123],[99.88,9.128],[99.876,9.141],[99.879,9.219],[99.87,9.23],[99.871,9.238],[99.865,9.238],[99.864,9.249],[99.848,9.254],[99.843,9.294],[99.839,9.294],[99.835,9.306],[99.828,9.307],[99.824,9.298],[99.809,9.299],[99.799,9.306],[99.805,9.313],[99.801,9.319],[99.797,9.309],[99.796,9.317],[99.792,9.308],[99.785,9.311],[99.785,9.317],[99.781,9.309],[99.773,9.312],[99.775,9.318],[99.769,9.323],[99.773,9.31],[99.769,9.3],[99.757,9.295],[99.749,9.279],[99.756,9.219],[99.741,9.197],[99.739,9.173],[99.729,9.15],[99.746,9.14],[99.748,9.125],[99.772,9.111],[99.772,9.083],[99.785,9.077],[99.785,9.054],[99.769,9.047],[99.756,9.057],[99.746,9.055],[99.744,9.021],[99.732,8.992],[99.73,8.974],[99.722,8.967],[99.702,8.967],[99.689,8.961],[99.698,8.943],[99.694,8.93],[99.661,8.917],[99.643,8.918],[99.624,8.905],[99.615,8.91],[99.608,8.921],[99.587,8.915],[99.576,8.894],[99.56,8.878],[99.561,8.858],[99.555,8.849],[99.532,8.85],[99.527,8.846],[99.523,8.782],[99.529,8.756],[99.521,8.723],[99.492,8.697],[99.49,8.666],[99.478,8.66],[99.467,8.643],[99.448,8.639],[99.449,8.599],[99.429,8.588],[99.408,8.563],[99.366,8.546],[99.329,8.519],[99.316,8.524],[99.292,8.541],[99.281,8.542],[99.288,8.472],[99.256,8.434],[99.24,8.39],[99.244,8.367],[99.266,8.341]]]]}},{"type":"Feature","properties":{"code":"26"},"geometry":{"type":"MultiPolygon","coordinates":[[[[101.14,13.968],[101.133,13.996],[101.183,14.011],[101.197,14.019],[101.213,14.05],[101.269,14.06],[101.287,14.05],[101.305,14.056],[101.313,14.053],[101.321,14.059],[101.327,14.068],[101.325,14.083],[101.313,14.1],[101.314,14.115],[101.3,14.133],[101.297,14.148],[101.314,14.167],[101.388,14.219],[101.394,14.233],[101.396,14.272],[101.422,14.257],[101.447,14.256],[101.478,14.268],[101.501,14.266],[101.509,14.272],[101.515,14.289],[101.516,14.311],[101.503,14.326],[101.5,14.34],[101.49,14.344],[101.478,14.369],[101.431,14.389],[101.409,14.425],[101.387,14.429],[101.372,14.446],[101.322,14.476],[101.311,14.492],[101.292,14.493],[101.277,14.506],[101.264,14.495],[101.264,14.473],[101.243,14.48],[101.246,14.476],[101.229,14.468],[101.237,14.454],[101.231,14.447],[101.228,14.431],[101.214,14.43],[101.204,14.393],[101.209,14.375],[101.19,14.366],[101.184,14.353],[101.169,14.346],[101.161,14.347],[101.148,14.366],[101.131,14.378],[101.118,14.384],[101.081,14.384],[101.066,14.407],[101.057,14.411],[101.055,14.384],[101.061,14.371],[101.038,14.351],[101.041,14.325],[101.013,14.302],[100.998,14.298],[100.991,14.286],[100.981,14.289],[100.971,14.302],[100.958,14.303],[100.948,14.299],[100.947,14.282],[100.952,14.276],[100.947,14.237],[100.914,14.222],[100.914,13.961],[101.044,13.977],[101.14,13.968]]]]}},{"type":"Feature","properties":{"code":"49"},"geometry":{"type":"MultiPolygon","coordinates":[[[[104.356,16.323],[104.378,16.34],[104.395,16.345],[104.442,16.343],[104.466,16.337],[104.502,16.341],[104.509,16.337],[104.521,16.314],[104.559,16.31],[104.587,16.252],[104.594,16.244],[104.612,16.237],[104.637,16.211],[104.659,16.214],[104.668,16.237],[104.682,16.242],[104.686,16.228],[104.698,16.225],[104.712,16.211],[104.802,16.199],[104.813,16.19],[104.822,16.19],[104.838,16.192],[104.889,16.211],[104.905,16.238],[104.928,16.252],[104.959,16.262],[104.978,16.279],[104.958,16.292],[104.926,16.334],[104.903,16.338],[104.89,16.348],[104.884,16.371],[104.863,16.399],[104.861,16.427],[104.844,16.453],[104.83,16.465],[104.773,16.495],[104.737,16.542],[104.733,16.564],[104.743,16.631],[104.764,16.7],[104.759,16.739],[104.746,16.765],[104.737,16.805],[104.246,16.899],[104.223,16.894],[104.205,16.883],[104.193,16.882],[104.16,16.894],[104.13,16.892],[104.126,16.865],[104.109,16.848],[104.106,16.837],[104.089,16.831],[104.073,16.832],[104.072,16.826],[104.133,16.756],[104.135,16.74],[104.151,16.724],[104.157,16.702],[104.171,16.697],[104.17,16.68],[104.187,16.669],[104.178,16.649],[104.186,16.605],[104.205,16.587],[104.224,16.555],[104.226,16.54],[104.241,16.521],[104.236,16.48],[104.246,16.454],[104.244,16.433],[104.283,16.447],[104.296,16.472],[104.31,16.469],[104.319,16.455],[104.326,16.426],[104.321,16.399],[104.33,16.354],[104.328,16.329],[104.356,16.323]]]]}},{"type":"Feature","properties":{"code":"16"},"geometry":{"type":"MultiPolygon","coordinates":[[[[100.443,15.06],[100.434,15.045],[100.449,15.032],[100.461,14.965],[100.435,14.93],[100.433,14.919],[100.444,14.892],[100.447,14.868],[100.475,14.841],[100.482,14.812],[100.483,14.771],[100.494,14.749],[100.477,14.725],[100.488,14.705],[100.509,14.693],[100.522,14.677],[100.547,14.679],[100.554,14.663],[100.594,14.656],[100.606,14.672],[100.612,14.699],[100.639,14.705],[100.661,14.728],[100.704,14.745],[100.724,14.758],[100.741,14.781],[100.741,14.797],[100.747,14.808],[100.775,14.795],[100.806,14.795],[100.809,14.804],[100.819,14.805],[100.873,14.786],[100.884,14.774],[100.902,14.769],[100.92,14.744],[100.951,14.747],[100.986,14.783],[100.989,14.793],[100.984,14.815],[101.01,14.826],[101.024,14.839],[101.056,14.843],[101.077,14.855],[101.092,14.852],[101.41,15],[101.401,15.014],[101.398,15.04],[101.379,15.064],[101.348,15.066],[101.312,15.087],[101.292,15.085],[101.275,15.092],[101.274,15.125],[101.284,15.151],[101.279,15.244],[101.303,15.29],[101.3,15.302],[101.285,15.319],[101.256,15.336],[101.25,15.389],[101.24,15.397],[101.214,15.399],[101.196,15.406],[101.154,15.392],[101.132,15.392],[101.087,15.427],[101.048,15.427],[101.021,15.456],[100.989,15.478],[100.974,15.483],[100.927,15.479],[100.88,15.465],[100.828,15.48],[100.763,15.486],[100.739,15.497],[100.752,15.459],[100.743,15.435],[100.622,15.323],[100.592,15.287],[100.563,15.271],[100.549,15.242],[100.534,15.229],[100.53,15.197],[100.493,15.173],[100.489,15.164],[100.49,15.134],[100.481,15.11],[100.448,15.078],[100.443,15.06]]]]}},{"type":"Feature","properties":{"code":"81"},"geometry":{"type":"MultiPolygon","coordinates":[[[[99.2,7.434],[99.197,7.4],[99.208,7.402],[99.209,7.405],[99.217,7.401],[99.216,7.406],[99.2,7.434]]],[[[99.081,7.548],[99.075,7.572],[99.08,7.598],[99.067,7.609],[99.068,7.615],[99.059,7.613],[99.048,7.644],[99.037,7.652],[99.025,7.645],[99.02,7.649],[99.019,7.644],[99.026,7.642],[99.032,7.629],[99.027,7.622],[99.034,7.601],[99.031,7.58],[99.068,7.498],[99.073,7.497],[99.099,7.467],[99.11,7.482],[99.11,7.498],[99.096,7.532],[99.081,7.548]]],[[[98.957,8.021],[98.95,8.032],[98.954,8.05],[98.923,8.061],[98.924,8.047],[98.921,8.038],[98.925,8.038],[98.918,8.036],[98.952,8.005],[98.957,8.021]]],[[[99.11,7.734],[99.11,7.726],[99.116,7.753],[99.113,7.756],[99.102,7.753],[99.11,7.734]]],[[[98.757,7.734],[98.769,7.717],[98.766,7.735],[98.769,7.739],[98.793,7.728],[98.78,7.758],[98.773,7.761],[98.763,7.777],[98.756,7.784],[98.766,7.765],[98.759,7.764],[98.76,7.76],[98.774,7.744],[98.769,7.74],[98.765,7.746],[98.758,7.744],[98.757,7.734]]],[[[98.768,7.685],[98.765,7.699],[98.767,7.689],[98.762,7.682],[98.765,7.681],[98.766,7.677],[98.762,7.676],[98.765,7.671],[98.769,7.674],[98.768,7.685]]],[[[99.09,7.68],[99.069,7.688],[99.039,7.682],[99.039,7.653],[99.051,7.648],[99.057,7.635],[99.063,7.649],[99.071,7.655],[99.074,7.653],[99.066,7.649],[99.057,7.633],[99.059,7.621],[99.065,7.621],[99.073,7.636],[99.08,7.634],[99.08,7.625],[99.085,7.628],[99.095,7.625],[99.092,7.619],[99.096,7.614],[99.085,7.613],[99.087,7.607],[99.116,7.599],[99.116,7.586],[99.124,7.593],[99.121,7.605],[99.125,7.61],[99.117,7.625],[99.13,7.641],[99.129,7.654],[99.11,7.686],[99.101,7.679],[99.09,7.68]]],[[[98.713,8.625],[98.712,8.588],[98.707,8.576],[98.691,8.564],[98.665,8.558],[98.659,8.55],[98.671,8.53],[98.672,8.522],[98.659,8.509],[98.658,8.496],[98.663,8.47],[98.671,8.459],[98.665,8.451],[98.662,8.424],[98.646,8.417],[98.657,8.388],[98.651,8.38],[98.634,8.375],[98.642,8.344],[98.636,8.337],[98.637,8.329],[98.631,8.326],[98.632,8.317],[98.626,8.313],[98.63,8.3],[98.625,8.298],[98.628,8.282],[98.635,8.276],[98.636,8.286],[98.646,8.279],[98.648,8.272],[98.66,8.287],[98.702,8.312],[98.707,8.287],[98.716,8.276],[98.713,8.266],[98.718,8.266],[98.72,8.259],[98.717,8.238],[98.708,8.224],[98.716,8.221],[98.725,8.248],[98.729,8.248],[98.731,8.238],[98.74,8.236],[98.737,8.23],[98.743,8.211],[98.75,8.206],[98.748,8.198],[98.753,8.184],[98.748,8.166],[98.739,8.157],[98.741,8.142],[98.735,8.136],[98.743,8.135],[98.746,8.142],[98.757,8.137],[98.758,8.13],[98.748,8.122],[98.747,8.09],[98.74,8.077],[98.745,8.073],[98.749,8.055],[98.763,8.041],[98.765,8.023],[98.774,8.024],[98.773,8.042],[98.801,8.046],[98.827,8.027],[98.827,8.016],[98.835,8.017],[98.835,8.008],[98.843,8.002],[98.842,8.011],[98.85,8.011],[98.86,8.028],[98.868,8.028],[98.88,8.019],[98.885,8.022],[98.906,8.048],[98.913,8.045],[98.92,8.051],[98.92,8.061],[98.925,8.064],[98.928,8.059],[98.944,8.057],[98.955,8.05],[98.953,8.03],[98.962,8.026],[98.958,8],[98.945,7.994],[98.942,7.988],[98.947,7.976],[98.973,7.933],[98.978,7.94],[99.001,7.941],[99.005,7.931],[99.016,7.925],[99.021,7.899],[99.027,7.89],[99.055,7.905],[99.064,7.903],[99.058,7.878],[99.066,7.877],[99.066,7.869],[99.047,7.852],[99.043,7.834],[99.017,7.822],[99.032,7.797],[99.022,7.785],[99.027,7.774],[99.02,7.764],[99.04,7.703],[99.081,7.691],[99.099,7.693],[99.108,7.707],[99.109,7.72],[99.108,7.739],[99.101,7.753],[99.109,7.76],[99.116,7.76],[99.119,7.769],[99.135,7.772],[99.143,7.743],[99.158,7.739],[99.17,7.728],[99.177,7.705],[99.194,7.692],[99.204,7.696],[99.206,7.688],[99.197,7.676],[99.2,7.669],[99.213,7.679],[99.227,7.672],[99.238,7.68],[99.26,7.657],[99.281,7.676],[99.308,7.689],[99.316,7.7],[99.318,7.72],[99.339,7.731],[99.343,7.741],[99.314,7.793],[99.309,7.823],[99.295,7.836],[99.292,7.847],[99.337,7.892],[99.346,7.911],[99.338,7.943],[99.322,7.959],[99.334,7.966],[99.348,7.993],[99.34,8.003],[99.332,8.031],[99.298,8.061],[99.284,8.101],[99.302,8.119],[99.292,8.157],[99.301,8.169],[99.303,8.182],[99.318,8.201],[99.32,8.283],[99.316,8.293],[99.277,8.324],[99.266,8.341],[99.238,8.336],[99.216,8.322],[99.196,8.328],[99.182,8.321],[99.14,8.333],[99.12,8.35],[99.075,8.355],[99.06,8.352],[99.031,8.322],[98.998,8.314],[98.981,8.325],[98.943,8.325],[98.928,8.321],[98.921,8.311],[98.914,8.31],[98.899,8.349],[98.899,8.39],[98.89,8.413],[98.893,8.432],[98.906,8.452],[98.908,8.472],[98.884,8.515],[98.898,8.536],[98.929,8.561],[98.918,8.585],[98.896,8.608],[98.869,8.618],[98.855,8.641],[98.8,8.644],[98.782,8.667],[98.77,8.674],[98.759,8.675],[98.75,8.669],[98.734,8.63],[98.713,8.625]]]]}},{"type":"Feature","properties":{"code":"20"},"geometry":{"type":"MultiPolygon","coordinates":[[[[100.957,12.509],[100.96,12.515],[100.957,12.53],[100.953,12.53],[100.952,12.515],[100.957,12.509]]],[[[100.953,12.55],[100.963,12.564],[100.958,12.566],[100.954,12.587],[100.948,12.588],[100.943,12.578],[100.953,12.55]]],[[[100.671,12.947],[100.663,12.946],[100.664,12.943],[100.672,12.923],[100.68,12.92],[100.685,12.928],[100.676,12.939],[100.678,12.951],[100.671,12.947]]],[[[100.81,13.125],[100.823,13.141],[100.818,13.143],[100.82,13.15],[100.809,13.161],[100.808,13.179],[100.801,13.178],[100.798,13.163],[100.805,13.155],[100.799,13.148],[100.807,13.145],[100.803,13.139],[100.81,13.125]]],[[[100.776,12.674],[100.782,12.671],[100.789,12.674],[100.795,12.69],[100.806,12.697],[100.803,12.718],[100.793,12.717],[100.774,12.719],[100.773,12.704],[100.765,12.715],[100.764,12.702],[100.776,12.689],[100.78,12.677],[100.776,12.674]]],[[[100.768,12.913],[100.774,12.897],[100.78,12.901],[100.79,12.93],[100.79,12.937],[100.78,12.926],[100.77,12.928],[100.768,12.913]]],[[[100.974,13.464],[100.969,13.453],[100.969,13.428],[100.985,13.396],[100.986,13.382],[100.977,13.374],[100.982,13.371],[100.977,13.37],[100.977,13.36],[100.97,13.352],[100.936,13.339],[100.927,13.342],[100.92,13.334],[100.918,13.316],[100.91,13.313],[100.902,13.317],[100.903,13.305],[100.897,13.302],[100.916,13.283],[100.927,13.259],[100.936,13.203],[100.925,13.169],[100.9,13.144],[100.899,13.125],[100.881,13.112],[100.872,13.083],[100.873,13.076],[100.879,13.081],[100.886,13.076],[100.878,13.071],[100.882,13.064],[100.897,13.072],[100.899,13.068],[100.885,13.06],[100.889,13.052],[100.905,13.057],[100.907,13.051],[100.89,13.047],[100.893,13.039],[100.915,13.045],[100.926,13.026],[100.928,13.008],[100.921,12.99],[100.909,12.976],[100.9,12.97],[100.893,12.975],[100.883,12.971],[100.882,12.937],[100.87,12.925],[100.862,12.93],[100.856,12.918],[100.856,12.91],[100.898,12.856],[100.908,12.831],[100.904,12.826],[100.909,12.83],[100.905,12.827],[100.909,12.827],[100.912,12.821],[100.912,12.815],[100.907,12.814],[100.914,12.815],[100.907,12.813],[100.912,12.813],[100.913,12.807],[100.903,12.778],[100.893,12.766],[100.879,12.761],[100.87,12.77],[100.856,12.764],[100.853,12.753],[100.841,12.753],[100.842,12.745],[100.834,12.733],[100.839,12.724],[100.834,12.713],[100.84,12.707],[100.838,12.698],[100.844,12.694],[100.85,12.698],[100.855,12.694],[100.84,12.683],[100.841,12.676],[100.843,12.67],[100.848,12.676],[100.856,12.676],[100.862,12.667],[100.859,12.659],[100.849,12.655],[100.851,12.649],[100.886,12.652],[100.892,12.66],[100.91,12.661],[100.931,12.645],[100.925,12.636],[100.928,12.632],[100.914,12.628],[100.926,12.605],[100.936,12.609],[100.945,12.599],[100.953,12.603],[100.963,12.595],[100.967,12.616],[100.963,12.629],[100.971,12.64],[100.968,12.644],[100.991,12.656],[100.992,12.676],[100.984,12.692],[100.984,12.711],[100.99,12.737],[101,12.755],[101.002,12.794],[101.041,12.82],[101.057,12.845],[101.06,12.872],[101.085,12.889],[101.095,12.907],[101.096,12.923],[101.089,12.942],[101.093,12.962],[101.09,12.977],[101.067,13.004],[101.093,13.029],[101.104,13.032],[101.156,13.017],[101.175,13.021],[101.18,13.029],[101.162,13.049],[101.161,13.061],[101.175,13.074],[101.193,13.079],[101.23,13.061],[101.247,13.058],[101.276,13.046],[101.307,13.07],[101.323,13.072],[101.361,13.049],[101.39,13.017],[101.409,13.019],[101.437,13.042],[101.454,13.031],[101.466,13.031],[101.504,13.072],[101.532,13.064],[101.554,13.069],[101.567,13.079],[101.575,13.091],[101.582,13.129],[101.599,13.128],[101.642,13.154],[101.662,13.15],[101.692,13.134],[101.697,13.15],[101.717,13.172],[101.715,13.193],[101.69,13.224],[101.683,13.248],[101.636,13.294],[101.599,13.309],[101.58,13.327],[101.562,13.332],[101.547,13.372],[101.526,13.397],[101.489,13.417],[101.463,13.407],[101.446,13.409],[101.424,13.429],[101.412,13.454],[101.404,13.459],[101.366,13.455],[101.343,13.483],[101.324,13.492],[101.312,13.504],[101.297,13.539],[101.284,13.549],[101.202,13.568],[101.157,13.589],[101.141,13.59],[101.121,13.564],[101.101,13.562],[101.089,13.55],[101.06,13.55],[101.051,13.545],[101.053,13.509],[101.044,13.504],[101.04,13.494],[101.025,13.49],[101.018,13.474],[100.997,13.463],[100.974,13.464]]]]}},{"type":"Feature","properties":{"code":"50"},"geometry":{"type":"MultiPolygon","coordinates":[[[[99.513,20.148],[99.495,20.133],[99.498,20.116],[99.472,20.109],[99.455,20.098],[99.444,20.098],[99.438,20.091],[99.417,20.094],[99.401,20.086],[99.378,20.089],[99.365,20.099],[99.351,20.096],[99.344,20.106],[99.309,20.112],[99.278,20.117],[99.247,20.112],[99.232,20.125],[99.222,20.12],[99.21,20.131],[99.181,20.127],[99.159,20.133],[99.144,20.123],[99.126,20.117],[99.13,20.104],[99.104,20.098],[99.095,20.105],[99.091,20.097],[99.077,20.101],[99.067,20.088],[99.067,20.068],[99.057,20.063],[99.044,20.038],[99.043,20.017],[99.046,20.009],[99.055,20.003],[99.037,19.99],[99.032,19.974],[99.045,19.949],[99.043,19.931],[99.03,19.925],[99.026,19.93],[99.022,19.927],[99.028,19.909],[99.022,19.907],[99.028,19.881],[99.023,19.867],[99.034,19.856],[99.031,19.834],[99.016,19.806],[99.015,19.794],[99.007,19.792],[99.004,19.781],[98.992,19.783],[98.987,19.764],[98.991,19.744],[98.987,19.74],[98.956,19.752],[98.952,19.769],[98.93,19.774],[98.917,19.762],[98.898,19.766],[98.895,19.773],[98.875,19.783],[98.871,19.792],[98.856,19.797],[98.85,19.808],[98.84,19.814],[98.833,19.811],[98.83,19.796],[98.823,19.788],[98.805,19.777],[98.796,19.776],[98.779,19.753],[98.751,19.76],[98.738,19.754],[98.711,19.769],[98.704,19.758],[98.684,19.754],[98.68,19.749],[98.666,19.75],[98.659,19.736],[98.653,19.74],[98.625,19.728],[98.626,19.715],[98.616,19.717],[98.608,19.709],[98.59,19.716],[98.572,19.704],[98.566,19.672],[98.549,19.687],[98.538,19.689],[98.529,19.706],[98.51,19.718],[98.506,19.71],[98.468,19.695],[98.491,19.653],[98.521,19.626],[98.551,19.609],[98.559,19.558],[98.575,19.542],[98.576,19.514],[98.601,19.495],[98.609,19.475],[98.598,19.44],[98.601,19.4],[98.591,19.387],[98.593,19.372],[98.606,19.357],[98.612,19.277],[98.604,19.253],[98.607,19.227],[98.587,19.205],[98.625,19.167],[98.65,19.127],[98.655,19.089],[98.649,19.067],[98.64,19.057],[98.616,19.042],[98.587,19.04],[98.546,19.024],[98.492,19.038],[98.48,19.036],[98.464,19.004],[98.444,19.017],[98.416,19.028],[98.347,19.03],[98.328,19.041],[98.299,19.082],[98.275,19.1],[98.264,19.125],[98.247,19.142],[98.223,19.151],[98.208,19.164],[98.186,19.164],[98.171,19.151],[98.157,19.151],[98.148,19.109],[98.116,19.081],[98.134,19.043],[98.107,18.99],[98.12,18.961],[98.124,18.93],[98.112,18.891],[98.081,18.824],[98.098,18.777],[98.105,18.773],[98.117,18.776],[98.122,18.764],[98.108,18.726],[98.107,18.693],[98.113,18.667],[98.099,18.638],[98.119,18.599],[98.118,18.564],[98.112,18.542],[98.157,18.485],[98.202,18.463],[98.212,18.449],[98.196,18.437],[98.171,18.441],[98.151,18.396],[98.107,18.36],[98.099,18.349],[98.102,18.324],[98.121,18.311],[98.105,18.28],[98.091,18.229],[98.105,18.219],[98.109,18.209],[98.105,18.141],[98.124,18.117],[98.13,18.1],[98.125,18.086],[98.106,18.077],[98.094,18.061],[98.083,18.025],[98.086,17.997],[98.106,17.961],[98.156,17.931],[98.19,17.89],[98.2,17.868],[98.227,17.857],[98.244,17.836],[98.244,17.821],[98.223,17.805],[98.228,17.786],[98.215,17.784],[98.211,17.771],[98.229,17.756],[98.235,17.721],[98.302,17.696],[98.294,17.675],[98.271,17.666],[98.262,17.657],[98.257,17.633],[98.258,17.586],[98.261,17.574],[98.286,17.577],[98.306,17.569],[98.324,17.526],[98.318,17.466],[98.312,17.445],[98.334,17.434],[98.337,17.427],[98.331,17.414],[98.314,17.407],[98.311,17.398],[98.329,17.379],[98.342,17.333],[98.332,17.319],[98.334,17.307],[98.347,17.292],[98.364,17.286],[98.417,17.248],[98.436,17.252],[98.47,17.27],[98.501,17.27],[98.563,17.288],[98.574,17.314],[98.572,17.341],[98.571,17.348],[98.551,17.356],[98.549,17.363],[98.564,17.395],[98.566,17.423],[98.559,17.438],[98.534,17.461],[98.532,17.486],[98.535,17.515],[98.555,17.556],[98.581,17.567],[98.607,17.569],[98.625,17.594],[98.627,17.606],[98.614,17.629],[98.614,17.646],[98.609,17.655],[98.611,17.666],[98.648,17.695],[98.651,17.705],[98.648,17.719],[98.655,17.731],[98.704,17.752],[98.706,17.758],[98.736,17.752],[98.758,17.757],[98.774,17.741],[98.806,17.735],[98.823,17.718],[98.839,17.715],[98.864,17.727],[98.881,17.726],[98.898,17.745],[98.899,17.775],[98.91,17.827],[98.89,17.854],[98.857,17.962],[98.851,17.971],[98.823,17.967],[98.813,17.971],[98.8,18.009],[98.802,18.032],[98.822,18.082],[98.812,18.097],[98.818,18.116],[98.816,18.149],[98.794,18.178],[98.798,18.205],[98.794,18.237],[98.786,18.249],[98.739,18.278],[98.668,18.306],[98.676,18.315],[98.672,18.327],[98.69,18.335],[98.7,18.33],[98.704,18.334],[98.681,18.369],[98.691,18.392],[98.699,18.397],[98.71,18.414],[98.699,18.411],[98.693,18.416],[98.709,18.441],[98.715,18.434],[98.72,18.434],[98.725,18.445],[98.743,18.432],[98.765,18.435],[98.778,18.45],[98.798,18.453],[98.805,18.463],[98.813,18.462],[98.815,18.472],[98.84,18.487],[98.846,18.498],[98.86,18.501],[98.867,18.515],[98.872,18.517],[98.879,18.51],[98.915,18.536],[98.934,18.542],[98.932,18.554],[98.938,18.563],[98.943,18.564],[98.958,18.593],[98.982,18.611],[99.005,18.663],[99.013,18.67],[99.03,18.668],[99.043,18.654],[99.051,18.654],[99.073,18.676],[99.111,18.68],[99.129,18.699],[99.143,18.704],[99.177,18.707],[99.183,18.704],[99.187,18.699],[99.183,18.686],[99.202,18.662],[99.221,18.652],[99.228,18.636],[99.23,18.62],[99.215,18.611],[99.215,18.596],[99.263,18.566],[99.292,18.541],[99.315,18.53],[99.328,18.543],[99.328,18.57],[99.349,18.582],[99.349,18.599],[99.356,18.611],[99.352,18.616],[99.325,18.622],[99.321,18.632],[99.326,18.646],[99.342,18.657],[99.33,18.686],[99.347,18.734],[99.367,18.762],[99.364,18.789],[99.352,18.821],[99.352,18.846],[99.371,18.855],[99.386,18.87],[99.385,18.877],[99.391,18.883],[99.378,18.919],[99.386,18.937],[99.385,18.947],[99.375,18.961],[99.377,18.969],[99.372,18.981],[99.383,18.992],[99.401,19],[99.397,19.019],[99.39,19.02],[99.388,19.026],[99.381,19.05],[99.384,19.063],[99.364,19.069],[99.364,19.081],[99.346,19.085],[99.319,19.13],[99.323,19.14],[99.317,19.17],[99.305,19.176],[99.303,19.194],[99.313,19.208],[99.31,19.225],[99.317,19.228],[99.323,19.244],[99.337,19.255],[99.336,19.261],[99.344,19.264],[99.317,19.352],[99.332,19.359],[99.334,19.366],[99.326,19.399],[99.31,19.43],[99.318,19.453],[99.311,19.473],[99.307,19.474],[99.308,19.489],[99.3,19.486],[99.294,19.494],[99.302,19.517],[99.325,19.541],[99.321,19.542],[99.317,19.556],[99.307,19.555],[99.297,19.566],[99.29,19.58],[99.291,19.596],[99.266,19.611],[99.26,19.633],[99.27,19.661],[99.305,19.682],[99.316,19.7],[99.324,19.706],[99.347,19.705],[99.349,19.717],[99.363,19.726],[99.366,19.768],[99.379,19.783],[99.384,19.801],[99.393,19.808],[99.419,19.813],[99.409,19.831],[99.414,19.84],[99.392,19.857],[99.383,19.884],[99.393,19.902],[99.42,19.919],[99.419,19.958],[99.453,19.976],[99.471,19.97],[99.503,19.973],[99.526,19.962],[99.534,19.934],[99.542,19.924],[99.552,19.915],[99.567,19.917],[99.57,19.946],[99.588,19.966],[99.583,19.984],[99.591,20.012],[99.581,20.02],[99.546,20.027],[99.533,20.042],[99.507,20.056],[99.5,20.071],[99.506,20.083],[99.536,20.092],[99.564,20.111],[99.567,20.122],[99.526,20.138],[99.513,20.148]]]]}},{"type":"Feature","properties":{"code":"18"},"geometry":{"type":"MultiPolygon","coordinates":[[[[100.058,15.42],[100.057,15.398],[100.037,15.401],[100.028,15.397],[100.027,15.391],[100.054,15.368],[100.07,15.343],[100.072,15.315],[100.054,15.281],[100.058,15.268],[100.065,15.264],[100.049,15.264],[100.046,15.278],[100.041,15.282],[100,15.294],[99.97,15.291],[99.933,15.294],[99.888,15.284],[99.862,15.302],[99.778,15.312],[99.76,15.318],[99.746,15.305],[99.722,15.291],[99.717,15.282],[99.719,15.263],[99.732,15.238],[99.735,15.203],[99.77,15.137],[99.812,15.082],[99.795,15.067],[99.791,15.045],[99.771,15.038],[99.756,15.02],[99.737,15.016],[99.731,15.008],[99.721,14.991],[99.732,14.974],[99.726,14.961],[99.776,14.959],[99.842,14.935],[99.879,14.919],[99.904,14.922],[99.978,14.907],[100.024,14.912],[100.042,14.922],[100.046,14.937],[100.04,14.955],[100.053,14.965],[100.075,14.954],[100.108,14.952],[100.146,14.921],[100.219,14.957],[100.249,14.949],[100.261,14.95],[100.286,14.968],[100.305,14.996],[100.306,15.003],[100.296,15.016],[100.264,15.027],[100.272,15.051],[100.3,15.06],[100.299,15.073],[100.29,15.072],[100.286,15.077],[100.278,15.106],[100.273,15.111],[100.285,15.116],[100.293,15.126],[100.293,15.161],[100.309,15.167],[100.301,15.178],[100.292,15.223],[100.269,15.255],[100.27,15.297],[100.255,15.298],[100.237,15.328],[100.216,15.35],[100.197,15.363],[100.169,15.373],[100.136,15.401],[100.124,15.418],[100.058,15.42]]]]}},{"type":"Feature","properties":{"code":"37"},"geometry":{"type":"MultiPolygon","coordinates":[[[[104.52,15.559],[104.547,15.55],[104.586,15.567],[104.582,15.604],[104.628,15.656],[104.605,15.672],[104.636,15.688],[104.74,15.656],[104.859,15.575],[104.876,15.556],[104.884,15.557],[104.891,15.578],[104.928,15.607],[104.93,15.641],[104.892,15.653],[104.903,15.758],[104.958,15.791],[104.965,15.858],[105.023,15.977],[105.005,16.02],[105.06,16.098],[105.046,16.102],[105.041,16.108],[105.036,16.135],[105.013,16.19],[105.015,16.244],[104.978,16.279],[104.959,16.262],[104.928,16.252],[104.905,16.238],[104.889,16.211],[104.838,16.192],[104.813,16.19],[104.81,16.161],[104.806,16.156],[104.686,16.138],[104.616,16.121],[104.574,16.093],[104.563,16.079],[104.536,16.012],[104.509,15.984],[104.503,15.957],[104.46,15.902],[104.455,15.868],[104.461,15.849],[104.439,15.818],[104.436,15.765],[104.427,15.757],[104.43,15.74],[104.424,15.714],[104.439,15.7],[104.444,15.668],[104.441,15.656],[104.443,15.631],[104.461,15.633],[104.465,15.618],[104.463,15.601],[104.509,15.588],[104.52,15.559]]]]}},{"type":"Feature","properties":{"code":"74"},"geometry":{"type":"MultiPolygon","coordinates":[[[[100.333,13.721],[100.312,13.721],[100.289,13.713],[100.275,13.696],[100.278,13.69],[100.275,13.686],[100.262,13.685],[100.244,13.674],[100.238,13.678],[100.225,13.671],[100.225,13.681],[100.216,13.688],[100.193,13.677],[100.182,13.689],[100.164,13.677],[100.155,13.684],[100.114,13.679],[100.122,13.654],[100.103,13.649],[100.087,13.65],[100.084,13.657],[100.071,13.657],[100.066,13.647],[100.078,13.631],[100.052,13.606],[100.044,13.582],[100.046,13.544],[100.035,13.514],[100.038,13.504],[100.053,13.491],[100.079,13.453],[100.088,13.428],[100.251,13.475],[100.272,13.495],[100.275,13.507],[100.282,13.507],[100.308,13.492],[100.33,13.486],[100.409,13.493],[100.406,13.535],[100.417,13.535],[100.42,13.545],[100.413,13.553],[100.413,13.561],[100.395,13.557],[100.385,13.572],[100.386,13.585],[100.378,13.594],[100.376,13.619],[100.366,13.634],[100.359,13.633],[100.359,13.637],[100.346,13.644],[100.347,13.655],[100.339,13.655],[100.33,13.703],[100.332,13.712],[100.339,13.713],[100.333,13.721]]]]}},{"type":"Feature","properties":{"code":"11"},"geometry":{"type":"MultiPolygon","coordinates":[[[[100.861,13.697],[100.859,13.69],[100.788,13.717],[100.716,13.718],[100.71,13.717],[100.712,13.701],[100.698,13.656],[100.655,13.672],[100.65,13.652],[100.641,13.655],[100.636,13.649],[100.618,13.657],[100.616,13.654],[100.605,13.659],[100.601,13.657],[100.579,13.669],[100.589,13.683],[100.586,13.694],[100.556,13.706],[100.552,13.702],[100.552,13.681],[100.548,13.673],[100.536,13.669],[100.523,13.678],[100.52,13.676],[100.514,13.629],[100.521,13.605],[100.511,13.597],[100.5,13.596],[100.495,13.588],[100.482,13.592],[100.477,13.603],[100.47,13.593],[100.464,13.606],[100.454,13.606],[100.446,13.583],[100.445,13.556],[100.453,13.504],[100.457,13.505],[100.458,13.5],[100.468,13.503],[100.472,13.506],[100.473,13.503],[100.489,13.504],[100.492,13.509],[100.527,13.511],[100.531,13.506],[100.54,13.513],[100.632,13.52],[100.682,13.507],[100.703,13.507],[100.723,13.501],[100.725,13.504],[100.849,13.479],[100.851,13.487],[100.868,13.482],[100.872,13.494],[100.872,13.524],[100.879,13.548],[100.89,13.558],[100.89,13.565],[100.904,13.554],[100.915,13.571],[100.907,13.581],[100.907,13.592],[100.923,13.594],[100.959,13.632],[100.964,13.645],[100.954,13.647],[100.956,13.662],[100.861,13.697]]]]}},{"type":"Feature","properties":{"code":"55"},"geometry":{"type":"MultiPolygon","coordinates":[[[[100.34,18.807],[100.337,18.788],[100.362,18.781],[100.362,18.749],[100.393,18.741],[100.388,18.725],[100.383,18.726],[100.375,18.712],[100.366,18.708],[100.36,18.689],[100.354,18.683],[100.37,18.661],[100.395,18.645],[100.407,18.63],[100.392,18.617],[100.385,18.568],[100.401,18.55],[100.405,18.527],[100.401,18.517],[100.409,18.494],[100.421,18.486],[100.44,18.495],[100.489,18.493],[100.505,18.476],[100.531,18.476],[100.542,18.455],[100.539,18.436],[100.542,18.417],[100.522,18.366],[100.495,18.341],[100.498,18.327],[100.492,18.31],[100.506,18.279],[100.481,18.243],[100.471,18.22],[100.471,18.193],[100.46,18.161],[100.452,18.151],[100.432,18.147],[100.418,18.137],[100.398,18.135],[100.392,18.117],[100.4,18.104],[100.396,18.087],[100.409,18.075],[100.404,18.064],[100.417,18.03],[100.413,18.019],[100.42,18.013],[100.445,18.024],[100.471,18.021],[100.477,18.026],[100.544,18.016],[100.55,18.033],[100.573,18.035],[100.579,18.044],[100.589,18.04],[100.61,18.05],[100.657,18.039],[100.67,18.045],[100.693,18.024],[100.727,18.032],[100.773,18.027],[100.804,18.058],[100.812,18.08],[100.85,18.084],[100.861,18.106],[100.877,18.121],[100.875,18.14],[100.885,18.151],[100.889,18.148],[100.913,18.157],[100.907,18.174],[100.909,18.194],[100.923,18.205],[100.925,18.211],[100.914,18.227],[100.919,18.242],[100.958,18.271],[100.984,18.309],[100.997,18.307],[101.005,18.318],[101.042,18.339],[101.056,18.355],[101.073,18.357],[101.086,18.38],[101.084,18.396],[101.078,18.406],[101.053,18.425],[101.057,18.435],[101.054,18.442],[101.082,18.475],[101.093,18.479],[101.091,18.499],[101.098,18.503],[101.104,18.521],[101.117,18.528],[101.128,18.525],[101.139,18.528],[101.148,18.542],[101.148,18.552],[101.183,18.561],[101.187,18.58],[101.18,18.588],[101.182,18.612],[101.226,18.624],[101.242,18.639],[101.241,18.651],[101.258,18.668],[101.259,18.678],[101.273,18.689],[101.257,18.706],[101.234,18.712],[101.233,18.721],[101.224,18.732],[101.236,18.741],[101.244,18.77],[101.253,18.772],[101.249,18.791],[101.258,18.809],[101.248,18.818],[101.243,18.832],[101.254,18.847],[101.254,18.866],[101.246,18.889],[101.254,18.906],[101.274,18.917],[101.274,18.93],[101.295,18.94],[101.293,18.981],[101.305,18.988],[101.31,19.002],[101.335,19.004],[101.357,19.05],[101.351,19.052],[101.34,19.07],[101.333,19.068],[101.325,19.08],[101.316,19.08],[101.297,19.095],[101.294,19.104],[101.257,19.125],[101.258,19.15],[101.253,19.17],[101.245,19.181],[101.252,19.191],[101.25,19.206],[101.26,19.231],[101.25,19.242],[101.24,19.284],[101.227,19.305],[101.231,19.318],[101.242,19.325],[101.228,19.347],[101.22,19.344],[101.205,19.35],[101.199,19.37],[101.19,19.378],[101.187,19.398],[101.191,19.402],[101.196,19.399],[101.195,19.406],[101.215,19.431],[101.205,19.458],[101.211,19.464],[101.21,19.473],[101.225,19.472],[101.236,19.478],[101.239,19.473],[101.266,19.47],[101.27,19.485],[101.267,19.503],[101.285,19.527],[101.285,19.535],[101.274,19.551],[101.288,19.568],[101.281,19.582],[101.261,19.594],[101.256,19.591],[101.246,19.595],[101.244,19.604],[101.218,19.602],[101.207,19.605],[101.198,19.577],[101.179,19.578],[101.169,19.586],[101.167,19.581],[101.141,19.579],[101.123,19.572],[101.116,19.584],[101.097,19.584],[101.08,19.604],[101.068,19.603],[101.063,19.619],[101.039,19.624],[101.035,19.629],[101.024,19.63],[101.015,19.62],[100.982,19.627],[100.973,19.619],[100.958,19.625],[100.934,19.622],[100.925,19.626],[100.917,19.622],[100.893,19.634],[100.883,19.606],[100.873,19.6],[100.866,19.586],[100.859,19.582],[100.86,19.573],[100.848,19.568],[100.817,19.525],[100.792,19.511],[100.77,19.487],[100.765,19.491],[100.764,19.501],[100.756,19.504],[100.758,19.512],[100.748,19.513],[100.708,19.535],[100.695,19.535],[100.672,19.549],[100.661,19.547],[100.652,19.556],[100.609,19.548],[100.611,19.534],[100.603,19.53],[100.599,19.51],[100.58,19.499],[100.558,19.51],[100.549,19.519],[100.533,19.524],[100.523,19.519],[100.513,19.523],[100.501,19.538],[100.483,19.548],[100.472,19.532],[100.484,19.488],[100.525,19.484],[100.572,19.468],[100.562,19.459],[100.551,19.428],[100.512,19.395],[100.511,19.38],[100.519,19.36],[100.536,19.343],[100.554,19.339],[100.562,19.349],[100.574,19.349],[100.581,19.336],[100.603,19.333],[100.608,19.324],[100.595,19.25],[100.61,19.215],[100.61,19.182],[100.616,19.17],[100.619,19.145],[100.633,19.136],[100.634,19.128],[100.609,19.105],[100.563,19.096],[100.551,19.065],[100.556,19.052],[100.572,19.035],[100.571,19.026],[100.551,19.029],[100.508,19.052],[100.481,19.052],[100.472,19.047],[100.449,19.001],[100.457,18.995],[100.496,18.991],[100.502,18.978],[100.481,18.966],[100.483,18.954],[100.458,18.942],[100.455,18.934],[100.433,18.947],[100.405,18.945],[100.407,18.938],[100.39,18.926],[100.388,18.895],[100.366,18.868],[100.363,18.848],[100.346,18.833],[100.349,18.83],[100.345,18.827],[100.338,18.826],[100.336,18.821],[100.345,18.814],[100.34,18.807]]]]}},{"type":"Feature","properties":{"code":"22"},"geometry":{"type":"MultiPolygon","coordinates":[[[[101.717,13.172],[101.694,13.144],[101.685,13.112],[101.712,13.034],[101.722,13.026],[101.742,13.026],[101.753,13.009],[101.737,12.983],[101.739,12.965],[101.753,12.947],[101.776,12.954],[101.786,12.951],[101.796,12.933],[101.804,12.896],[101.811,12.894],[101.823,12.9],[101.827,12.894],[101.831,12.838],[101.819,12.779],[101.82,12.762],[101.804,12.75],[101.804,12.731],[101.789,12.718],[101.793,12.701],[101.785,12.693],[101.825,12.674],[101.863,12.642],[101.866,12.617],[101.884,12.588],[101.883,12.602],[101.902,12.601],[101.909,12.577],[101.9,12.574],[101.886,12.582],[101.886,12.575],[101.91,12.562],[101.929,12.536],[101.944,12.532],[101.949,12.516],[101.948,12.538],[101.962,12.543],[101.977,12.543],[102.017,12.525],[102.042,12.499],[102.043,12.492],[102.037,12.492],[102.036,12.487],[102.047,12.489],[102.04,12.482],[102.043,12.473],[102.059,12.468],[102.057,12.479],[102.062,12.48],[102.093,12.462],[102.124,12.423],[102.125,12.411],[102.12,12.412],[102.12,12.407],[102.127,12.404],[102.127,12.41],[102.133,12.412],[102.164,12.396],[102.225,12.327],[102.256,12.306],[102.258,12.297],[102.305,12.301],[102.344,12.335],[102.345,12.364],[102.36,12.376],[102.363,12.384],[102.372,12.387],[102.368,12.402],[102.335,12.417],[102.325,12.428],[102.332,12.444],[102.329,12.451],[102.332,12.457],[102.348,12.469],[102.35,12.476],[102.346,12.499],[102.326,12.525],[102.324,12.545],[102.352,12.586],[102.363,12.593],[102.374,12.59],[102.395,12.569],[102.407,12.562],[102.415,12.564],[102.414,12.574],[102.391,12.6],[102.403,12.612],[102.393,12.63],[102.397,12.645],[102.392,12.667],[102.397,12.675],[102.444,12.73],[102.472,12.733],[102.511,12.754],[102.518,12.752],[102.534,12.77],[102.535,12.787],[102.528,12.797],[102.532,12.811],[102.529,12.818],[102.515,12.823],[102.515,12.841],[102.501,12.85],[102.498,12.859],[102.508,12.866],[102.505,12.883],[102.509,12.895],[102.503,12.902],[102.502,12.915],[102.486,12.948],[102.496,12.953],[102.501,12.961],[102.486,12.977],[102.487,12.983],[102.499,12.987],[102.508,12.996],[102.516,12.992],[102.516,12.996],[102.53,13.002],[102.505,13.005],[102.494,13.013],[102.459,13.082],[102.44,13.086],[102.434,13.091],[102.433,13.102],[102.417,13.123],[102.418,13.137],[102.399,13.157],[102.392,13.185],[102.393,13.199],[102.387,13.217],[102.371,13.237],[102.367,13.263],[102.349,13.277],[102.35,13.3],[102.34,13.304],[102.325,13.264],[102.285,13.239],[102.274,13.208],[102.266,13.198],[102.25,13.195],[102.222,13.199],[102.206,13.216],[102.193,13.245],[102.176,13.246],[102.164,13.237],[102.143,13.201],[102.133,13.192],[102.113,13.184],[102.082,13.18],[102.044,13.158],[102.034,13.167],[102.029,13.207],[102.035,13.266],[102.01,13.287],[101.997,13.316],[101.995,13.336],[101.948,13.291],[101.928,13.288],[101.911,13.278],[101.889,13.22],[101.879,13.217],[101.872,13.233],[101.855,13.238],[101.829,13.228],[101.817,13.207],[101.791,13.197],[101.77,13.181],[101.732,13.184],[101.717,13.172]]]]}},{"type":"Feature","properties":{"code":"48"},"geometry":{"type":"MultiPolygon","coordinates":[[[[104.246,16.899],[104.737,16.805],[104.741,16.821],[104.759,16.844],[104.736,16.917],[104.73,17.008],[104.735,17.027],[104.783,17.116],[104.801,17.165],[104.807,17.24],[104.803,17.273],[104.804,17.372],[104.8,17.395],[104.747,17.457],[104.723,17.504],[104.708,17.521],[104.616,17.579],[104.608,17.577],[104.496,17.635],[104.462,17.661],[104.403,17.742],[104.355,17.823],[104.335,17.837],[104.303,17.844],[104.273,17.866],[104.225,17.98],[104.213,18],[104.188,18.025],[104.181,18.004],[104.168,17.998],[104.132,18.001],[104.119,17.996],[104.116,17.976],[104.132,17.956],[104.13,17.937],[104.135,17.909],[104.133,17.902],[104.113,17.885],[104.11,17.862],[104.096,17.863],[104.069,17.88],[104.066,17.897],[104.05,17.917],[104.044,17.935],[104.032,17.935],[104,17.919],[103.997,17.887],[103.986,17.865],[103.992,17.852],[104.014,17.828],[104.016,17.816],[104.009,17.805],[104.016,17.794],[104.012,17.77],[104.02,17.757],[104.04,17.759],[104.048,17.75],[104.046,17.734],[104.052,17.732],[104.064,17.736],[104.059,17.711],[104.071,17.707],[104.074,17.7],[104.064,17.687],[104.077,17.681],[104.08,17.674],[104.068,17.662],[104.062,17.646],[104.035,17.64],[104.029,17.632],[104.048,17.595],[104.049,17.579],[104.032,17.554],[104.035,17.521],[104.009,17.476],[104.042,17.413],[104.051,17.386],[104.093,17.377],[104.098,17.382],[104.096,17.401],[104.134,17.381],[104.148,17.406],[104.157,17.411],[104.225,17.405],[104.31,17.422],[104.358,17.419],[104.411,17.421],[104.419,17.415],[104.411,17.367],[104.428,17.337],[104.423,17.32],[104.432,17.305],[104.431,17.277],[104.444,17.249],[104.443,17.237],[104.417,17.211],[104.412,17.192],[104.401,17.174],[104.4,17.122],[104.371,17.096],[104.361,17.091],[104.355,17.066],[104.361,17.056],[104.396,17.038],[104.392,17.014],[104.362,17.002],[104.346,16.986],[104.325,16.979],[104.311,16.941],[104.297,16.931],[104.276,16.924],[104.246,16.899]]]]}},{"type":"Feature","properties":{"code":"71"},"geometry":{"type":"MultiPolygon","coordinates":[[[[98.985,15.181],[98.975,15.185],[98.957,15.234],[98.931,15.259],[98.9,15.266],[98.892,15.272],[98.874,15.314],[98.834,15.362],[98.802,15.414],[98.786,15.421],[98.775,15.433],[98.767,15.466],[98.72,15.494],[98.722,15.501],[98.735,15.507],[98.734,15.512],[98.664,15.621],[98.645,15.638],[98.626,15.627],[98.627,15.638],[98.614,15.645],[98.61,15.642],[98.593,15.646],[98.584,15.663],[98.568,15.655],[98.558,15.655],[98.563,15.64],[98.553,15.602],[98.585,15.471],[98.58,15.376],[98.56,15.336],[98.55,15.338],[98.547,15.343],[98.551,15.345],[98.545,15.354],[98.548,15.358],[98.537,15.371],[98.524,15.37],[98.516,15.379],[98.51,15.375],[98.5,15.389],[98.483,15.392],[98.481,15.377],[98.47,15.371],[98.457,15.385],[98.45,15.383],[98.455,15.368],[98.448,15.369],[98.435,15.363],[98.43,15.368],[98.417,15.365],[98.415,15.355],[98.394,15.343],[98.39,15.335],[98.39,15.329],[98.4,15.321],[98.402,15.308],[98.387,15.3],[98.407,15.302],[98.418,15.272],[98.417,15.266],[98.404,15.255],[98.389,15.272],[98.38,15.273],[98.374,15.284],[98.367,15.283],[98.354,15.293],[98.339,15.294],[98.306,15.314],[98.298,15.314],[98.296,15.308],[98.3,15.303],[98.294,15.297],[98.304,15.281],[98.3,15.275],[98.281,15.271],[98.281,15.263],[98.26,15.235],[98.259,15.224],[98.235,15.22],[98.22,15.225],[98.212,15.237],[98.198,15.234],[98.2,15.211],[98.21,15.2],[98.208,15.19],[98.213,15.182],[98.199,15.156],[98.19,15.151],[98.189,15.142],[98.193,15.136],[98.183,15.121],[98.182,15.108],[98.184,15.096],[98.193,15.087],[98.193,15.077],[98.21,15.076],[98.221,15.06],[98.22,15.055],[98.231,15.044],[98.224,15.026],[98.213,15.02],[98.208,14.985],[98.209,14.98],[98.233,14.967],[98.229,14.947],[98.243,14.94],[98.243,14.923],[98.251,14.916],[98.23,14.89],[98.259,14.858],[98.258,14.843],[98.246,14.831],[98.254,14.814],[98.277,14.797],[98.283,14.776],[98.294,14.77],[98.305,14.732],[98.315,14.727],[98.324,14.71],[98.33,14.706],[98.334,14.711],[98.338,14.71],[98.34,14.704],[98.362,14.689],[98.367,14.666],[98.437,14.613],[98.444,14.593],[98.459,14.577],[98.456,14.557],[98.462,14.531],[98.47,14.537],[98.485,14.535],[98.492,14.541],[98.498,14.512],[98.505,14.508],[98.504,14.496],[98.51,14.489],[98.511,14.478],[98.52,14.47],[98.533,14.443],[98.546,14.441],[98.548,14.422],[98.558,14.42],[98.557,14.403],[98.565,14.385],[98.573,14.38],[98.577,14.368],[98.59,14.37],[98.594,14.376],[98.597,14.368],[98.593,14.344],[98.602,14.322],[98.615,14.313],[98.63,14.316],[98.642,14.301],[98.668,14.288],[98.686,14.272],[98.7,14.274],[98.7,14.26],[98.705,14.253],[98.725,14.239],[98.732,14.241],[98.743,14.233],[98.757,14.214],[98.761,14.216],[98.767,14.209],[98.776,14.207],[98.777,14.2],[98.799,14.193],[98.813,14.175],[98.828,14.176],[98.84,14.163],[98.85,14.16],[98.862,14.147],[98.867,14.148],[98.875,14.127],[98.899,14.109],[98.921,14.11],[98.945,14.093],[98.959,14.097],[98.969,14.08],[98.971,14.034],[98.999,14.019],[98.996,14.014],[99.009,13.994],[99.021,13.946],[99.044,13.942],[99.059,13.929],[99.066,13.907],[99.077,13.894],[99.094,13.889],[99.108,13.893],[99.111,13.867],[99.101,13.855],[99.099,13.838],[99.114,13.831],[99.115,13.82],[99.121,13.814],[99.122,13.8],[99.117,13.795],[99.121,13.773],[99.142,13.757],[99.154,13.756],[99.154,13.735],[99.161,13.726],[99.201,13.728],[99.233,13.748],[99.242,13.762],[99.254,13.769],[99.28,13.758],[99.297,13.77],[99.33,13.751],[99.351,13.75],[99.382,13.765],[99.453,13.781],[99.471,13.801],[99.481,13.797],[99.499,13.769],[99.54,13.754],[99.552,13.757],[99.582,13.792],[99.625,13.798],[99.649,13.816],[99.689,13.822],[99.763,13.813],[99.806,13.815],[99.813,13.822],[99.821,13.861],[99.842,13.871],[99.868,13.939],[99.88,13.944],[99.878,13.958],[99.857,13.964],[99.852,13.994],[99.828,13.996],[99.823,14.001],[99.807,14.035],[99.812,14.075],[99.807,14.083],[99.795,14.085],[99.789,14.097],[99.774,14.096],[99.763,14.165],[99.819,14.22],[99.825,14.259],[99.82,14.281],[99.824,14.309],[99.816,14.333],[99.822,14.354],[99.82,14.4],[99.826,14.418],[99.816,14.455],[99.822,14.512],[99.829,14.524],[99.886,14.55],[99.892,14.558],[99.881,14.574],[99.845,14.603],[99.845,14.61],[99.869,14.623],[99.871,14.633],[99.844,14.658],[99.819,14.661],[99.784,14.677],[99.767,14.702],[99.736,14.726],[99.678,14.794],[99.662,14.802],[99.628,14.802],[99.6,14.784],[99.573,14.791],[99.562,14.788],[99.544,14.797],[99.539,14.787],[99.541,14.772],[99.535,14.74],[99.527,14.725],[99.516,14.718],[99.505,14.7],[99.461,14.688],[99.433,14.721],[99.45,14.745],[99.438,14.766],[99.41,14.776],[99.383,14.766],[99.371,14.766],[99.355,14.782],[99.328,14.829],[99.316,14.837],[99.302,14.832],[99.294,14.835],[99.279,14.857],[99.273,14.873],[99.275,14.876],[99.314,14.884],[99.307,14.906],[99.319,14.921],[99.316,14.943],[99.321,14.947],[99.313,14.967],[99.286,14.992],[99.258,14.984],[99.248,14.998],[99.235,15.006],[99.213,15.008],[99.193,15.021],[99.182,15.012],[99.158,15.014],[99.147,15.021],[99.142,15.032],[99.136,15.032],[99.141,15.048],[99.122,15.05],[99.117,15.041],[99.076,15.035],[99.065,15.043],[99.047,15.041],[99.038,15.049],[99.019,15.055],[99.008,15.07],[99.002,15.071],[99.011,15.08],[99.006,15.096],[98.999,15.098],[99.005,15.141],[99.001,15.159],[98.994,15.162],[98.985,15.181]]]]}},{"type":"Feature","properties":{"code":"58"},"geometry":{"type":"MultiPolygon","coordinates":[[[[98.302,17.696],[98.235,17.721],[98.229,17.756],[98.211,17.775],[98.215,17.784],[98.228,17.786],[98.223,17.805],[98.244,17.821],[98.244,17.836],[98.227,17.857],[98.2,17.868],[98.19,17.89],[98.156,17.931],[98.106,17.961],[98.086,17.997],[98.083,18.025],[98.094,18.061],[98.106,18.077],[98.125,18.086],[98.13,18.1],[98.124,18.117],[98.105,18.141],[98.109,18.209],[98.105,18.219],[98.091,18.229],[98.105,18.28],[98.121,18.311],[98.102,18.324],[98.099,18.349],[98.107,18.36],[98.151,18.396],[98.171,18.441],[98.196,18.437],[98.212,18.449],[98.202,18.463],[98.157,18.485],[98.112,18.542],[98.118,18.564],[98.119,18.599],[98.099,18.638],[98.113,18.667],[98.107,18.693],[98.108,18.726],[98.122,18.764],[98.117,18.776],[98.105,18.773],[98.098,18.777],[98.081,18.824],[98.112,18.891],[98.124,18.93],[98.12,18.961],[98.107,18.99],[98.134,19.043],[98.116,19.081],[98.148,19.109],[98.157,19.151],[98.171,19.151],[98.186,19.164],[98.208,19.164],[98.223,19.151],[98.247,19.142],[98.264,19.125],[98.275,19.1],[98.299,19.082],[98.328,19.041],[98.347,19.03],[98.416,19.028],[98.444,19.017],[98.464,19.004],[98.48,19.036],[98.492,19.038],[98.546,19.024],[98.587,19.04],[98.616,19.042],[98.64,19.057],[98.649,19.067],[98.655,19.089],[98.65,19.127],[98.625,19.167],[98.587,19.205],[98.607,19.227],[98.604,19.253],[98.612,19.277],[98.606,19.357],[98.593,19.372],[98.591,19.387],[98.601,19.4],[98.598,19.44],[98.609,19.475],[98.601,19.495],[98.576,19.514],[98.575,19.542],[98.559,19.558],[98.551,19.609],[98.5,19.643],[98.46,19.698],[98.414,19.693],[98.393,19.704],[98.377,19.698],[98.37,19.689],[98.357,19.696],[98.349,19.694],[98.345,19.698],[98.333,19.694],[98.323,19.699],[98.296,19.682],[98.268,19.684],[98.249,19.676],[98.232,19.697],[98.238,19.709],[98.229,19.728],[98.217,19.725],[98.199,19.739],[98.193,19.738],[98.183,19.75],[98.184,19.76],[98.168,19.771],[98.151,19.774],[98.135,19.788],[98.115,19.779],[98.113,19.774],[98.101,19.772],[98.091,19.791],[98.083,19.792],[98.083,19.81],[98.067,19.81],[98.063,19.804],[98.054,19.803],[98.048,19.814],[98.034,19.806],[98.04,19.799],[98.033,19.783],[98.038,19.765],[98.029,19.734],[98.032,19.725],[98.025,19.722],[98.035,19.701],[98.029,19.688],[98.034,19.678],[98.032,19.671],[98.042,19.666],[98.044,19.654],[98.038,19.643],[98.027,19.641],[98.026,19.637],[98.014,19.64],[98.001,19.633],[97.983,19.64],[97.981,19.635],[97.973,19.634],[97.975,19.602],[97.961,19.599],[97.961,19.593],[97.943,19.597],[97.902,19.578],[97.892,19.576],[97.88,19.581],[97.862,19.576],[97.859,19.571],[97.863,19.564],[97.855,19.548],[97.855,19.531],[97.868,19.523],[97.876,19.506],[97.888,19.501],[97.873,19.496],[97.874,19.488],[97.863,19.483],[97.858,19.469],[97.85,19.467],[97.828,19.442],[97.827,19.43],[97.813,19.413],[97.803,19.405],[97.788,19.404],[97.785,19.398],[97.804,19.388],[97.806,19.376],[97.8,19.372],[97.799,19.353],[97.813,19.341],[97.811,19.334],[97.825,19.324],[97.824,19.315],[97.829,19.303],[97.841,19.301],[97.843,19.29],[97.84,19.291],[97.81,19.279],[97.802,19.289],[97.791,19.283],[97.783,19.267],[97.809,19.253],[97.817,19.238],[97.827,19.238],[97.826,19.229],[97.842,19.225],[97.845,19.216],[97.845,19.203],[97.838,19.196],[97.844,19.183],[97.839,19.171],[97.844,19.149],[97.834,19.136],[97.841,19.117],[97.837,19.095],[97.811,19.091],[97.792,19.074],[97.769,19.073],[97.764,19.066],[97.771,19.056],[97.769,19.045],[97.76,19.038],[97.736,19.04],[97.739,19.026],[97.735,18.984],[97.738,18.979],[97.73,18.972],[97.726,18.974],[97.722,18.967],[97.705,18.968],[97.707,18.958],[97.7,18.958],[97.692,18.949],[97.684,18.953],[97.668,18.948],[97.67,18.942],[97.666,18.938],[97.671,18.93],[97.689,18.926],[97.689,18.916],[97.704,18.897],[97.711,18.897],[97.72,18.887],[97.737,18.887],[97.741,18.882],[97.739,18.867],[97.748,18.857],[97.744,18.85],[97.749,18.845],[97.746,18.834],[97.739,18.828],[97.745,18.813],[97.753,18.809],[97.749,18.798],[97.754,18.767],[97.764,18.759],[97.752,18.737],[97.758,18.712],[97.765,18.708],[97.774,18.689],[97.772,18.674],[97.767,18.669],[97.772,18.656],[97.767,18.633],[97.774,18.61],[97.767,18.589],[97.769,18.579],[97.751,18.576],[97.731,18.587],[97.725,18.584],[97.722,18.574],[97.7,18.57],[97.675,18.577],[97.671,18.573],[97.651,18.577],[97.635,18.559],[97.627,18.566],[97.614,18.561],[97.623,18.544],[97.62,18.539],[97.613,18.546],[97.607,18.544],[97.603,18.536],[97.572,18.535],[97.563,18.522],[97.546,18.529],[97.534,18.491],[97.519,18.498],[97.502,18.493],[97.491,18.51],[97.482,18.511],[97.466,18.498],[97.444,18.495],[97.443,18.502],[97.436,18.507],[97.436,18.521],[97.428,18.526],[97.427,18.545],[97.409,18.555],[97.403,18.567],[97.388,18.56],[97.363,18.56],[97.362,18.599],[97.344,18.576],[97.346,18.546],[97.353,18.534],[97.374,18.523],[97.387,18.505],[97.399,18.459],[97.418,18.436],[97.426,18.408],[97.442,18.403],[97.452,18.39],[97.451,18.375],[97.442,18.36],[97.448,18.33],[97.453,18.328],[97.467,18.303],[97.484,18.291],[97.502,18.267],[97.521,18.273],[97.537,18.286],[97.55,18.331],[97.559,18.339],[97.576,18.339],[97.62,18.318],[97.639,18.288],[97.634,18.271],[97.612,18.251],[97.609,18.238],[97.614,18.225],[97.652,18.178],[97.676,18.162],[97.677,18.115],[97.691,18.085],[97.688,18.078],[97.68,18.075],[97.682,18.064],[97.687,18.06],[97.698,18.066],[97.708,18.057],[97.708,18.048],[97.723,18.025],[97.721,18.013],[97.736,17.987],[97.735,17.957],[97.725,17.95],[97.709,17.947],[97.687,17.925],[97.685,17.907],[97.672,17.882],[97.676,17.868],[97.692,17.842],[97.691,17.833],[97.699,17.819],[97.703,17.816],[97.718,17.819],[97.718,17.807],[97.742,17.787],[97.745,17.771],[97.759,17.771],[97.774,17.753],[97.77,17.746],[97.763,17.745],[97.763,17.725],[97.791,17.693],[97.794,17.679],[97.819,17.661],[97.822,17.652],[97.852,17.623],[97.904,17.587],[97.912,17.567],[97.974,17.57],[97.991,17.591],[98.05,17.612],[98.116,17.645],[98.165,17.647],[98.196,17.643],[98.226,17.675],[98.238,17.682],[98.302,17.696]]]]}},{"type":"Feature","properties":{"code":"27"},"geometry":{"type":"MultiPolygon","coordinates":[[[[101.995,13.336],[101.997,13.316],[102.01,13.287],[102.035,13.266],[102.029,13.207],[102.034,13.167],[102.044,13.158],[102.082,13.18],[102.113,13.184],[102.133,13.192],[102.143,13.201],[102.164,13.237],[102.176,13.246],[102.193,13.245],[102.206,13.216],[102.222,13.199],[102.25,13.195],[102.266,13.198],[102.274,13.208],[102.285,13.239],[102.325,13.264],[102.34,13.304],[102.353,13.297],[102.36,13.314],[102.352,13.34],[102.345,13.347],[102.36,13.402],[102.362,13.426],[102.355,13.461],[102.364,13.505],[102.346,13.53],[102.334,13.537],[102.34,13.56],[102.359,13.565],[102.358,13.571],[102.367,13.578],[102.397,13.567],[102.421,13.571],[102.439,13.56],[102.444,13.564],[102.445,13.561],[102.472,13.565],[102.48,13.573],[102.531,13.566],[102.545,13.575],[102.563,13.579],[102.57,13.586],[102.574,13.603],[102.58,13.606],[102.624,13.609],[102.593,13.627],[102.575,13.63],[102.57,13.643],[102.548,13.658],[102.563,13.684],[102.591,13.707],[102.689,13.752],[102.702,13.768],[102.732,13.771],[102.732,13.785],[102.723,13.793],[102.766,13.856],[102.783,13.933],[102.803,13.943],[102.816,13.965],[102.849,13.986],[102.867,14.004],[102.88,14.004],[102.886,14.011],[102.894,14.007],[102.901,14.016],[102.911,14.017],[102.898,14.052],[102.902,14.067],[102.901,14.083],[102.908,14.096],[102.923,14.106],[102.925,14.132],[102.941,14.151],[102.936,14.168],[102.891,14.164],[102.878,14.152],[102.824,14.167],[102.792,14.158],[102.769,14.141],[102.722,14.132],[102.706,14.133],[102.685,14.141],[102.656,14.134],[102.629,14.154],[102.624,14.154],[102.621,14.143],[102.612,14.134],[102.594,14.149],[102.567,14.128],[102.539,14.121],[102.535,14.106],[102.554,14.096],[102.546,14.09],[102.522,14.087],[102.509,14.087],[102.504,14.092],[102.499,14.118],[102.501,14.133],[102.493,14.144],[102.481,14.145],[102.46,14.138],[102.427,14.157],[102.415,14.156],[102.406,14.146],[102.394,14.145],[102.364,14.158],[102.341,14.149],[102.32,14.148],[102.303,14.128],[102.282,14.127],[102.277,14.141],[102.235,14.138],[102.224,14.142],[102.221,14.167],[102.196,14.188],[102.184,14.186],[102.171,14.171],[102.172,14.145],[102.166,14.137],[102.145,14.136],[102.12,14.144],[101.988,13.587],[101.992,13.578],[101.99,13.557],[101.999,13.534],[101.998,13.5],[101.981,13.491],[101.952,13.489],[101.944,13.474],[101.947,13.441],[101.962,13.415],[101.981,13.401],[101.995,13.336]]]]}},{"type":"Feature","properties":{"code":"91"},"geometry":{"type":"MultiPolygon","coordinates":[[[[99.288,6.487],[99.284,6.482],[99.301,6.487],[99.307,6.48],[99.311,6.483],[99.307,6.496],[99.288,6.487]]],[[[99.175,6.516],[99.185,6.523],[99.178,6.524],[99.163,6.537],[99.157,6.541],[99.155,6.526],[99.175,6.516]]],[[[99.276,6.577],[99.274,6.555],[99.286,6.52],[99.284,6.509],[99.312,6.511],[99.315,6.509],[99.323,6.524],[99.322,6.547],[99.326,6.552],[99.314,6.557],[99.316,6.564],[99.297,6.565],[99.276,6.577]]],[[[99.188,6.56],[99.181,6.554],[99.181,6.546],[99.165,6.553],[99.164,6.548],[99.172,6.541],[99.184,6.54],[99.191,6.547],[99.202,6.539],[99.204,6.543],[99.218,6.538],[99.229,6.546],[99.257,6.556],[99.256,6.575],[99.247,6.583],[99.215,6.575],[99.193,6.577],[99.188,6.56]]],[[[99.544,6.831],[99.528,6.834],[99.525,6.828],[99.534,6.823],[99.544,6.831]]],[[[99.694,6.532],[99.699,6.546],[99.698,6.558],[99.692,6.561],[99.694,6.602],[99.692,6.608],[99.689,6.601],[99.679,6.616],[99.678,6.626],[99.681,6.641],[99.686,6.639],[99.682,6.642],[99.685,6.684],[99.679,6.689],[99.678,6.7],[99.67,6.696],[99.664,6.716],[99.647,6.739],[99.641,6.734],[99.642,6.726],[99.641,6.705],[99.657,6.707],[99.656,6.704],[99.645,6.703],[99.637,6.67],[99.629,6.669],[99.627,6.662],[99.62,6.665],[99.615,6.66],[99.619,6.646],[99.614,6.622],[99.61,6.614],[99.6,6.611],[99.597,6.597],[99.615,6.566],[99.626,6.564],[99.638,6.548],[99.644,6.519],[99.653,6.503],[99.66,6.505],[99.666,6.514],[99.673,6.512],[99.668,6.525],[99.677,6.539],[99.681,6.535],[99.686,6.537],[99.69,6.529],[99.694,6.532]]],[[[100.046,7.063],[100.018,7.056],[99.999,7.06],[99.97,7.085],[99.926,7.141],[99.918,7.139],[99.911,7.11],[99.896,7.079],[99.877,7.066],[99.866,7.068],[99.847,7.081],[99.831,7.101],[99.822,7.124],[99.826,7.139],[99.823,7.145],[99.811,7.146],[99.776,7.127],[99.734,7.129],[99.736,7.113],[99.713,7.101],[99.718,7.096],[99.711,7.079],[99.701,7.066],[99.697,7.077],[99.67,7.041],[99.684,7.013],[99.67,7.004],[99.677,6.979],[99.685,6.977],[99.683,6.961],[99.689,6.952],[99.681,6.941],[99.688,6.905],[99.678,6.9],[99.686,6.895],[99.698,6.866],[99.697,6.856],[99.717,6.859],[99.745,6.844],[99.755,6.833],[99.757,6.838],[99.764,6.835],[99.772,6.843],[99.777,6.84],[99.798,6.813],[99.807,6.773],[99.816,6.77],[99.826,6.777],[99.843,6.777],[99.871,6.744],[99.869,6.737],[99.877,6.721],[99.904,6.722],[99.915,6.714],[99.907,6.706],[99.915,6.703],[99.923,6.69],[99.92,6.676],[99.926,6.667],[99.935,6.657],[99.946,6.662],[99.957,6.657],[99.965,6.637],[99.975,6.629],[99.962,6.616],[99.954,6.62],[99.95,6.617],[99.951,6.583],[99.985,6.607],[100.011,6.558],[100.059,6.517],[100.064,6.516],[100.067,6.522],[100.078,6.557],[100.089,6.551],[100.099,6.535],[100.099,6.517],[100.093,6.513],[100.091,6.501],[100.084,6.497],[100.088,6.494],[100.102,6.497],[100.119,6.443],[100.12,6.423],[100.134,6.429],[100.136,6.444],[100.148,6.452],[100.146,6.469],[100.159,6.481],[100.154,6.485],[100.161,6.493],[100.155,6.522],[100.154,6.557],[100.16,6.563],[100.157,6.579],[100.166,6.57],[100.172,6.574],[100.176,6.567],[100.177,6.572],[100.184,6.573],[100.184,6.58],[100.178,6.592],[100.181,6.602],[100.17,6.609],[100.166,6.632],[100.168,6.648],[100.181,6.654],[100.18,6.68],[100.171,6.693],[100.178,6.696],[100.186,6.717],[100.205,6.726],[100.212,6.75],[100.192,6.786],[100.192,6.798],[100.22,6.869],[100.217,6.88],[100.196,6.904],[100.122,6.929],[100.101,6.958],[100.081,6.975],[100.071,6.996],[100.072,7.021],[100.068,7.039],[100.046,7.063]]]]}}]}